"RelativePath"                                                                , "Width", "Height", "Format"
"coordinateNotify.dds"                                                        , "64"   , "64"    , "dds"
"damage\scorch_01.dds"                                                        , "512"  , "512"   , "dds"
"editor\marker_generic.bmp"                                                   , "32"   , "32"    , "bmp"
"editor\marker_mass.bmp"                                                      , "32"   , "32"    , "bmp"
"effects\AeonBuildSpecular.dds"                                               , "256"  , "256"   , "dds"
"effects\CybranBuildSpecular.dds"                                             , "64"   , "64"    , "dds"
"effects\SeraphimBuildSpecular.dds"                                           , "256"  , "256"   , "dds"
"effects\UEFBuildSpecular.dds"                                                , "64"   , "64"    , "dds"
"engine\anisotropiclookup.dds"                                                , "256"  , "256"   , "dds"
"engine\b_fails_to_load.dds"                                                  , "64"   , "64"    , "dds"
"engine\b_placeholder.dds"                                                    , "64"   , "64"    , "dds"
"engine\BlackSkirt.dds"                                                       , "16"   , "16"    , "dds"
"engine\Cloud01.DDS"                                                          , "1024" , "1024"  , "dds"
"engine\Cloud02.DDS"                                                          , "1024" , "1024"  , "dds"
"engine\Cloud03.DDS"                                                          , "1024" , "1024"  , "dds"
"engine\Cloud04.DDS"                                                          , "1024" , "1024"  , "dds"
"engine\decalMask.dds"                                                        , "512"  , "512"   , "dds"
"engine\editor_gizmo.dds"                                                     , "256"  , "256"   , "dds"
"engine\editor_group_gizmo.dds"                                               , "256"  , "256"   , "dds"
"engine\FoamTest001.dds"                                                      , "512"  , "512"   , "dds"
"engine\FoamTest002.dds"                                                      , "512"  , "512"   , "dds"
"engine\FoamTest003.dds"                                                      , "512"  , "512"   , "dds"
"engine\FoamTest004.dds"                                                      , "512"  , "512"   , "dds"
"engine\GridTest.DDS"                                                         , "512"  , "512"   , "dds"
"engine\insectlookup.dds"                                                     , "256"  , "256"   , "dds"
"engine\SkyBoxTest01.dds"                                                     , "512"  , "512"   , "dds"
"engine\underConstruction.dds"                                                , "256"  , "256"   , "dds"
"engine\waterCubemap.dds"                                                     , "512"  , "512"   , "dds"
"engine\waterFresnel.dds"                                                     , "256"  , "1"     , "dds"
"engine\waterramp_desert.dds"                                                 , "256"  , "4"     , "dds"
"engine\waterramp_desert02.dds"                                               , "256"  , "4"     , "dds"
"engine\waterramp_desert03.dds"                                               , "256"  , "4"     , "dds"
"engine\waterramp_desert03a.dds"                                              , "256"  , "4"     , "dds"
"engine\waterramp_eg.dds"                                                     , "256"  , "4"     , "dds"
"engine\waterramp_evergreen02.dds"                                            , "256"  , "4"     , "dds"
"engine\waterramp_FS2.dds"                                                    , "256"  , "4"     , "dds"
"engine\waterramp_lava.dds"                                                   , "256"  , "4"     , "dds"
"engine\waterramp_redrock.dds"                                                , "256"  , "4"     , "dds"
"engine\waterramp_redrock01.dds"                                              , "256"  , "4"     , "dds"
"engine\waterramp_redrock02.dds"                                              , "256"  , "4"     , "dds"
"engine\waterramp_redrock03.dds"                                              , "256"  , "4"     , "dds"
"engine\waterramp_tropical.dds"                                               , "256"  , "4"     , "dds"
"engine\waterramp_tropical02.dds"                                             , "256"  , "4"     , "dds"
"engine\waterramp_tundra.dds"                                                 , "256"  , "4"     , "dds"
"engine\waterramp.dds"                                                        , "256"  , "4"     , "dds"
"engine\waterramp03_Eop5.dds"                                                 , "256"  , "4"     , "dds"
"engine\waterrampSwamp01.dds"                                                 , "256"  , "4"     , "dds"
"engine\waterrampSwamp02.dds"                                                 , "256"  , "4"     , "dds"
"engine\waves.dds"                                                            , "256"  , "256"   , "dds"
"engine\waves000.dds"                                                         , "256"  , "256"   , "dds"
"engine\waves001.dds"                                                         , "256"  , "256"   , "dds"
"engine\waves6.dds"                                                           , "256"  , "256"   , "dds"
"engine\waves7.dds"                                                           , "512"  , "512"   , "dds"
"engine\wavesbump.dds"                                                        , "256"  , "256"   , "dds"
"environment\blackbackground.dds"                                             , "16"   , "16"    , "dds"
"environment\BrightCloud.dds"                                                 , "512"  , "512"   , "dds"
"environment\Capella_bmp.dds"                                                 , "1024" , "1024"  , "dds"
"environment\cirrus000.dds"                                                   , "256"  , "256"   , "dds"
"environment\cirrus001_512.dds"                                               , "512"  , "512"   , "dds"
"environment\cumulus000.dds"                                                  , "1024" , "1024"  , "dds"
"environment\cumulusDispersion000.dds"                                        , "256"  , "1"     , "dds"
"environment\cumulusRamp000.dds"                                              , "256"  , "1"     , "dds"
"environment\Decal_test_Albedo000.dds"                                        , "256"  , "256"   , "dds"
"environment\Decal_test_Albedo001.dds"                                        , "256"  , "256"   , "dds"
"environment\Decal_test_Albedo003.dds"                                        , "512"  , "512"   , "dds"
"environment\Decal_test_Albedo004.dds"                                        , "512"  , "512"   , "dds"
"environment\Decal_test_Glow000.dds"                                          , "256"  , "256"   , "dds"
"environment\Decal_test_Glow001.dds"                                          , "256"  , "256"   , "dds"
"environment\Decal_test_Glow003.dds"                                          , "512"  , "512"   , "dds"
"environment\Decal_test_Glow004.dds"                                          , "512"  , "512"   , "dds"
"environment\DefaultBackground.dds"                                           , "1024" , "1024"  , "dds"
"environment\DefaultEnvCube_TEST.dds"                                         , "512"  , "512"   , "dds"
"environment\DefaultEnvCube.dds"                                              , "512"  , "512"   , "dds"
"environment\DefaultSkyCube.dds"                                              , "512"  , "512"   , "dds"
"environment\dissolve.dds"                                                    , "256"  , "256"   , "dds"
"environment\Earth_bmp.dds"                                                   , "1024" , "1024"  , "dds"
"environment\EnvCube_aeon_aliencrystal.dds"                                   , "128"  , "128"   , "dds"
"environment\EnvCube_aeon_desert.dds"                                         , "128"  , "128"   , "dds"
"environment\EnvCube_aeon_Evergreen.dds"                                      , "128"  , "128"   , "dds"
"environment\EnvCube_aeon_geothermal.dds"                                     , "128"  , "128"   , "dds"
"environment\EnvCube_aeon_lava.dds"                                           , "128"  , "128"   , "dds"
"environment\EnvCube_aeon_RedRocks.dds"                                       , "128"  , "128"   , "dds"
"environment\EnvCube_aeon_tropical.dds"                                       , "128"  , "128"   , "dds"
"environment\EnvCube_aeon_tundra.dds"                                         , "128"  , "128"   , "dds"
"environment\EnvCube_Desert01a.dds"                                           , "512"  , "512"   , "dds"
"environment\EnvCube_Desert02a.dds"                                           , "512"  , "512"   , "dds"
"environment\EnvCube_Desert03a.dds"                                           , "512"  , "512"   , "dds"
"environment\EnvCube_Evergreen01a.dds"                                        , "512"  , "512"   , "dds"
"environment\EnvCube_Evergreen03a.dds"                                        , "512"  , "512"   , "dds"
"environment\EnvCube_Evergreen05a.dds"                                        , "512"  , "512"   , "dds"
"environment\EnvCube_Geothermal02a.dds"                                       , "512"  , "512"   , "dds"
"environment\EnvCube_Lava01a.dds"                                             , "512"  , "512"   , "dds"
"environment\EnvCube_RedRocks05a.dds"                                         , "512"  , "512"   , "dds"
"environment\EnvCube_RedRocks06.dds"                                          , "512"  , "512"   , "dds"
"environment\EnvCube_RedRocks08a.dds"                                         , "512"  , "512"   , "dds"
"environment\EnvCube_RedRocks09a.dds"                                         , "512"  , "512"   , "dds"
"environment\EnvCube_RedRocks10.dds"                                          , "512"  , "512"   , "dds"
"environment\EnvCube_Scx1Proto02.dds"                                         , "512"  , "512"   , "dds"
"environment\EnvCube_seraphim_aliencrystal.dds"                               , "128"  , "128"   , "dds"
"environment\EnvCube_seraphim_desert.dds"                                     , "128"  , "128"   , "dds"
"environment\EnvCube_seraphim_Evergreen.dds"                                  , "128"  , "128"   , "dds"
"environment\EnvCube_seraphim_geothermal.dds"                                 , "128"  , "128"   , "dds"
"environment\EnvCube_seraphim_lava.dds"                                       , "128"  , "128"   , "dds"
"environment\EnvCube_seraphim_redrocks.dds"                                   , "128"  , "128"   , "dds"
"environment\EnvCube_seraphim_tropical.dds"                                   , "128"  , "128"   , "dds"
"environment\EnvCube_seraphim_tundra.dds"                                     , "128"  , "128"   , "dds"
"environment\EnvCube_Tropical01a.dds"                                         , "512"  , "512"   , "dds"
"environment\EnvCube_TropicalOp06a.dds"                                       , "512"  , "512"   , "dds"
"environment\EnvCube_Tundra02a.dds"                                           , "512"  , "512"   , "dds"
"environment\EnvCube_Tundra03a.dds"                                           , "512"  , "512"   , "dds"
"environment\EnvCube_Tundra04a.dds"                                           , "512"  , "512"   , "dds"
"environment\Eridani_bmp.dds"                                                 , "1024" , "1024"  , "dds"
"environment\Falloff_seraphim_lookup.dds"                                     , "512"  , "512"   , "dds"
"environment\horizonLookup.dds"                                               , "128"  , "4"     , "dds"
"environment\Luthien_bmp.dds"                                                 , "1024" , "1024"  , "dds"
"environment\Matar_bmp.dds"                                                   , "1024" , "1024"  , "dds"
"environment\Minerva_bmp.dds"                                                 , "1024" , "1024"  , "dds"
"environment\moonAlbedo000.dds"                                               , "256"  , "256"   , "dds"
"environment\moonGlow000.dds"                                                 , "256"  , "256"   , "dds"
"environment\Orionis_bmp.dds"                                                 , "1024" , "1024"  , "dds"
"environment\Pisces IV_bmp.dds"                                               , "1024" , "1024"  , "dds"
"environment\Pollux_bmp.dds"                                                  , "1024" , "1024"  , "dds"
"environment\Procyon_bmp.dds"                                                 , "1024" , "1024"  , "dds"
"environment\reveal.dds"                                                      , "32"   , "32"    , "dds"
"environment\Rigel_bmp.dds"                                                   , "1024" , "1024"  , "dds"
"environment\SkyCube_blue.dds"                                                , "512"  , "512"   , "dds"
"environment\SkyCube_Desert01.dds"                                            , "512"  , "512"   , "dds"
"environment\SkyCube_Desert01a.dds"                                           , "512"  , "512"   , "dds"
"environment\SkyCube_Desert02.dds"                                            , "512"  , "512"   , "dds"
"environment\SkyCube_Desert02a.dds"                                           , "512"  , "512"   , "dds"
"environment\SkyCube_Desert03a.dds"                                           , "512"  , "512"   , "dds"
"environment\SkyCube_Evergreen01.dds"                                         , "512"  , "512"   , "dds"
"environment\SkyCube_Evergreen01a.dds"                                        , "512"  , "512"   , "dds"
"environment\SkyCube_Evergreen02.dds"                                         , "512"  , "512"   , "dds"
"environment\SkyCube_Evergreen03.dds"                                         , "512"  , "512"   , "dds"
"environment\SkyCube_Evergreen03a.dds"                                        , "512"  , "512"   , "dds"
"environment\SkyCube_Evergreen05a.dds"                                        , "512"  , "512"   , "dds"
"environment\SkyCube_EvStormy.dds"                                            , "512"  , "512"   , "dds"
"environment\SkyCube_Geothermal01.dds"                                        , "512"  , "512"   , "dds"
"environment\SkyCube_Geothermal02.dds"                                        , "512"  , "512"   , "dds"
"environment\SkyCube_Geothermal02a.dds"                                       , "512"  , "512"   , "dds"
"environment\SkyCube_Lava01.dds"                                              , "512"  , "512"   , "dds"
"environment\SkyCube_Lava01a.dds"                                             , "512"  , "512"   , "dds"
"environment\SkyCube_Leipzig_Demo.dds"                                        , "512"  , "512"   , "dds"
"environment\SkyCube_RedRock03.dds"                                           , "512"  , "512"   , "dds"
"environment\SkyCube_RedRocks01.dds"                                          , "512"  , "512"   , "dds"
"environment\SkyCube_RedRocks02.dds"                                          , "512"  , "512"   , "dds"
"environment\SkyCube_RedRocks02a.dds"                                         , "512"  , "512"   , "dds"
"environment\SkyCube_RedRocks03.dds"                                          , "512"  , "512"   , "dds"
"environment\SkyCube_RedRocks04.dds"                                          , "512"  , "512"   , "dds"
"environment\SkyCube_RedRocks05.dds"                                          , "512"  , "512"   , "dds"
"environment\SkyCube_RedRocks05a.dds"                                         , "512"  , "512"   , "dds"
"environment\SkyCube_RedRocks06.dds"                                          , "512"  , "512"   , "dds"
"environment\SkyCube_RedRocks08a.dds"                                         , "512"  , "512"   , "dds"
"environment\SkyCube_RedRocks09a.dds"                                         , "512"  , "512"   , "dds"
"environment\SkyCube_RedRocks10.dds"                                          , "512"  , "512"   , "dds"
"environment\SkyCube_Scx1Proto01.dds"                                         , "512"  , "512"   , "dds"
"environment\SkyCube_Scx1Proto02.dds"                                         , "512"  , "512"   , "dds"
"environment\SkyCube_Tropical01.DDS"                                          , "512"  , "512"   , "dds"
"environment\SkyCube_Tropical01a.dds"                                         , "512"  , "512"   , "dds"
"environment\SkyCube_Tropical04.DDS"                                          , "512"  , "512"   , "dds"
"environment\SkyCube_TropicalOp06.DDS"                                        , "512"  , "512"   , "dds"
"environment\SkyCube_TropicalOp06a.dds"                                       , "512"  , "512"   , "dds"
"environment\SkyCube_Tundra01.dds"                                            , "512"  , "512"   , "dds"
"environment\SkyCube_Tundra02.dds"                                            , "512"  , "512"   , "dds"
"environment\SkyCube_Tundra02a.dds"                                           , "512"  , "512"   , "dds"
"environment\SkyCube_Tundra03.dds"                                            , "512"  , "512"   , "dds"
"environment\SkyCube_Tundra03a.dds"                                           , "512"  , "512"   , "dds"
"environment\SkyCube_Tundra04a.dds"                                           , "512"  , "512"   , "dds"
"environment\Thiban_bmp.dds"                                                  , "1024" , "1024"  , "dds"
"environment\Zeta Canis_bmp.dds"                                              , "1024" , "1024"  , "dds"
"highlight_bracket_enemy_sm.dds"                                              , "64"   , "64"    , "dds"
"highlight_bracket_neutral_sm.dds"                                            , "64"   , "64"    , "dds"
"highlight_bracket_player_sm.dds"                                             , "64"   , "64"    , "dds"
"particles\_ramp_firetest_02.dds"                                             , "256"  , "16"    , "dds"
"particles\_ramp_firetest.dds"                                                , "256"  , "16"    , "dds"
"particles\_ramp_gatesparks.dds"                                              , "256"  , "16"    , "dds"
"particles\_ramp_gatesparks2.dds"                                             , "256"  , "16"    , "dds"
"particles\_swirl01.dds"                                                      , "128"  , "128"   , "dds"
"particles\_swirl02.dds"                                                      , "128"  , "128"   , "dds"
"particles\_swirl03.dds"                                                      , "128"  , "128"   , "dds"
"particles\_swirl04.dds"                                                      , "128"  , "128"   , "dds"
"particles\_swirl05.dds"                                                      , "128"  , "128"   , "dds"
"particles\_test_cloud_nuke03.dds"                                            , "128"  , "512"   , "dds"
"particles\_test_cloud_smoke_alpha_02.dds"                                    , "256"  , "256"   , "dds"
"particles\_test_cloud_smoke_alpha_03.dds"                                    , "256"  , "256"   , "dds"
"particles\a_ramp_gas_test_01.dds"                                            , "256"  , "4"     , "dds"
"particles\adjacency_aeon_beam_01.dds"                                        , "32"   , "32"    , "dds"
"particles\adjacency_aeon_beam_02.dds"                                        , "32"   , "32"    , "dds"
"particles\adjacency_aeon_beam_03.dds"                                        , "32"   , "32"    , "dds"
"particles\aeon_gunship_chassis_01.dds"                                       , "128"  , "128"   , "dds"
"particles\aeon_plasma01.dds"                                                 , "256"  , "256"   , "dds"
"particles\aeon_plasma02.dds"                                                 , "512"  , "512"   , "dds"
"particles\aeon_plasma03.dds"                                                 , "256"  , "256"   , "dds"
"particles\aeon_ring_distort_01.dds"                                          , "256"  , "256"   , "dds"
"particles\air_contrail_01.dds"                                               , "32"   , "32"    , "dds"
"particles\air_contrail_02.dds"                                               , "32"   , "32"    , "dds"
"particles\antimatter_01.dds"                                                 , "128"  , "128"   , "dds"
"particles\arc_mirror_01.dds"                                                 , "128"  , "128"   , "dds"
"particles\arc_streak_01.dds"                                                 , "256"  , "256"   , "dds"
"particles\arc_streak_02.dds"                                                 , "256"  , "256"   , "dds"
"particles\ash_alpha_01.dds"                                                  , "32"   , "128"   , "dds"
"particles\backwards_muzzle_flash_add_01.dds"                                 , "128"  , "128"   , "dds"
"particles\beam_blue_01.dds"                                                  , "32"   , "128"   , "dds"
"particles\beam_blue_02.dds"                                                  , "64"   , "128"   , "dds"
"particles\beam_blue_03.dds"                                                  , "128"  , "128"   , "dds"
"particles\beam_blue_04.dds"                                                  , "64"   , "128"   , "dds"
"particles\beam_cyan_03.dds"                                                  , "64"   , "128"   , "dds"
"particles\beam_data_01.dds"                                                  , "128"  , "128"   , "dds"
"particles\beam_disruptor.dds"                                                , "64"   , "64"    , "dds"
"particles\beam_exhaust_stream_blue_01.dds"                                   , "64"   , "128"   , "dds"
"particles\beam_exhaust_stream_green_01.dds"                                  , "64"   , "128"   , "dds"
"particles\beam_exhaust_stream_purple_01.dds"                                 , "64"   , "128"   , "dds"
"particles\beam_exhaust_stream_red_01.dds"                                    , "64"   , "128"   , "dds"
"particles\beam_green_01.dds"                                                 , "64"   , "128"   , "dds"
"particles\beam_green_02.dds"                                                 , "64"   , "128"   , "dds"
"particles\beam_missile_exhaust_01.dds"                                       , "64"   , "256"   , "dds"
"particles\beam_missile_exhaust_02.dds"                                       , "128"  , "128"   , "dds"
"particles\beam_missile_exhaust_03.dds"                                       , "64"   , "128"   , "dds"
"particles\beam_missile_exhaust_04.dds"                                       , "128"  , "128"   , "dds"
"particles\beam_phason_01.dds"                                                , "128"  , "128"   , "dds"
"particles\beam_red_01.dds"                                                   , "64"   , "128"   , "dds"
"particles\beam_red_02.dds"                                                   , "32"   , "128"   , "dds"
"particles\beam_red_03.dds"                                                   , "32"   , "64"    , "dds"
"particles\beam_red_04.dds"                                                   , "64"   , "512"   , "dds"
"particles\beam_red_05.dds"                                                   , "64"   , "512"   , "dds"
"particles\beam_red_06.dds"                                                   , "128"  , "1024"  , "dds"
"particles\beam_red_07.dds"                                                   , "32"   , "64"    , "dds"
"particles\beam_shell_01.dds"                                                 , "64"   , "64"    , "dds"
"particles\beam_uef_hiro_01.dds"                                              , "64"   , "128"   , "dds"
"particles\beam_uef_orbital_01.dds"                                           , "64"   , "128"   , "dds"
"particles\beam_ultrachrom_01.dds"                                            , "128"  , "128"   , "dds"
"particles\beam_white_01.dds"                                                 , "256"  , "256"   , "dds"
"particles\beam_white_02.dds"                                                 , "64"   , "64"    , "dds"
"particles\beam_white_03.dds"                                                 , "128"  , "128"   , "dds"
"particles\beam_white_04.dds"                                                 , "128"  , "128"   , "dds"
"particles\beam_white_05.dds"                                                 , "128"  , "128"   , "dds"
"particles\beam_white_06.dds"                                                 , "64"   , "64"    , "dds"
"particles\beam_white_07.dds"                                                 , "64"   , "64"    , "dds"
"particles\beam_yellow_01.dds"                                                , "64"   , "128"   , "dds"
"particles\beam_zapper_01.dds"                                                , "64"   , "512"   , "dds"
"particles\blast_cloud_01.dds"                                                , "256"  , "256"   , "dds"
"particles\blobs_01.dds"                                                      , "128"  , "128"   , "dds"
"particles\blurry_rectangle_add_01.dds"                                       , "64"   , "64"    , "dds"
"particles\bomb_blue_aeon_add_01.dds"                                         , "128"  , "128"   , "dds"
"particles\bubble_01.dds"                                                     , "128"  , "128"   , "dds"
"particles\bubble_02.dds"                                                     , "128"  , "128"   , "dds"
"particles\bubble_03.dds"                                                     , "128"  , "128"   , "dds"
"particles\build_laser_add_01.dds"                                            , "128"  , "128"   , "dds"
"particles\build_paint_spray_01.dds"                                          , "256"  , "64"    , "dds"
"particles\build_shield_01.dds"                                               , "128"  , "128"   , "dds"
"particles\circuitboard_01.dds"                                               , "128"  , "512"   , "dds"
"particles\cirrus_01.dds"                                                     , "512"  , "512"   , "dds"
"particles\cirrus_02.dds"                                                     , "512"  , "512"   , "dds"
"particles\cirrus_03.dds"                                                     , "512"  , "512"   , "dds"
"particles\cirrus_04.dds"                                                     , "512"  , "512"   , "dds"
"particles\cirrus_strip.dds"                                                  , "512"  , "1024"  , "dds"
"particles\cloud_alpha_01.dds"                                                , "256"  , "256"   , "dds"
"particles\cloud_puff_alpha_01.dds"                                           , "64"   , "64"    , "dds"
"particles\cloud_smoke_alpha_01.dds"                                          , "256"  , "256"   , "dds"
"particles\cloud_smoke_alpha_02.dds"                                          , "256"  , "256"   , "dds"
"particles\cloud_smoke_alpha_03.dds"                                          , "256"  , "256"   , "dds"
"particles\cloud_smoke_alpha_04.dds"                                          , "128"  , "512"   , "dds"
"particles\cloud_smoke_alpha_05.dds"                                          , "128"  , "512"   , "dds"
"particles\cloud_smoke_alpha_08.dds"                                          , "256"  , "256"   , "dds"
"particles\cloud_smoke_alpha_09.dds"                                          , "128"  , "128"   , "dds"
"particles\cloud_smoke_alpha_10.dds"                                          , "256"  , "256"   , "dds"
"particles\cloud_smoke_alpha_11.dds"                                          , "256"  , "256"   , "dds"
"particles\cloud_smoke_alpha_12_blur.dds"                                     , "256"  , "256"   , "dds"
"particles\cloud_smoke_alpha_12.dds"                                          , "256"  , "256"   , "dds"
"particles\cloud_smoke_alpha_13.dds"                                          , "128"  , "128"   , "dds"
"particles\cloud_smoke_alpha_14.dds"                                          , "256"  , "256"   , "dds"
"particles\cloud_smoke_alpha_15.dds"                                          , "256"  , "256"   , "dds"
"particles\cloud_smoke_alpha_16.dds"                                          , "256"  , "1024"  , "dds"
"particles\cloud_smoke_alpha_17.dds"                                          , "256"  , "1024"  , "dds"
"particles\cloud_smoke_alpha_18.dds"                                          , "256"  , "256"   , "dds"
"particles\cloud_smoke_alpha_19.dds"                                          , "128"  , "512"   , "dds"
"particles\cloud_speck_alpha_01.dds"                                          , "64"   , "64"    , "dds"
"particles\cloud_strip_01.dds"                                                , "256"  , "512"   , "dds"
"particles\cloud_white_alpha_01.dds"                                          , "256"  , "256"   , "dds"
"particles\corona_02.dds"                                                     , "256"  , "256"   , "dds"
"particles\corona_03.dds"                                                     , "256"  , "256"   , "dds"
"particles\corona.dds"                                                        , "256"  , "256"   , "dds"
"particles\crystal_debris01.dds"                                              , "256"  , "256"   , "dds"
"particles\curvetrail_beam_particle_01.dds"                                   , "64"   , "64"    , "dds"
"particles\dark_purple_01.dds"                                                , "256"  , "4"     , "dds"
"particles\debris_alpha_01.dds"                                               , "256"  , "256"   , "dds"
"particles\debris_alpha_02.dds"                                               , "32"   , "512"   , "dds"
"particles\debris_alpha_03.dds"                                               , "256"  , "256"   , "dds"
"particles\debris_alpha_04.dds"                                               , "256"  , "256"   , "dds"
"particles\debris_scorch_alpha_01.dds"                                        , "256"  , "256"   , "dds"
"particles\debris_scorch_alpha_02.dds"                                        , "256"  , "256"   , "dds"
"particles\dirt_chunks_02.dds"                                                , "128"  , "128"   , "dds"
"particles\dirt_chunks_03.dds"                                                , "64"   , "64"    , "dds"
"particles\dirt_chunks_04.dds"                                                , "128"  , "128"   , "dds"
"particles\dirt_chunks_05.dds"                                                , "64"   , "64"    , "dds"
"particles\dirt_chunks_06.dds"                                                , "128"  , "128"   , "dds"
"particles\dirt_chunks.dds"                                                   , "128"  , "128"   , "dds"
"particles\dirt_debris01.dds"                                                 , "256"  , "256"   , "dds"
"particles\dirt_spray_01.dds"                                                 , "256"  , "256"   , "dds"
"particles\dirt_spray_02.dds"                                                 , "256"  , "256"   , "dds"
"particles\dirt_spray_03.dds"                                                 , "256"  , "256"   , "dds"
"particles\disk_white_01.dds"                                                 , "256"  , "256"   , "dds"
"particles\disk_white_02.dds"                                                 , "256"  , "256"   , "dds"
"particles\disk_white_03.dds"                                                 , "256"  , "256"   , "dds"
"particles\distort_ring_02.dds"                                               , "256"  , "256"   , "dds"
"particles\distorted_ring.dds"                                                , "256"  , "256"   , "dds"
"particles\dust_cloud_01.dds"                                                 , "128"  , "128"   , "dds"
"particles\dust_cloud_02.dds"                                                 , "128"  , "128"   , "dds"
"particles\dust_cloud_03.dds"                                                 , "128"  , "128"   , "dds"
"particles\dust_cloud_04.dds"                                                 , "64"   , "64"    , "dds"
"particles\dust_cloud_05.dds"                                                 , "128"  , "128"   , "dds"
"particles\electric_split_01.dds"                                             , "128"  , "128"   , "dds"
"particles\electricity_01.dds"                                                , "64"   , "512"   , "dds"
"particles\electricity_02.dds"                                                , "128"  , "256"   , "dds"
"particles\electricity_03.dds"                                                , "128"  , "128"   , "dds"
"particles\electricity_04.dds"                                                , "128"  , "128"   , "dds"
"particles\electricity_05.dds"                                                , "128"  , "128"   , "dds"
"particles\electricity_06.dds"                                                , "256"  , "256"   , "dds"
"particles\electricity_07.dds"                                                , "64"   , "64"    , "dds"
"particles\electricity_08.dds"                                                , "256"  , "1024"  , "dds"
"particles\electricity_09.dds"                                                , "256"  , "512"   , "dds"
"particles\electricity_beam_01.dds"                                           , "128"  , "512"   , "dds"
"particles\electricity_beam_02.dds"                                           , "256"  , "512"   , "dds"
"particles\electricity_beam_03.dds"                                           , "256"  , "512"   , "dds"
"particles\electricity_beam_04.dds"                                           , "256"  , "512"   , "dds"
"particles\electricity_bolts_add_01.dds"                                      , "128"  , "512"   , "dds"
"particles\electricity_bolts_add_02.dds"                                      , "128"  , "512"   , "dds"
"particles\electricity_ring_02.dds"                                           , "256"  , "256"   , "dds"
"particles\electricity_ring.dds"                                              , "128"  , "128"   , "dds"
"particles\electricity_stream_01.dds"                                         , "128"  , "128"   , "dds"
"particles\electron_bolter_flash_01.dds"                                      , "128"  , "256"   , "dds"
"particles\electron_burst_cloud_mod_01.dds"                                   , "256"  , "256"   , "dds"
"particles\energy_01.dds"                                                     , "256"  , "256"   , "dds"
"particles\explosion_add_01.dds"                                              , "64"   , "128"   , "dds"
"particles\fake_shadow_01.dds"                                                , "128"  , "128"   , "dds"
"particles\fake_shadow_napalm_add.dds"                                        , "128"  , "128"   , "dds"
"particles\fake_shadow_napalm.dds"                                            , "128"  , "128"   , "dds"
"particles\fire_cloud_add_01.dds"                                             , "64"   , "128"   , "dds"
"particles\fire_cloud_add_02.dds"                                             , "256"  , "256"   , "dds"
"particles\fire_cloud_alpha_01.dds"                                           , "128"  , "128"   , "dds"
"particles\fire_cloud_alpha_02.dds"                                           , "128"  , "128"   , "dds"
"particles\fire_cloud_alpha_03.dds"                                           , "256"  , "256"   , "dds"
"particles\fire_cloud_premod_01.dds"                                          , "256"  , "256"   , "dds"
"particles\fire_cloud_premod_02.dds"                                          , "128"  , "256"   , "dds"
"particles\fire_cloud_premod_03.dds"                                          , "128"  , "128"   , "dds"
"particles\fire_cloud_premod_04.dds"                                          , "256"  , "256"   , "dds"
"particles\fire_cloud_premod_05.dds"                                          , "256"  , "256"   , "dds"
"particles\fire_explode_01.dds"                                               , "128"  , "128"   , "dds"
"particles\fire_flame_add_01.dds"                                             , "128"  , "128"   , "dds"
"particles\fire_flame_add_02.dds"                                             , "128"  , "384"   , "dds"
"particles\fire_flame_add_03.dds"                                             , "256"  , "256"   , "dds"
"particles\fire_flame_add_04.dds"                                             , "256"  , "256"   , "dds"
"particles\fire_flame_add_05.dds"                                             , "256"  , "1024"  , "dds"
"particles\fire_flame_premod_add_01.dds"                                      , "128"  , "128"   , "dds"
"particles\fire_multiply_01.dds"                                              , "256"  , "256"   , "dds"
"particles\fireball.dds"                                                      , "1024" , "128"   , "dds"
"particles\flare_01.dds"                                                      , "256"  , "256"   , "dds"
"particles\flare_lens_add_01.dds"                                             , "64"   , "64"    , "dds"
"particles\flare_lens_add_02.dds"                                             , "128"  , "128"   , "dds"
"particles\flare_lens_add_03.dds"                                             , "128"  , "128"   , "dds"
"particles\frontal_glow_01.dds"                                               , "64"   , "64"    , "dds"
"particles\gas_alpha_01.dds"                                                  , "256"  , "256"   , "dds"
"particles\gatling_plasma_munition_01.dds"                                    , "512"  , "64"    , "dds"
"particles\gatling_plasma_munition_02.dds"                                    , "512"  , "64"    , "dds"
"particles\gatling_plasma_munition_03.dds"                                    , "512"  , "64"    , "dds"
"particles\geyser_01.dds"                                                     , "256"  , "256"   , "dds"
"particles\glow_01.dds"                                                       , "256"  , "256"   , "dds"
"particles\glow_02.dds"                                                       , "256"  , "256"   , "dds"
"particles\glow_03.dds"                                                       , "128"  , "128"   , "dds"
"particles\glow_04.dds"                                                       , "256"  , "256"   , "dds"
"particles\glow_05.dds"                                                       , "256"  , "256"   , "dds"
"particles\glow_alpha_01.dds"                                                 , "256"  , "256"   , "dds"
"particles\glow_alpha_03.dds"                                                 , "128"  , "128"   , "dds"
"particles\glow_offset.dds"                                                   , "256"  , "256"   , "dds"
"particles\glow_streak_red.dds"                                               , "32"   , "128"   , "dds"
"particles\glow_streak.dds"                                                   , "128"  , "128"   , "dds"
"particles\glow.dds"                                                          , "128"  , "128"   , "dds"
"particles\half_moon_01.dds"                                                  , "256"  , "256"   , "dds"
"particles\half_moon_blue_01.dds"                                             , "256"  , "256"   , "dds"
"particles\halfmoon_gauss_cannon_01.dds"                                      , "256"  , "256"   , "dds"
"particles\halo.dds"                                                          , "256"  , "256"   , "dds"
"particles\heavy_plasma_shot.dds"                                             , "16"   , "256"   , "dds"
"particles\heavy_quarnoncannon_muzzle_flash_01.dds"                           , "128"  , "384"   , "dds"
"particles\heavy_quarnoncannon_muzzle_flash_02.dds"                           , "128"  , "128"   , "dds"
"particles\heavy_quarnoncannon_trail_01.dds"                                  , "256"  , "256"   , "dds"
"particles\heavy_quarnoncannon_trail_02.dds"                                  , "256"  , "256"   , "dds"
"particles\heavy_quarnoncannon_trail_03.dds"                                  , "256"  , "256"   , "dds"
"particles\ice_chunks_01.dds"                                                 , "128"  , "128"   , "dds"
"particles\infected_glow_01.dds"                                              , "128"  , "128"   , "dds"
"particles\laser_lens_flare_02.dds"                                           , "128"  , "128"   , "dds"
"particles\line_orange_add_01.dds"                                            , "64"   , "64"    , "dds"
"particles\line_white_add_01.dds"                                             , "64"   , "64"    , "dds"
"particles\line_white_add_02.dds"                                             , "128"  , "128"   , "dds"
"particles\line_white_add_03.dds"                                             , "16"   , "16"    , "dds"
"particles\line_white_add_04.dds"                                             , "128"  , "128"   , "dds"
"particles\line_white_add_05.dds"                                             , "256"  , "256"   , "dds"
"particles\line_white_add_06.dds"                                             , "128"  , "128"   , "dds"
"particles\line_white_add_07.dds"                                             , "128"  , "128"   , "dds"
"particles\line_white_add_08.dds"                                             , "256"  , "256"   , "dds"
"particles\line_white_add_09.dds"                                             , "128"  , "128"   , "dds"
"particles\line_white_add_10.dds"                                             , "256"  , "256"   , "dds"
"particles\line_white_add_11.dds"                                             , "128"  , "512"   , "dds"
"particles\line_white_add_12.dds"                                             , "512"  , "512"   , "dds"
"particles\line_white_add_13.dds"                                             , "128"  , "128"   , "dds"
"particles\line_white_add_14.dds"                                             , "128"  , "128"   , "dds"
"particles\line_white_add_15.dds"                                             , "256"  , "256"   , "dds"
"particles\line_white_alpha_04.dds"                                           , "128"  , "128"   , "dds"
"particles\line_white_premod_01.dds"                                          , "128"  , "128"   , "dds"
"particles\line_white_premod_02.dds"                                          , "64"   , "64"    , "dds"
"particles\line_white_premod_03.dds"                                          , "128"  , "384"   , "dds"
"particles\miasma_alpha_01.dds"                                               , "256"  , "256"   , "dds"
"particles\miasma_mod_01.dds"                                                 , "256"  , "256"   , "dds"
"particles\miasma_mod_02.dds"                                                 , "256"  , "256"   , "dds"
"particles\missile_exhaust_fire_01.dds"                                       , "64"   , "128"   , "dds"
"particles\molecular_01.dds"                                                  , "256"  , "256"   , "dds"
"particles\molecular_ripper_01.dds"                                           , "64"   , "64"    , "dds"
"particles\moon_glow.dds"                                                     , "128"  , "128"   , "dds"
"particles\mudpot_bubble_anim_01.dds"                                         , "512"  , "64"    , "dds"
"particles\muzzle_flash_add_01.dds"                                           , "128"  , "128"   , "dds"
"particles\muzzle_flash_add_02.dds"                                           , "128"  , "128"   , "dds"
"particles\muzzle_flash_add_03.dds"                                           , "128"  , "128"   , "dds"
"particles\muzzle_flash_add_04.dds"                                           , "128"  , "128"   , "dds"
"particles\muzzle_flash_add_05.dds"                                           , "128"  , "128"   , "dds"
"particles\muzzle_flash_add_06.dds"                                           , "256"  , "256"   , "dds"
"particles\muzzle_flash_add_07.dds"                                           , "128"  , "128"   , "dds"
"particles\muzzle_flash_add_08.dds"                                           , "128"  , "128"   , "dds"
"particles\muzzle_flash_add_09.dds"                                           , "128"  , "128"   , "dds"
"particles\muzzle_flash_cool_01.dds"                                          , "64"   , "64"    , "dds"
"particles\muzzle_flash_strip_add_01.dds"                                     , "128"  , "384"   , "dds"
"particles\muzzle_flash_strip_add_02.dds"                                     , "128"  , "384"   , "dds"
"particles\nano_dart_trail.dds"                                               , "32"   , "256"   , "dds"
"particles\napalm_thick_smoke.dds"                                            , "128"  , "128"   , "dds"
"particles\neutron_bomb_01.dds"                                               , "128"  , "128"   , "dds"
"particles\neutron_bomb_02.dds"                                               , "128"  , "128"   , "dds"
"particles\oilslick_01.dds"                                                   , "256"  , "256"   , "dds"
"particles\outrush01.dds"                                                     , "256"  , "256"   , "dds"
"particles\outrush02.dds"                                                     , "256"  , "256"   , "dds"
"particles\outrush03.dds"                                                     , "256"  , "256"   , "dds"
"particles\phalanx_munition_01.dds"                                           , "512"  , "64"    , "dds"
"particles\plasma_02.dds"                                                     , "256"  , "256"   , "dds"
"particles\plasma_03.dds"                                                     , "256"  , "256"   , "dds"
"particles\plasma_alpha_01.dds"                                               , "128"  , "128"   , "dds"
"particles\plasma_alpha_03.dds"                                               , "128"  , "128"   , "dds"
"particles\plasma_alpha_04.dds"                                               , "128"  , "128"   , "dds"
"particles\plasma_alpha_05.dds"                                               , "128"  , "128"   , "dds"
"particles\plasma_alpha_06.dds"                                               , "128"  , "128"   , "dds"
"particles\plasma_cannon_01.dds"                                              , "32"   , "256"   , "dds"
"particles\plasma_green_add_01.dds"                                           , "128"  , "128"   , "dds"
"particles\plasma_green_add_02.dds"                                           , "128"  , "128"   , "dds"
"particles\plasma_green_add_03.dds"                                           , "128"  , "128"   , "dds"
"particles\plasma_green_add_04.dds"                                           , "128"  , "128"   , "dds"
"particles\plasma_green_add_05.dds"                                           , "128"  , "128"   , "dds"
"particles\plasma_line_add_01.dds"                                            , "324"  , "324"   , "dds"
"particles\plasma_red_add_01.dds"                                             , "128"  , "128"   , "dds"
"particles\plasma_red_add_02.dds"                                             , "128"  , "128"   , "dds"
"particles\plasma_red_add_03.dds"                                             , "256"  , "256"   , "dds"
"particles\plasma_trail_01.dds"                                               , "128"  , "32"    , "dds"
"particles\plasma_white_add_01.dds"                                           , "128"  , "128"   , "dds"
"particles\plasma_white_premod_01.dds"                                        , "128"  , "128"   , "dds"
"particles\plasma01.dds"                                                      , "256"  , "256"   , "dds"
"particles\proton_cannon_flash_01.dds"                                        , "128"  , "256"   , "dds"
"particles\proton_red_add_01.dds"                                             , "128"  , "128"   , "dds"
"particles\proton_yellow_add_01.dds"                                          , "128"  , "128"   , "dds"
"particles\quantum_beam_01.dds"                                               , "64"   , "256"   , "dds"
"particles\quantum_beamlines_01.dds"                                          , "128"  , "128"   , "dds"
"particles\quantum_blue_add_04.dds"                                           , "128"  , "128"   , "dds"
"particles\quantum_cannon_trail_01.dds"                                       , "64"   , "256"   , "dds"
"particles\quantum_displacement_mod_01.dds"                                   , "256"  , "256"   , "dds"
"particles\quantum_displacement_mod_02.dds"                                   , "256"  , "256"   , "dds"
"particles\quantum_generator_add_01.dds"                                      , "128"  , "128"   , "dds"
"particles\quantum_generator_add_02.dds"                                      , "128"  , "128"   , "dds"
"particles\quantum_generator_add_03.dds"                                      , "128"  , "128"   , "dds"
"particles\quantum_plasma_01.dds"                                             , "128"  , "128"   , "dds"
"particles\quantum_plasma_ring01.dds"                                         , "128"  , "128"   , "dds"
"particles\quantum_ring_01.dds"                                               , "256"  , "256"   , "dds"
"particles\quantum_ring_02.dds"                                               , "256"  , "256"   , "dds"
"particles\quantum_ring_03.dds"                                               , "128"  , "128"   , "dds"
"particles\quantum_ring_04.dds"                                               , "128"  , "128"   , "dds"
"particles\radial_rays_01.dds"                                                , "128"  , "128"   , "dds"
"particles\radial_rays_bright_01.dds"                                         , "128"  , "128"   , "dds"
"particles\railgun_flash_01.dds"                                              , "128"  , "256"   , "dds"
"particles\railgun_trail_01.dds"                                              , "32"   , "32"    , "dds"
"particles\rainfall_01.dds"                                                   , "512"  , "512"   , "dds"
"particles\ramp_aeon_01.dds"                                                  , "256"  , "4"     , "dds"
"particles\ramp_aeon_02.dds"                                                  , "256"  , "4"     , "dds"
"particles\ramp_antimatter_01.dds"                                            , "256"  , "4"     , "dds"
"particles\ramp_antimatter_02.dds"                                            , "256"  , "4"     , "dds"
"particles\ramp_antimatter_mod2x_01.dds"                                      , "256"  , "4"     , "dds"
"particles\ramp_black_01.dds"                                                 , "256"  , "4"     , "dds"
"particles\ramp_black_02.dds"                                                 , "256"  , "4"     , "dds"
"particles\ramp_black_03.dds"                                                 , "256"  , "4"     , "dds"
"particles\ramp_black_04.dds"                                                 , "256"  , "4"     , "dds"
"particles\ramp_black_05.dds"                                                 , "256"  , "4"     , "dds"
"particles\ramp_black_grey_01.dds"                                            , "256"  , "4"     , "dds"
"particles\ramp_blue_01.dds"                                                  , "256"  , "4"     , "dds"
"particles\ramp_blue_02.dds"                                                  , "256"  , "4"     , "dds"
"particles\ramp_blue_03.dds"                                                  , "128"  , "4"     , "dds"
"particles\ramp_blue_04.dds"                                                  , "256"  , "4"     , "dds"
"particles\ramp_blue_05.dds"                                                  , "256"  , "4"     , "dds"
"particles\ramp_blue_06.dds"                                                  , "256"  , "4"     , "dds"
"particles\ramp_blue_07.dds"                                                  , "256"  , "4"     , "dds"
"particles\ramp_blue_08.dds"                                                  , "256"  , "4"     , "dds"
"particles\ramp_blue_09.dds"                                                  , "256"  , "4"     , "dds"
"particles\ramp_blue_10.dds"                                                  , "256"  , "64"    , "dds"
"particles\ramp_blue_11.dds"                                                  , "256"  , "4"     , "dds"
"particles\ramp_blue_12.dds"                                                  , "256"  , "4"     , "dds"
"particles\ramp_blue_13.dds"                                                  , "256"  , "4"     , "dds"
"particles\ramp_blue_14.dds"                                                  , "256"  , "4"     , "dds"
"particles\ramp_blue_15.dds"                                                  , "256"  , "4"     , "dds"
"particles\ramp_blue_16.dds"                                                  , "256"  , "4"     , "dds"
"particles\ramp_blue_17.dds"                                                  , "256"  , "4"     , "dds"
"particles\ramp_blue_18.dds"                                                  , "512"  , "32"    , "dds"
"particles\ramp_blue_19.dds"                                                  , "256"  , "4"     , "dds"
"particles\ramp_blue_20.dds"                                                  , "256"  , "16"    , "dds"
"particles\ramp_blue_21.dds"                                                  , "256"  , "12"    , "dds"
"particles\ramp_blue_22.dds"                                                  , "256"  , "4"     , "dds"
"particles\ramp_blue_23.dds"                                                  , "256"  , "4"     , "dds"
"particles\ramp_blue_24.dds"                                                  , "256"  , "4"     , "dds"
"particles\ramp_blue_25.dds"                                                  , "256"  , "4"     , "dds"
"particles\ramp_blue_26.dds"                                                  , "256"  , "4"     , "dds"
"particles\ramp_blue_27.dds"                                                  , "256"  , "4"     , "dds"
"particles\ramp_blue_28.dds"                                                  , "256"  , "4"     , "dds"
"particles\ramp_blue_29.dds"                                                  , "256"  , "4"     , "dds"
"particles\ramp_blue_30.dds"                                                  , "256"  , "4"     , "dds"
"particles\ramp_blue_build_spray.dds"                                         , "64"   , "4"     , "dds"
"particles\ramp_blue_green.dds"                                               , "64"   , "4"     , "dds"
"particles\ramp_blue_orange_01.dds"                                           , "256"  , "8"     , "dds"
"particles\ramp_blue_yellow_01.dds"                                           , "256"  , "4"     , "dds"
"particles\ramp_blue_yellow_02.dds"                                           , "256"  , "4"     , "dds"
"particles\ramp_brown_01.dds"                                                 , "256"  , "4"     , "dds"
"particles\ramp_brown_02.dds"                                                 , "256"  , "4"     , "dds"
"particles\ramp_brown_03.dds"                                                 , "256"  , "4"     , "dds"
"particles\ramp_brown_04.dds"                                                 , "256"  , "4"     , "dds"
"particles\ramp_brown_05.dds"                                                 , "256"  , "4"     , "dds"
"particles\ramp_brown_06.dds"                                                 , "256"  , "4"     , "dds"
"particles\ramp_brown_07.dds"                                                 , "256"  , "4"     , "dds"
"particles\ramp_brown_08.dds"                                                 , "256"  , "4"     , "dds"
"particles\ramp_brown_09.dds"                                                 , "256"  , "4"     , "dds"
"particles\ramp_brown_10.dds"                                                 , "256"  , "4"     , "dds"
"particles\ramp_brown_11.dds"                                                 , "256"  , "4"     , "dds"
"particles\ramp_brown_12.dds"                                                 , "256"  , "4"     , "dds"
"particles\ramp_brown_13.dds"                                                 , "256"  , "4"     , "dds"
"particles\ramp_chrono_dampener.dds"                                          , "256"  , "4"     , "dds"
"particles\ramp_cloud_01.dds"                                                 , "128"  , "4"     , "dds"
"particles\ramp_cloud_02.dds"                                                 , "512"  , "16"    , "dds"
"particles\ramp_cloud_03.dds"                                                 , "512"  , "16"    , "dds"
"particles\ramp_color_build_spray.dds"                                        , "128"  , "4"     , "dds"
"particles\ramp_contrail_01.dds"                                              , "256"  , "4"     , "dds"
"particles\ramp_contrail_02.dds"                                              , "256"  , "4"     , "dds"
"particles\ramp_cyan_build_spray.dds"                                         , "64"   , "4"     , "dds"
"particles\ramp_cybran_missile_01.dds"                                        , "128"  , "16"    , "dds"
"particles\ramp_disintegrator_01.dds"                                         , "256"  , "32"    , "dds"
"particles\ramp_disintegrator_02.dds"                                         , "256"  , "16"    , "dds"
"particles\ramp_electron_burst_cloud_01.dds"                                  , "256"  , "4"     , "dds"
"particles\ramp_electron_polytrail_01.dds"                                    , "128"  , "16"    , "dds"
"particles\ramp_energy_01.dds"                                                , "64"   , "4"     , "dds"
"particles\ramp_fire_01.dds"                                                  , "256"  , "4"     , "dds"
"particles\ramp_fire_02.dds"                                                  , "256"  , "4"     , "dds"
"particles\ramp_fire_03.dds"                                                  , "256"  , "4"     , "dds"
"particles\ramp_fire_04.dds"                                                  , "256"  , "4"     , "dds"
"particles\ramp_fire_05.dds"                                                  , "256"  , "4"     , "dds"
"particles\ramp_fire_06.dds"                                                  , "256"  , "4"     , "dds"
"particles\ramp_fire_07.dds"                                                  , "256"  , "4"     , "dds"
"particles\ramp_fire_08.dds"                                                  , "256"  , "4"     , "dds"
"particles\ramp_fire_09.dds"                                                  , "256"  , "4"     , "dds"
"particles\ramp_fire_11.dds"                                                  , "256"  , "4"     , "dds"
"particles\ramp_fire_12.dds"                                                  , "256"  , "16"    , "dds"
"particles\ramp_fire_13.dds"                                                  , "256"  , "4"     , "dds"
"particles\ramp_fire_14.dds"                                                  , "256"  , "16"    , "dds"
"particles\ramp_fire_red_01.dds"                                              , "256"  , "4"     , "dds"
"particles\ramp_fire_smoke_01.dds"                                            , "256"  , "4"     , "dds"
"particles\ramp_fire_smoke_03.dds"                                            , "256"  , "4"     , "dds"
"particles\ramp_fire_tall_01.dds"                                             , "4"    , "256"   , "dds"
"particles\ramp_flare_01.dds"                                                 , "256"  , "4"     , "dds"
"particles\ramp_flare_02.dds"                                                 , "256"  , "4"     , "dds"
"particles\ramp_gate_01.dds"                                                  , "128"  , "4"     , "dds"
"particles\ramp_green_01.dds"                                                 , "16"   , "4"     , "dds"
"particles\ramp_green_02.dds"                                                 , "128"  , "4"     , "dds"
"particles\ramp_green_03.dds"                                                 , "128"  , "4"     , "dds"
"particles\ramp_green_05.dds"                                                 , "128"  , "16"    , "dds"
"particles\ramp_green_06.dds"                                                 , "256"  , "16"    , "dds"
"particles\ramp_green_07.dds"                                                 , "256"  , "16"    , "dds"
"particles\ramp_green_08.dds"                                                 , "128"  , "4"     , "dds"
"particles\ramp_green_09.dds"                                                 , "128"  , "8"     , "dds"
"particles\ramp_green_10.dds"                                                 , "128"  , "4"     , "dds"
"particles\ramp_green_11.dds"                                                 , "128"  , "16"    , "dds"
"particles\ramp_green_12.dds"                                                 , "128"  , "8"     , "dds"
"particles\ramp_green_build_spray.dds"                                        , "64"   , "4"     , "dds"
"particles\ramp_grey_01.dds"                                                  , "256"  , "4"     , "dds"
"particles\ramp_grey_02.dds"                                                  , "256"  , "4"     , "dds"
"particles\ramp_grey_03.dds"                                                  , "256"  , "4"     , "dds"
"particles\ramp_jammer_01.dds"                                                , "256"  , "12"    , "dds"
"particles\ramp_lightblue_build_spray.dds"                                    , "64"   , "4"     , "dds"
"particles\ramp_lightning_01.dds"                                             , "256"  , "4"     , "dds"
"particles\ramp_miasma_01.dds"                                                , "256"  , "4"     , "dds"
"particles\ramp_napalm_fire.dds"                                              , "256"  , "4"     , "dds"
"particles\ramp_napalm_thick_smoke.dds"                                       , "256"  , "4"     , "dds"
"particles\ramp_nuke_01.dds"                                                  , "256"  , "4"     , "dds"
"particles\ramp_nuke_02.dds"                                                  , "256"  , "4"     , "dds"
"particles\ramp_nuke_03.dds"                                                  , "256"  , "4"     , "dds"
"particles\ramp_nuke_04.dds"                                                  , "256"  , "4"     , "dds"
"particles\ramp_orang_blue_01.dds"                                            , "256"  , "8"     , "dds"
"particles\ramp_orang_blue_02.dds"                                            , "256"  , "8"     , "dds"
"particles\ramp_orange_01.dds"                                                , "16"   , "4"     , "dds"
"particles\ramp_orange_02.dds"                                                , "512"  , "4"     , "dds"
"particles\ramp_orange_03.dds"                                                , "16"   , "4"     , "dds"
"particles\ramp_overcharge_modinv.dds"                                        , "256"  , "4"     , "dds"
"particles\ramp_peach_build_spray.dds"                                        , "64"   , "4"     , "dds"
"particles\ramp_phalanx_munition_01.dds"                                      , "32"   , "256"   , "dds"
"particles\ramp_phalanx_premod.dds"                                           , "256"  , "4"     , "dds"
"particles\ramp_plasma_mod_01.dds"                                            , "256"  , "4"     , "dds"
"particles\ramp_proton_artillery_01.dds"                                      , "256"  , "16"    , "dds"
"particles\ramp_proton_artillery_02.dds"                                      , "256"  , "16"    , "dds"
"particles\ramp_proton_flash_02.dds"                                          , "256"  , "4"     , "dds"
"particles\ramp_proton_flash.dds"                                             , "256"  , "4"     , "dds"
"particles\ramp_pulsar_01.dds"                                                , "256"  , "4"     , "dds"
"particles\ramp_purple_01.dds"                                                , "256"  , "4"     , "dds"
"particles\ramp_purple_02.dds"                                                , "256"  , "4"     , "dds"
"particles\ramp_purple_03.dds"                                                , "256"  , "4"     , "dds"
"particles\ramp_purple_04.dds"                                                , "256"  , "4"     , "dds"
"particles\ramp_purple_05.dds"                                                , "256"  , "4"     , "dds"
"particles\ramp_purple_06.dds"                                                , "256"  , "4"     , "dds"
"particles\ramp_purple_07.dds"                                                , "256"  , "4"     , "dds"
"particles\ramp_purple_08.dds"                                                , "256"  , "4"     , "dds"
"particles\ramp_purple_11.dds"                                                , "256"  , "4"     , "dds"
"particles\ramp_purple_build_spray.dds"                                       , "64"   , "4"     , "dds"
"particles\ramp_purple_to_white_01.dds"                                       , "256"  , "4"     , "dds"
"particles\ramp_quantum_01.dds"                                               , "512"  , "8"     , "dds"
"particles\ramp_quantum_gate.dds"                                             , "64"   , "8"     , "dds"
"particles\ramp_quantum_warhead_flash_01.dds"                                 , "512"  , "4"     , "dds"
"particles\ramp_railgun_01.dds"                                               , "256"  , "4"     , "dds"
"particles\ramp_reacton_01.dds"                                               , "256"  , "4"     , "dds"
"particles\ramp_reacton_02.dds"                                               , "256"  , "4"     , "dds"
"particles\ramp_reacton_03.dds"                                               , "256"  , "4"     , "dds"
"particles\ramp_red_01.dds"                                                   , "16"   , "4"     , "dds"
"particles\ramp_red_02.dds"                                                   , "256"  , "4"     , "dds"
"particles\ramp_red_03.dds"                                                   , "256"  , "4"     , "dds"
"particles\ramp_red_04.dds"                                                   , "256"  , "16"    , "dds"
"particles\ramp_red_05.dds"                                                   , "128"  , "16"    , "dds"
"particles\ramp_red_06.dds"                                                   , "256"  , "4"     , "dds"
"particles\ramp_red_07.dds"                                                   , "16"   , "4"     , "dds"
"particles\ramp_red_08.dds"                                                   , "32"   , "4"     , "dds"
"particles\ramp_red_09.dds"                                                   , "256"  , "4"     , "dds"
"particles\ramp_red_10.dds"                                                   , "16"   , "4"     , "dds"
"particles\ramp_red_11.dds"                                                   , "256"  , "4"     , "dds"
"particles\ramp_red_12.dds"                                                   , "256"  , "4"     , "dds"
"particles\ramp_red_13.dds"                                                   , "256"  , "4"     , "dds"
"particles\ramp_red_14.dds"                                                   , "256"  , "4"     , "dds"
"particles\ramp_red_build_spray.dds"                                          , "64"   , "4"     , "dds"
"particles\ramp_riotgun_01.dds"                                               , "32"   , "256"   , "dds"
"particles\ramp_riotgun_02.dds"                                               , "32"   , "256"   , "dds"
"particles\ramp_riotgun_03.dds"                                               , "32"   , "256"   , "dds"
"particles\ramp_rust_01.dds"                                                  , "256"  , "4"     , "dds"
"particles\ramp_rust_02.dds"                                                  , "256"  , "4"     , "dds"
"particles\ramp_rust_03.dds"                                                  , "256"  , "4"     , "dds"
"particles\ramp_saint_01.dds"                                                 , "256"  , "4"     , "dds"
"particles\ramp_sand_01.dds"                                                  , "256"  , "4"     , "dds"
"particles\ramp_sand_02.dds"                                                  , "256"  , "4"     , "dds"
"particles\ramp_ser_01_reverse.dds"                                           , "256"  , "4"     , "dds"
"particles\ramp_ser_01.dds"                                                   , "256"  , "4"     , "dds"
"particles\ramp_ser_02.dds"                                                   , "256"  , "4"     , "dds"
"particles\ramp_ser_03.dds"                                                   , "256"  , "4"     , "dds"
"particles\ramp_ser_04.dds"                                                   , "256"  , "12"    , "dds"
"particles\ramp_ser_05.dds"                                                   , "256"  , "16"    , "dds"
"particles\ramp_ser_06.dds"                                                   , "256"  , "12"    , "dds"
"particles\ramp_ser_07.dds"                                                   , "256"  , "12"    , "dds"
"particles\ramp_ser_08.dds"                                                   , "256"  , "12"    , "dds"
"particles\ramp_ser_09.dds"                                                   , "256"  , "4"     , "dds"
"particles\ramp_ser_10.dds"                                                   , "256"  , "12"    , "dds"
"particles\ramp_ser_11.dds"                                                   , "256"  , "4"     , "dds"
"particles\ramp_ser_12.dds"                                                   , "256"  , "4"     , "dds"
"particles\ramp_ser_13.dds"                                                   , "256"  , "12"    , "dds"
"particles\ramp_smoke_01.dds"                                                 , "256"  , "4"     , "dds"
"particles\ramp_smoke_02.dds"                                                 , "256"  , "4"     , "dds"
"particles\ramp_smoke_03.dds"                                                 , "256"  , "4"     , "dds"
"particles\ramp_smoke_04.dds"                                                 , "256"  , "4"     , "dds"
"particles\ramp_smoke_05.dds"                                                 , "256"  , "4"     , "dds"
"particles\ramp_smoke_exhaust_01.dds"                                         , "256"  , "4"     , "dds"
"particles\ramp_sonic_pulse_01.dds"                                           , "256"  , "16"    , "dds"
"particles\ramp_sonic_pulse_02.dds"                                           , "128"  , "4"     , "dds"
"particles\ramp_tan_01.dds"                                                   , "256"  , "4"     , "dds"
"particles\ramp_tan_02.dds"                                                   , "256"  , "4"     , "dds"
"particles\ramp_tan_03.dds"                                                   , "256"  , "4"     , "dds"
"particles\ramp_tan_04.dds"                                                   , "256"  , "4"     , "dds"
"particles\ramp_test.dds"                                                     , "256"  , "8"     , "dds"
"particles\ramp_trail_01.dds"                                                 , "508"  , "128"   , "dds"
"particles\ramp_trail_02.dds"                                                 , "508"  , "128"   , "dds"
"particles\ramp_trail_03.dds"                                                 , "508"  , "128"   , "dds"
"particles\ramp_trail_04.dds"                                                 , "508"  , "128"   , "dds"
"particles\ramp_trail_05.dds"                                                 , "508"  , "128"   , "dds"
"particles\ramp_trail_06.dds"                                                 , "256"  , "64"    , "dds"
"particles\ramp_trail_07.dds"                                                 , "512"  , "128"   , "dds"
"particles\ramp_trail_08.dds"                                                 , "128"  , "32"    , "dds"
"particles\ramp_trail_09.dds"                                                 , "256"  , "12"    , "dds"
"particles\ramp_trail_10.dds"                                                 , "256"  , "12"    , "dds"
"particles\ramp_trail_11.dds"                                                 , "256"  , "12"    , "dds"
"particles\ramp_trail_12.dds"                                                 , "128"  , "32"    , "dds"
"particles\ramp_trail_13.dds"                                                 , "256"  , "32"    , "dds"
"particles\ramp_trail_14.dds"                                                 , "128"  , "32"    , "dds"
"particles\ramp_trail_15.dds"                                                 , "256"  , "12"    , "dds"
"particles\ramp_trail_16.dds"                                                 , "508"  , "128"   , "dds"
"particles\ramp_trail_17.dds"                                                 , "256"  , "12"    , "dds"
"particles\ramp_trail_18.dds"                                                 , "508"  , "128"   , "dds"
"particles\ramp_trail_aeon_01.dds"                                            , "256"  , "64"    , "dds"
"particles\ramp_trail_purple_01.dds"                                          , "512"  , "128"   , "dds"
"particles\ramp_trail_purple_02.dds"                                          , "128"  , "32"    , "dds"
"particles\ramp_trail_red_01.dds"                                             , "128"  , "32"    , "dds"
"particles\ramp_trail_ser_01.dds"                                             , "256"  , "64"    , "dds"
"particles\ramp_trail_ser_02.dds"                                             , "256"  , "64"    , "dds"
"particles\ramp_trail_ser_03.dds"                                             , "256"  , "64"    , "dds"
"particles\ramp_water_01.dds"                                                 , "256"  , "4"     , "dds"
"particles\ramp_water_02.dds"                                                 , "64"   , "4"     , "dds"
"particles\ramp_water_03.dds"                                                 , "256"  , "64"    , "dds"
"particles\ramp_water_04.dds"                                                 , "256"  , "4"     , "dds"
"particles\ramp_water_05.dds"                                                 , "256"  , "4"     , "dds"
"particles\ramp_water_06.dds"                                                 , "256"  , "4"     , "dds"
"particles\ramp_water_07.dds"                                                 , "256"  , "4"     , "dds"
"particles\ramp_water_08.dds"                                                 , "256"  , "4"     , "dds"
"particles\ramp_white_01.dds"                                                 , "256"  , "4"     , "dds"
"particles\ramp_white_02.dds"                                                 , "256"  , "4"     , "dds"
"particles\ramp_white_03.dds"                                                 , "256"  , "4"     , "dds"
"particles\ramp_white_04.dds"                                                 , "256"  , "4"     , "dds"
"particles\ramp_white_05.dds"                                                 , "256"  , "4"     , "dds"
"particles\ramp_white_06.dds"                                                 , "256"  , "4"     , "dds"
"particles\ramp_white_07.dds"                                                 , "256"  , "4"     , "dds"
"particles\ramp_white_08.dds"                                                 , "256"  , "4"     , "dds"
"particles\ramp_white_09.dds"                                                 , "256"  , "4"     , "dds"
"particles\ramp_white_10.dds"                                                 , "512"  , "4"     , "dds"
"particles\ramp_white_11.dds"                                                 , "512"  , "4"     , "dds"
"particles\ramp_white_12.dds"                                                 , "512"  , "64"    , "dds"
"particles\ramp_white_13.dds"                                                 , "256"  , "4"     , "dds"
"particles\ramp_white_14.dds"                                                 , "256"  , "4"     , "dds"
"particles\ramp_white_15.dds"                                                 , "128"  , "4"     , "dds"
"particles\ramp_white_19.dds"                                                 , "512"  , "4"     , "dds"
"particles\ramp_white_20.dds"                                                 , "256"  , "4"     , "dds"
"particles\ramp_white_21.dds"                                                 , "256"  , "16"    , "dds"
"particles\ramp_white_22.dds"                                                 , "256"  , "4"     , "dds"
"particles\ramp_white_23.dds"                                                 , "256"  , "4"     , "dds"
"particles\ramp_white_24.dds"                                                 , "256"  , "4"     , "dds"
"particles\ramp_white_25.dds"                                                 , "256"  , "4"     , "dds"
"particles\ramp_white_26.dds"                                                 , "256"  , "4"     , "dds"
"particles\ramp_white_27.dds"                                                 , "256"  , "4"     , "dds"
"particles\ramp_white_28.dds"                                                 , "256"  , "64"    , "dds"
"particles\ramp_white_29.dds"                                                 , "256"  , "64"    , "dds"
"particles\ramp_white_build_spray.dds"                                        , "64"   , "4"     , "dds"
"particles\ramp_white_mod_01.dds"                                             , "256"  , "4"     , "dds"
"particles\ramp_white_orange_01.dds"                                          , "256"  , "8"     , "dds"
"particles\ramp_white_orange_lllf.dds"                                        , "256"  , "8"     , "dds"
"particles\ramp_white_premod_01.dds"                                          , "256"  , "4"     , "dds"
"particles\ramp_white_premod_02.dds"                                          , "256"  , "4"     , "dds"
"particles\ramp_white_premod_03_even.dds"                                     , "256"  , "4"     , "dds"
"particles\ramp_white_premod_03.dds"                                          , "256"  , "4"     , "dds"
"particles\ramp_white_to_purple_01.dds"                                       , "256"  , "4"     , "dds"
"particles\ramp_yellow_01.dds"                                                , "256"  , "4"     , "dds"
"particles\ramp_yellow_02.dds"                                                , "128"  , "16"    , "dds"
"particles\ramp_yellow_03.dds"                                                , "128"  , "16"    , "dds"
"particles\ramp_yellow_04.dds"                                                , "256"  , "4"     , "dds"
"particles\ramp_yellow_05.dds"                                                , "256"  , "4"     , "dds"
"particles\ramp_yellow_06.dds"                                                , "256"  , "4"     , "dds"
"particles\ramp_yellow_blue_01.dds"                                           , "256"  , "4"     , "dds"
"particles\ramp_yellow_build_spray.dds"                                       , "64"   , "4"     , "dds"
"particles\ramp_yellow_purple_01.dds"                                         , "256"  , "4"     , "dds"
"particles\ramp_yellow_purple_03.dds"                                         , "256"  , "4"     , "dds"
"particles\ramp_yellow_to_purple_01.dds"                                      , "256"  , "4"     , "dds"
"particles\reacton_cannon_trail_01.dds"                                       , "64"   , "256"   , "dds"
"particles\reacton_hit_flare_01.dds"                                          , "256"  , "256"   , "dds"
"particles\ring_01.dds"                                                       , "256"  , "256"   , "dds"
"particles\ring_02.dds"                                                       , "256"  , "256"   , "dds"
"particles\ring_03.dds"                                                       , "512"  , "512"   , "dds"
"particles\ring_04.dds"                                                       , "512"  , "512"   , "dds"
"particles\ring_05.dds"                                                       , "512"  , "512"   , "dds"
"particles\ring_06.dds"                                                       , "256"  , "256"   , "dds"
"particles\ring_07.dds"                                                       , "256"  , "256"   , "dds"
"particles\ring_08.dds"                                                       , "256"  , "256"   , "dds"
"particles\ring_09.dds"                                                       , "128"  , "128"   , "dds"
"particles\ring_10.dds"                                                       , "128"  , "128"   , "dds"
"particles\ring_11.dds"                                                       , "512"  , "512"   , "dds"
"particles\ring_12.dds"                                                       , "256"  , "256"   , "dds"
"particles\ring_13.dds"                                                       , "512"  , "512"   , "dds"
"particles\ring_14.dds"                                                       , "512"  , "512"   , "dds"
"particles\ring_15.dds"                                                       , "512"  , "512"   , "dds"
"particles\ring_16.dds"                                                       , "512"  , "512"   , "dds"
"particles\ring_distort_01.dds"                                               , "256"  , "256"   , "dds"
"particles\ring_texture.dds"                                                  , "256"  , "256"   , "dds"
"particles\ring_white_01.dds"                                                 , "256"  , "256"   , "dds"
"particles\ring_white_02.dds"                                                 , "256"  , "256"   , "dds"
"particles\ring_white_03.dds"                                                 , "256"  , "256"   , "dds"
"particles\ring_white_04.dds"                                                 , "256"  , "256"   , "dds"
"particles\ring_white_05.dds"                                                 , "256"  , "256"   , "dds"
"particles\ring_white_06.dds"                                                 , "256"  , "256"   , "dds"
"particles\riotgun_beam_01.dds"                                               , "512"  , "64"    , "dds"
"particles\riotgun_munition_01.dds"                                           , "512"  , "64"    , "dds"
"particles\riotgun_munition_02.dds"                                           , "512"  , "64"    , "dds"
"particles\riotgun_munition_03.dds"                                           , "512"  , "64"    , "dds"
"particles\riotgun_munition_04.dds"                                           , "64"   , "64"    , "dds"
"particles\riotgun_munition_05.dds"                                           , "512"  , "64"    , "dds"
"particles\riotgun_munition_06.dds"                                           , "512"  , "64"    , "dds"
"particles\riotgun_munition_07.dds"                                           , "512"  , "64"    , "dds"
"particles\riotgun_munition_08.dds"                                           , "128"  , "64"    , "dds"
"particles\riotgun_munition_09.dds"                                           , "128"  , "64"    , "dds"
"particles\ser_aireau_munition_01.dds"                                        , "1024" , "128"   , "dds"
"particles\ser_aireau_munition_02.dds"                                        , "1024" , "128"   , "dds"
"particles\ser_aireau_munition_03.dds"                                        , "1024" , "128"   , "dds"
"particles\ser_contrail_01.dds"                                               , "64"   , "128"   , "dds"
"particles\ser_experimental_beam_01.dds"                                      , "512"  , "512"   , "dds"
"particles\ser_experimental_beam_02.dds"                                      , "512"  , "512"   , "dds"
"particles\ser_plasma_trail01.dds"                                            , "128"  , "256"   , "dds"
"particles\ser_plasma01.dds"                                                  , "256"  , "256"   , "dds"
"particles\ser_plasma02.dds"                                                  , "256"  , "256"   , "dds"
"particles\ser_plasma03.dds"                                                  , "256"  , "256"   , "dds"
"particles\ser_plasma04.dds"                                                  , "256"  , "256"   , "dds"
"particles\ser_plasma05.dds"                                                  , "256"  , "256"   , "dds"
"particles\ser_plasma06.dds"                                                  , "128"  , "128"   , "dds"
"particles\ser_plasma07.dds"                                                  , "256"  , "256"   , "dds"
"particles\ser_plasma08.dds"                                                  , "256"  , "256"   , "dds"
"particles\ser_plasma09.dds"                                                  , "256"  , "256"   , "dds"
"particles\ser_plasma10.dds"                                                  , "256"  , "256"   , "dds"
"particles\ser_plasma11.dds"                                                  , "256"  , "1024"  , "dds"
"particles\ser_plasma12.dds"                                                  , "512"  , "512"   , "dds"
"particles\ser_plasma13.dds"                                                  , "256"  , "256"   , "dds"
"particles\shell_01.dds"                                                      , "32"   , "32"    , "dds"
"particles\shrapnel_01.dds"                                                   , "256"  , "256"   , "dds"
"particles\smoke.dds"                                                         , "128"  , "128"   , "dds"
"particles\smokeramp.dds"                                                     , "256"  , "16"    , "dds"
"particles\sonic_gun.dds"                                                     , "128"  , "128"   , "dds"
"particles\sonic_pulsar.dds"                                                  , "128"  , "128"   , "dds"
"particles\sonic_pulse_01.dds"                                                , "32"   , "256"   , "dds"
"particles\spark_anim_01.dds"                                                 , "256"  , "64"    , "dds"
"particles\spark_anim_02.dds"                                                 , "512"  , "64"    , "dds"
"particles\sparkle_02.dds"                                                    , "256"  , "256"   , "dds"
"particles\sparkle_03.dds"                                                    , "512"  , "512"   , "dds"
"particles\sparkle_04.dds"                                                    , "512"  , "512"   , "dds"
"particles\sparkle_05.dds"                                                    , "512"  , "512"   , "dds"
"particles\sparkle_06.dds"                                                    , "512"  , "512"   , "dds"
"particles\sparkle_07.dds"                                                    , "128"  , "128"   , "dds"
"particles\sparkle_08.dds"                                                    , "128"  , "128"   , "dds"
"particles\sparkle_09.dds"                                                    , "128"  , "128"   , "dds"
"particles\sparkle_10.dds"                                                    , "512"  , "512"   , "dds"
"particles\sparkle_11.dds"                                                    , "256"  , "256"   , "dds"
"particles\sparkle_blue_add_01.dds"                                           , "128"  , "128"   , "dds"
"particles\sparkle_blue_add_02.dds"                                           , "64"   , "64"    , "dds"
"particles\sparkle_blue_add_03.dds"                                           , "128"  , "128"   , "dds"
"particles\sparkle_blue_add_05.dds"                                           , "256"  , "256"   , "dds"
"particles\sparkle_gold_alpha_01.dds"                                         , "128"  , "128"   , "dds"
"particles\sparkle_green_add_01.dds"                                          , "128"  , "128"   , "dds"
"particles\sparkle_green_add_02.dds"                                          , "128"  , "128"   , "dds"
"particles\sparkle_purple_add_05.dds"                                         , "256"  , "256"   , "dds"
"particles\sparkle_red_add_01.dds"                                            , "128"  , "128"   , "dds"
"particles\sparkle_red_add_02.dds"                                            , "128"  , "128"   , "dds"
"particles\sparkle_red_add_03.dds"                                            , "128"  , "128"   , "dds"
"particles\sparkle_red_add_04.dds"                                            , "128"  , "128"   , "dds"
"particles\sparkle_white_add_01.dds"                                          , "128"  , "128"   , "dds"
"particles\sparkle_white_add_02.dds"                                          , "128"  , "128"   , "dds"
"particles\sparkle_white_add_03.dds"                                          , "64"   , "64"    , "dds"
"particles\sparkle_white_add_04.dds"                                          , "16"   , "128"   , "dds"
"particles\sparkle_white_add_05.dds"                                          , "128"  , "128"   , "dds"
"particles\sparkle_white_add_06.dds"                                          , "128"  , "128"   , "dds"
"particles\sparkle_white_add_07.dds"                                          , "256"  , "256"   , "dds"
"particles\sparkle_white_add_08.dds"                                          , "128"  , "128"   , "dds"
"particles\sparkle_white_premod_04.dds"                                       , "16"   , "128"   , "dds"
"particles\sparkle_yellow_add_01.dds"                                         , "256"  , "256"   , "dds"
"particles\sparkle_yellow_add_02.dds"                                         , "256"  , "256"   , "dds"
"particles\sparks_01.dds"                                                     , "128"  , "256"   , "dds"
"particles\temporal_bubble_01.dds"                                            , "256"  , "256"   , "dds"
"particles\terran_transport_beam_01.dds"                                      , "64"   , "128"   , "dds"
"particles\terran_transport_beam_02.dds"                                      , "64"   , "128"   , "dds"
"particles\terran_transport_beam_03.dds"                                      , "64"   , "128"   , "dds"
"particles\test_marker_01.dds"                                                , "128"  , "128"   , "dds"
"particles\test_neutron_bomb_01.dds"                                          , "512"  , "512"   , "dds"
"particles\test_neutron_bomb_premod_01.dds"                                   , "512"  , "512"   , "dds"
"particles\test_ramp_red_blue_01.dds"                                         , "256"  , "16"    , "dds"
"particles\testramp.dds"                                                      , "256"  , "16"    , "dds"
"particles\trail_aeon_01.dds"                                                 , "128"  , "256"   , "dds"
"particles\trail_ser_01.dds"                                                  , "64"   , "256"   , "dds"
"particles\trail_ser_02.dds"                                                  , "64"   , "256"   , "dds"
"particles\trail_ser_03.dds"                                                  , "64"   , "256"   , "dds"
"particles\trail_ser_04.dds"                                                  , "64"   , "256"   , "dds"
"particles\trail_ser_05.dds"                                                  , "64"   , "256"   , "dds"
"particles\trail_ser_06.dds"                                                  , "64"   , "256"   , "dds"
"particles\trail_uef_01.dds"                                                  , "128"  , "256"   , "dds"
"particles\trail_white_01.dds"                                                , "32"   , "256"   , "dds"
"particles\trail_white_02_blankmips.dds"                                      , "32"   , "32"    , "dds"
"particles\trail_white_02.dds"                                                , "32"   , "32"    , "dds"
"particles\trail_white_03.dds"                                                , "32"   , "256"   , "dds"
"particles\trail_white_04.dds"                                                , "32"   , "32"    , "dds"
"particles\trail_white_05.dds"                                                , "32"   , "128"   , "dds"
"particles\transport_beam_03.dds"                                             , "32"   , "256"   , "dds"
"particles\UEF_adjacency_beam_01.dds"                                         , "64"   , "64"    , "dds"
"particles\uef_plasma_trail_01.dds"                                           , "64"   , "256"   , "dds"
"particles\under_water_bubble_01.dds"                                         , "128"  , "128"   , "dds"
"particles\vegetation_kickup_01.dds"                                          , "128"  , "128"   , "dds"
"particles\wake_back02.dds"                                                   , "128"  , "128"   , "dds"
"particles\water_bubbles.dds"                                                 , "32"   , "32"    , "dds"
"particles\water_churn_alpha_01.dds"                                          , "128"  , "128"   , "dds"
"particles\water_fire_premod_01.dds"                                          , "128"  , "128"   , "dds"
"particles\water_plume_alpha_01.dds"                                          , "1024" , "256"   , "dds"
"particles\water_plume_alpha_02.dds"                                          , "256"  , "256"   , "dds"
"particles\water_ripple_alpha_01.dds"                                         , "128"  , "128"   , "dds"
"particles\water_ripple_alpha_02.dds"                                         , "128"  , "128"   , "dds"
"particles\water_ripple_alpha_03.dds"                                         , "128"  , "128"   , "dds"
"particles\water_ripple_alpha_04.dds"                                         , "128"  , "128"   , "dds"
"particles\water_ripple_alpha_05.dds"                                         , "128"  , "128"   , "dds"
"particles\water_splash_alpha_01.dds"                                         , "128"  , "128"   , "dds"
"particles\water_splash_alpha_02.dds"                                         , "128"  , "128"   , "dds"
"particles\water_splash_alpha_03.dds"                                         , "128"  , "128"   , "dds"
"particles\water_splash_alpha_04.dds"                                         , "128"  , "128"   , "dds"
"particles\water_splash_alpha_05.dds"                                         , "128"  , "128"   , "dds"
"particles\water_splash_alpha_06.dds"                                         , "128"  , "128"   , "dds"
"particles\water_splash_alpha_07.dds"                                         , "128"  , "128"   , "dds"
"particles\water_splash_alpha_08.dds"                                         , "128"  , "128"   , "dds"
"particles\water_splash_alpha_09.dds"                                         , "256"  , "256"   , "dds"
"particles\water_splash_alpha_10.dds"                                         , "128"  , "128"   , "dds"
"particles\water_splash_alpha_11.dds"                                         , "256"  , "256"   , "dds"
"particles\water_splash_alpha_12.dds"                                         , "128"  , "128"   , "dds"
"particles\wedge_01.dds"                                                      , "128"  , "128"   , "dds"
"particles\white_blast_01.dds"                                                , "256"  , "256"   , "dds"
"particles\white_blast_02.dds"                                                , "512"  , "512"   , "dds"
"particles\white_rays_01.dds"                                                 , "256"  , "256"   , "dds"
"quadtest.bmp"                                                                , "256"  , "256"   , "bmp"
"scrollArrows.dds"                                                            , "64"   , "64"    , "dds"
"selection_bracket_enemy_md.dds"                                              , "64"   , "64"    , "dds"
"selection_bracket_enemy_sm.dds"                                              , "64"   , "64"    , "dds"
"selection_bracket_player_md.dds"                                             , "64"   , "64"    , "dds"
"selection_bracket_player_sm.dds"                                             , "64"   , "64"    , "dds"
"shapesCircle.dds"                                                            , "32"   , "32"    , "dds"
"shapesCircle.png"                                                            , "128"  , "128"   , "png"
"shapesDownTriangle.png"                                                      , "128"  , "128"   , "png"
"shapesSquare.png"                                                            , "128"  , "128"   , "png"
"shapesTriangle.png"                                                          , "128"  , "128"   , "png"
"Snow.dds"                                                                    , "512"  , "512"   , "dds"
"strategicPath.dds"                                                           , "1024" , "1024"  , "dds"
"stratNotify.png"                                                             , "64"   , "59"    , "png"
"test1.png"                                                                   , "128"  , "128"   , "png"
"tilesets\_global\n_bloop.dds"                                                , "512"  , "512"   , "dds"
"tilesets\_global\n_button.dds"                                               , "512"  , "512"   , "dds"
"tilesets\_global\n_cliff.dds"                                                , "512"  , "512"   , "dds"
"tilesets\_global\n_crater.dds"                                               , "512"  , "512"   , "dds"
"tilesets\_global\n_erosion.dds"                                              , "512"  , "512"   , "dds"
"tilesets\_global\n_erosion001.dds"                                           , "1024" , "1024"  , "dds"
"tilesets\_global\n_erosion002.dds"                                           , "1024" , "1024"  , "dds"
"tilesets\_global\n_erosion003.dds"                                           , "512"  , "512"   , "dds"
"tilesets\_global\n_erosion004.dds"                                           , "512"  , "512"   , "dds"
"tilesets\_global\n_erosion005.dds"                                           , "1024" , "1024"  , "dds"
"tilesets\_global\n_erosion006.dds"                                           , "512"  , "512"   , "dds"
"tilesets\_global\n_erosion007.dds"                                           , "1024" , "1024"  , "dds"
"tilesets\_global\n_erosion008.dds"                                           , "512"  , "512"   , "dds"
"tilesets\_global\n_flat.dds"                                                 , "256"  , "256"   , "dds"
"tilesets\_global\n_fractal.dds"                                              , "1024" , "1024"  , "dds"
"tilesets\_global\n_noise.dds"                                                , "1024" , "1024"  , "dds"
"tilesets\_global\n_spectest.dds"                                             , "256"  , "256"   , "dds"
"tilesets\_global\n_thetaxi.dds"                                              , "512"  , "512"   , "dds"
"tilesets\_global\scorch_mark.dds"                                            , "1024" , "1024"  , "dds"
"tilesets\_global\tank_treads.dds"                                            , "256"  , "256"   , "dds"
"tilesets\_global\up.dds"                                                     , "128"  , "128"   , "dds"
"tilesets\dunes\base\black_n.dds"                                             , "64"   , "64"    , "dds"
"tilesets\dunes\base\black.dds"                                               , "64"   , "64"    , "dds"
"tilesets\dunes\base\grass000_n.dds"                                          , "512"  , "512"   , "dds"
"tilesets\dunes\base\grass000.dds"                                            , "512"  , "512"   , "dds"
"tilesets\dunes\base\grass001_N.dds"                                          , "512"  , "512"   , "dds"
"tilesets\dunes\base\grass001.dds"                                            , "512"  , "512"   , "dds"
"tilesets\dunes\base\Ice001_N.dds"                                            , "512"  , "512"   , "dds"
"tilesets\dunes\base\Ice001.dds"                                              , "512"  , "512"   , "dds"
"tilesets\dunes\base\Ice002_n.dds"                                            , "512"  , "512"   , "dds"
"tilesets\dunes\base\Ice002.dds"                                              , "512"  , "512"   , "dds"
"tilesets\dunes\base\macrotexture000.dds"                                     , "256"  , "256"   , "dds"
"tilesets\dunes\base\macrotexture001.dds"                                     , "256"  , "256"   , "dds"
"tilesets\dunes\base\RockLight_n.dds"                                         , "512"  , "512"   , "dds"
"tilesets\dunes\base\RockLight.dds"                                           , "512"  , "512"   , "dds"
"tilesets\dunes\base\RockMed_N.dds"                                           , "512"  , "512"   , "dds"
"tilesets\dunes\base\RockMed.dds"                                             , "512"  , "512"   , "dds"
"tilesets\dunes\base\SandDark_N.dds"                                          , "512"  , "512"   , "dds"
"tilesets\dunes\base\SandDark.dds"                                            , "512"  , "512"   , "dds"
"tilesets\dunes\base\SandLight_N.dds"                                         , "512"  , "512"   , "dds"
"tilesets\dunes\base\SandLight.dds"                                           , "512"  , "512"   , "dds"
"tilesets\dunes\base\SandMed_N.dds"                                           , "512"  , "512"   , "dds"
"tilesets\dunes\base\SandMed.dds"                                             , "512"  , "512"   , "dds"
"tilesets\dunes\base\snow001_N.dds"                                           , "512"  , "512"   , "dds"
"tilesets\dunes\base\snow001.dds"                                             , "512"  , "512"   , "dds"
"tilesets\dunes\fill\_atlas_n.dds"                                            , "2048" , "2048"  , "dds"
"tilesets\dunes\fill\_atlas.dds"                                              , "2048" , "2048"  , "dds"
"tilesets\dunes\fill\D_RDL001_N.dds"                                          , "256"  , "256"   , "dds"
"tilesets\dunes\fill\D_RDL001.dds"                                            , "256"  , "256"   , "dds"
"tilesets\dunes\fill\D_RLL001_N.dds"                                          , "256"  , "256"   , "dds"
"tilesets\dunes\fill\D_RLL001.dds"                                            , "256"  , "256"   , "dds"
"tilesets\dunes\fill\D_SDL001_N.dds"                                          , "256"  , "256"   , "dds"
"tilesets\dunes\fill\D_SDL001.dds"                                            , "256"  , "256"   , "dds"
"tilesets\dunes\fill\D_SDM001_N.dds"                                          , "128"  , "128"   , "dds"
"tilesets\dunes\fill\D_SDM001.dds"                                            , "128"  , "128"   , "dds"
"tilesets\dunes\fill\D_SDS001_N.dds"                                          , "64"   , "64"    , "dds"
"tilesets\dunes\fill\D_SDS001.dds"                                            , "64"   , "64"    , "dds"
"tilesets\dunes\fill\D_SIL001_N.dds"                                          , "256"  , "256"   , "dds"
"tilesets\dunes\fill\D_SIL001.dds"                                            , "256"  , "256"   , "dds"
"tilesets\dunes\fill\D_SIL002.dds"                                            , "256"  , "256"   , "dds"
"tilesets\dunes\fill\D_SIM001_N.dds"                                          , "128"  , "128"   , "dds"
"tilesets\dunes\fill\D_SIM001.dds"                                            , "128"  , "128"   , "dds"
"tilesets\dunes\fill\D_SIM002_N.dds"                                          , "128"  , "128"   , "dds"
"tilesets\dunes\fill\D_SIM002.dds"                                            , "128"  , "128"   , "dds"
"tilesets\dunes\fill\D_SIS001_N.dds"                                          , "64"   , "64"    , "dds"
"tilesets\dunes\fill\D_SIS001.dds"                                            , "64"   , "64"    , "dds"
"tilesets\dunes\fill\D_SLL001_N.dds"                                          , "256"  , "256"   , "dds"
"tilesets\dunes\fill\D_SLL001.dds"                                            , "256"  , "256"   , "dds"
"tilesets\dunes\fill\D_SLM001_N.dds"                                          , "128"  , "128"   , "dds"
"tilesets\dunes\fill\D_SLM001.dds"                                            , "128"  , "128"   , "dds"
"tilesets\dunes\fill\D_SLS001_N.dds"                                          , "64"   , "64"    , "dds"
"tilesets\dunes\fill\D_SLS001.dds"                                            , "64"   , "64"    , "dds"
"tilesets\dunes\fill\P_BM001_N.dds"                                           , "64"   , "64"    , "dds"
"tilesets\dunes\fill\P_BM001.dds"                                             , "64"   , "64"    , "dds"
"tilesets\dunes\fill\P_BM002_N.dds"                                           , "1024" , "1024"  , "dds"
"tilesets\dunes\fill\P_BM002.dds"                                             , "1024" , "1024"  , "dds"
"tilesets\dunes\fill\P_BM003_N.dds"                                           , "512"  , "512"   , "dds"
"tilesets\dunes\fill\P_BM003.dds"                                             , "512"  , "512"   , "dds"
"tilesets\dunes\fill\P_BM004_N.dds"                                           , "512"  , "512"   , "dds"
"tilesets\dunes\fill\P_BM004.dds"                                             , "512"  , "512"   , "dds"
"tilesets\dunes\fill\P_BM005_N.dds"                                           , "64"   , "64"    , "dds"
"tilesets\dunes\fill\P_BM005.dds"                                             , "64"   , "64"    , "dds"
"tilesets\dunes\fill\P_BM006_N.dds"                                           , "32"   , "32"    , "dds"
"tilesets\dunes\fill\P_BM006.dds"                                             , "32"   , "32"    , "dds"
"tilesets\dunes\fill\P_BS001_N.dds"                                           , "16"   , "16"    , "dds"
"tilesets\dunes\fill\P_BS001.dds"                                             , "16"   , "16"    , "dds"
"tilesets\dunes\fill\P_DDL001_N.dds"                                          , "256"  , "256"   , "dds"
"tilesets\dunes\fill\P_DDL001.dds"                                            , "256"  , "256"   , "dds"
"tilesets\dunes\fill\P_DDM001_N.dds"                                          , "128"  , "128"   , "dds"
"tilesets\dunes\fill\P_DDM001.dds"                                            , "128"  , "128"   , "dds"
"tilesets\dunes\fill\P_GDL001_N.dds"                                          , "128"  , "128"   , "dds"
"tilesets\dunes\fill\P_GDL001.dds"                                            , "128"  , "128"   , "dds"
"tilesets\dunes\fill\P_GDL002_N.dds"                                          , "256"  , "256"   , "dds"
"tilesets\dunes\fill\P_GDL002.dds"                                            , "256"  , "256"   , "dds"
"tilesets\dunes\fill\P_GDM001_N.dds"                                          , "128"  , "128"   , "dds"
"tilesets\dunes\fill\P_GDM001.dds"                                            , "128"  , "128"   , "dds"
"tilesets\dunes\fill\P_GDM002_N.dds"                                          , "128"  , "128"   , "dds"
"tilesets\dunes\fill\P_GDM002.dds"                                            , "128"  , "128"   , "dds"
"tilesets\Evergreen\base\Dirt001_n.dds"                                       , "512"  , "512"   , "dds"
"tilesets\Evergreen\base\Dirt001.dds"                                         , "512"  , "512"   , "dds"
"tilesets\Evergreen\base\grass000_n.dds"                                      , "512"  , "512"   , "dds"
"tilesets\Evergreen\base\grass000.dds"                                        , "512"  , "512"   , "dds"
"tilesets\Evergreen\base\grass001_N.dds"                                      , "512"  , "512"   , "dds"
"tilesets\Evergreen\base\grass001.dds"                                        , "512"  , "512"   , "dds"
"tilesets\Evergreen\base\macrotexture000.dds"                                 , "256"  , "256"   , "dds"
"tilesets\Evergreen\base\macrotexture001.dds"                                 , "256"  , "256"   , "dds"
"tilesets\Evergreen\base\RockLight_n.dds"                                     , "512"  , "512"   , "dds"
"tilesets\Evergreen\base\RockLight.dds"                                       , "512"  , "512"   , "dds"
"tilesets\Evergreen\base\RockMed_N.dds"                                       , "512"  , "512"   , "dds"
"tilesets\Evergreen\base\RockMed.dds"                                         , "512"  , "512"   , "dds"
"tilesets\Evergreen\base\SandLight_N.dds"                                     , "512"  , "512"   , "dds"
"tilesets\Evergreen\base\SandLight.dds"                                       , "512"  , "512"   , "dds"
"tilesets\Evergreen\base\SandLight002_n.dds"                                  , "256"  , "256"   , "dds"
"tilesets\Evergreen\base\SandLight002.dds"                                    , "256"  , "256"   , "dds"
"tilesets\Evergreen\base\SandRock_n.dds"                                      , "256"  , "256"   , "dds"
"tilesets\Evergreen\base\SandRock.dds"                                        , "256"  , "256"   , "dds"
"tilesets\Evergreen\base\Sandwet_n.dds"                                       , "512"  , "512"   , "dds"
"tilesets\Evergreen\base\Sandwet.dds"                                         , "512"  , "512"   , "dds"
"tilesets\Evergreen\base\snow001_N.dds"                                       , "512"  , "512"   , "dds"
"tilesets\Evergreen\base\snow001.dds"                                         , "512"  , "512"   , "dds"
"tilesets\Evergreen\edge\nice000.dds"                                         , "512"  , "256"   , "dds"
"tilesets\Evergreen\fill\_atlas_n.dds"                                        , "2048" , "2048"  , "dds"
"tilesets\Evergreen\fill\_atlas.dds"                                          , "2048" , "2048"  , "dds"
"tilesets\Evergreen\fill\E_Bush001.dds"                                       , "512"  , "512"   , "dds"
"tilesets\Evergreen\fill\E_Bush002.dds"                                       , "512"  , "512"   , "dds"
"tilesets\Evergreen\fill\E_Bush003.dds"                                       , "512"  , "512"   , "dds"
"tilesets\Evergreen\fill\E_Bush004.dds"                                       , "512"  , "512"   , "dds"
"tilesets\Evergreen\fill\E_Bush005.dds"                                       , "512"  , "512"   , "dds"
"tilesets\Evergreen\fill\E_Bush006.dds"                                       , "512"  , "512"   , "dds"
"tilesets\Evergreen\fill\E_DL001_N.dds"                                       , "512"  , "512"   , "dds"
"tilesets\Evergreen\fill\E_DL001.dds"                                         , "512"  , "512"   , "dds"
"tilesets\Evergreen\fill\E_MUD001.dds"                                        , "256"  , "256"   , "dds"
"tilesets\Evergreen\fill\E_MUD002.dds"                                        , "256"  , "256"   , "dds"
"tilesets\Evergreen\fill\E_MUD003.dds"                                        , "256"  , "256"   , "dds"
"tilesets\Evergreen\fill\E_Tarmac_Road.dds"                                   , "256"  , "256"   , "dds"
"tilesets\Evergreen\fill\E_Tarmac04.dds"                                      , "512"  , "512"   , "dds"
"tilesets\Evergreen\fill\E_TATR001.dds"                                       , "512"  , "512"   , "dds"
"tilesets\Evergreen\fill\E_TATR002.dds"                                       , "512"  , "512"   , "dds"
"tilesets\Evergreen\fill\E_TATR003.dds"                                       , "512"  , "512"   , "dds"
"tilesets\Evergreen\fill\E_TATR004.dds"                                       , "512"  , "512"   , "dds"
"tilesets\Evergreen\fill\E_TATR005.dds"                                       , "512"  , "512"   , "dds"
"tilesets\Evergreen\fill\E_TATR006.dds"                                       , "512"  , "512"   , "dds"
"tilesets\Evergreen\fill\E_TATR007.dds"                                       , "1024" , "1024"  , "dds"
"tilesets\Evergreen\fill\E_TATR008.dds"                                       , "1024" , "1024"  , "dds"
"tilesets\Evergreen\fill\E_TATR009.dds"                                       , "1024" , "1024"  , "dds"
"tilesets\Evergreen\fill\E_TDR001.dds"                                        , "1024" , "1024"  , "dds"
"tilesets\Evergreen\fill\E_TL001.dds"                                         , "2048" , "2048"  , "dds"
"tilesets\Evergreen\fill\E_TM001.dds"                                         , "1024" , "1024"  , "dds"
"tilesets\Evergreen\fill\E_TRW001.dds"                                        , "1024" , "1024"  , "dds"
"tilesets\Evergreen\fill\Evergreen_Runway01.dds"                              , "2048" , "2048"  , "dds"
"tilesets\Evergreen\fill\Evergreen_Tarmac_Round01.dds"                        , "2048" , "2048"  , "dds"
"tilesets\Evergreen\fill\Evergreen_Tarmac_ThreeSquares.dds"                   , "1024" , "1024"  , "dds"
"tilesets\Evergreen\fill\Evergreen_Tarmac.dds"                                , "2048" , "2048"  , "dds"
"tilesets\Evergreen\fill\Evergreen_Tarmac02.dds"                              , "2048" , "2048"  , "dds"
"tilesets\Evergreen\fill\P_BM002_N.dds"                                       , "1024" , "1024"  , "dds"
"tilesets\Evergreen\fill\P_BM002.dds"                                         , "1024" , "1024"  , "dds"
"tilesets\Evergreen\fill\P_BM003_N.dds"                                       , "128"  , "128"   , "dds"
"tilesets\Evergreen\fill\P_BM003.dds"                                         , "128"  , "128"   , "dds"
"tilesets\Evergreen\fill\P_BM004_N.dds"                                       , "256"  , "256"   , "dds"
"tilesets\Evergreen\fill\P_BM004.dds"                                         , "256"  , "256"   , "dds"
"tilesets\Evergreen\fill\P_BM005_N.dds"                                       , "64"   , "64"    , "dds"
"tilesets\Evergreen\fill\P_BM005.dds"                                         , "64"   , "64"    , "dds"
"tilesets\Evergreen\fill\P_BM006_N.dds"                                       , "512"  , "512"   , "dds"
"tilesets\Evergreen\fill\P_BM006.dds"                                         , "512"  , "512"   , "dds"
"tilesets\Evergreen\fill\P_BS001_N.dds"                                       , "16"   , "16"    , "dds"
"tilesets\Evergreen\fill\P_BS001.dds"                                         , "16"   , "16"    , "dds"
"tilesets\Evergreen\WaterNormal.dds"                                          , "256"  , "256"   , "dds"
"tilesets\Evergreen\WaterTint.dds"                                            , "256"  , "256"   , "dds"
"tilesets\ice\base\Ice001_N.dds"                                              , "512"  , "512"   , "dds"
"tilesets\ice\base\Ice001.dds"                                                , "512"  , "512"   , "dds"
"tilesets\ice\base\Ice002_n.dds"                                              , "512"  , "512"   , "dds"
"tilesets\ice\base\Ice002.dds"                                                , "512"  , "512"   , "dds"
"tilesets\ice\base\macrotexture000.dds"                                       , "256"  , "256"   , "dds"
"tilesets\ice\base\macrotexture001.dds"                                       , "256"  , "256"   , "dds"
"tilesets\ice\base\snow001_N.dds"                                             , "512"  , "512"   , "dds"
"tilesets\ice\base\snow001.dds"                                               , "512"  , "512"   , "dds"
"tilesets\ice\fill\_atlas_n.dds"                                              , "2048" , "2048"  , "dds"
"tilesets\ice\fill\_atlas.dds"                                                , "2048" , "2048"  , "dds"
"tilesets\paradise\base\black_n.dds"                                          , "64"   , "64"    , "dds"
"tilesets\paradise\base\black.dds"                                            , "64"   , "64"    , "dds"
"tilesets\paradise\base\devtest_n.dds"                                        , "128"  , "128"   , "dds"
"tilesets\paradise\base\devtest.dds"                                          , "128"  , "128"   , "dds"
"tilesets\paradise\base\dirt000_n.dds"                                        , "512"  , "512"   , "dds"
"tilesets\paradise\base\dirt000.dds"                                          , "512"  , "512"   , "dds"
"tilesets\paradise\base\grass000_n.dds"                                       , "512"  , "512"   , "dds"
"tilesets\paradise\base\grass000.dds"                                         , "512"  , "512"   , "dds"
"tilesets\paradise\base\grass001_n.dds"                                       , "512"  , "512"   , "dds"
"tilesets\paradise\base\grass001.dds"                                         , "512"  , "512"   , "dds"
"tilesets\paradise\base\Ice001_N.dds"                                         , "512"  , "512"   , "dds"
"tilesets\paradise\base\Ice001.dds"                                           , "512"  , "512"   , "dds"
"tilesets\paradise\base\Ice002_n.dds"                                         , "512"  , "512"   , "dds"
"tilesets\paradise\base\Ice002.dds"                                           , "512"  , "512"   , "dds"
"tilesets\paradise\base\macrotexture000.dds"                                  , "256"  , "256"   , "dds"
"tilesets\paradise\base\macrotexture001.dds"                                  , "256"  , "256"   , "dds"
"tilesets\paradise\base\Rock001_n.dds"                                        , "512"  , "512"   , "dds"
"tilesets\paradise\base\Rock001.dds"                                          , "512"  , "512"   , "dds"
"tilesets\paradise\base\sand000_n.dds"                                        , "512"  , "512"   , "dds"
"tilesets\paradise\base\sand000.dds"                                          , "512"  , "512"   , "dds"
"tilesets\paradise\base\SandMed_n.dds"                                        , "512"  , "512"   , "dds"
"tilesets\paradise\base\SandMed.dds"                                          , "512"  , "512"   , "dds"
"tilesets\paradise\base\snow001_N.dds"                                        , "512"  , "512"   , "dds"
"tilesets\paradise\base\snow001.dds"                                          , "512"  , "512"   , "dds"
"tilesets\paradise\fill\_atlas_n.dds"                                         , "2048" , "2048"  , "dds"
"tilesets\paradise\fill\_atlas.dds"                                           , "2048" , "2048"  , "dds"
"tilesets\paradise\fill\P_BM001_N.dds"                                        , "64"   , "64"    , "dds"
"tilesets\paradise\fill\P_BM001.dds"                                          , "64"   , "64"    , "dds"
"tilesets\paradise\fill\P_BM002_N.dds"                                        , "1024" , "1024"  , "dds"
"tilesets\paradise\fill\P_BM002.dds"                                          , "1024" , "1024"  , "dds"
"tilesets\paradise\fill\P_BM003_N.dds"                                        , "512"  , "512"   , "dds"
"tilesets\paradise\fill\P_BM003.dds"                                          , "512"  , "512"   , "dds"
"tilesets\paradise\fill\P_BM004_N.dds"                                        , "32"   , "32"    , "dds"
"tilesets\paradise\fill\P_BM004.dds"                                          , "32"   , "32"    , "dds"
"tilesets\paradise\fill\P_BM005_N.dds"                                        , "64"   , "64"    , "dds"
"tilesets\paradise\fill\P_BM005.dds"                                          , "64"   , "64"    , "dds"
"tilesets\paradise\fill\P_BM006_N.dds"                                        , "32"   , "32"    , "dds"
"tilesets\paradise\fill\P_BM006.dds"                                          , "32"   , "32"    , "dds"
"tilesets\paradise\fill\P_BS001_N.dds"                                        , "16"   , "16"    , "dds"
"tilesets\paradise\fill\P_BS001.dds"                                          , "16"   , "16"    , "dds"
"tilesets\paradise\fill\P_DDL001_N.dds"                                       , "256"  , "256"   , "dds"
"tilesets\paradise\fill\P_DDL001.dds"                                         , "256"  , "256"   , "dds"
"tilesets\paradise\fill\P_DDM001_N.dds"                                       , "128"  , "128"   , "dds"
"tilesets\paradise\fill\P_DDM001.dds"                                         , "128"  , "128"   , "dds"
"tilesets\paradise\fill\P_DDS001_N.dds"                                       , "32"   , "32"    , "dds"
"tilesets\paradise\fill\P_DDS001.dds"                                         , "32"   , "32"    , "dds"
"tilesets\paradise\fill\P_DLL001_N.dds"                                       , "256"  , "256"   , "dds"
"tilesets\paradise\fill\P_DLL001.dds"                                         , "256"  , "256"   , "dds"
"tilesets\paradise\fill\P_DLM001_N.dds"                                       , "128"  , "128"   , "dds"
"tilesets\paradise\fill\P_DLM001.dds"                                         , "128"  , "128"   , "dds"
"tilesets\paradise\fill\P_DLS001_N.dds"                                       , "64"   , "64"    , "dds"
"tilesets\paradise\fill\P_DLS001.dds"                                         , "64"   , "64"    , "dds"
"tilesets\paradise\fill\P_GDL001_N.dds"                                       , "128"  , "128"   , "dds"
"tilesets\paradise\fill\P_GDL001.dds"                                         , "128"  , "128"   , "dds"
"tilesets\paradise\fill\P_GDL002_N.dds"                                       , "256"  , "256"   , "dds"
"tilesets\paradise\fill\P_GDL002.dds"                                         , "256"  , "256"   , "dds"
"tilesets\paradise\fill\P_GDM001_N.dds"                                       , "128"  , "128"   , "dds"
"tilesets\paradise\fill\P_GDM001.dds"                                         , "128"  , "128"   , "dds"
"tilesets\paradise\fill\P_GDM002_N.dds"                                       , "128"  , "128"   , "dds"
"tilesets\paradise\fill\P_GDM002.dds"                                         , "128"  , "128"   , "dds"
"tilesets\paradise\fill\P_GDS001_N.dds"                                       , "64"   , "64"    , "dds"
"tilesets\paradise\fill\P_GDS001.dds"                                         , "64"   , "64"    , "dds"
"tilesets\paradise\fill\P_GDS002_N.dds"                                       , "32"   , "32"    , "dds"
"tilesets\paradise\fill\P_GDS002.dds"                                         , "32"   , "32"    , "dds"
"tilesets\paradise\fill\P_GLL001_N.dds"                                       , "256"  , "256"   , "dds"
"tilesets\paradise\fill\P_GLL001.dds"                                         , "256"  , "256"   , "dds"
"tilesets\paradise\fill\P_GLL002_N.dds"                                       , "256"  , "256"   , "dds"
"tilesets\paradise\fill\P_GLL002.dds"                                         , "256"  , "256"   , "dds"
"tilesets\paradise\fill\P_GLM001_N.dds"                                       , "128"  , "128"   , "dds"
"tilesets\paradise\fill\P_GLM001.dds"                                         , "128"  , "128"   , "dds"
"tilesets\paradise\fill\P_GLM002_N.dds"                                       , "128"  , "128"   , "dds"
"tilesets\paradise\fill\P_GLM002.dds"                                         , "128"  , "128"   , "dds"
"tilesets\paradise\fill\P_GLM003_N.dds"                                       , "128"  , "128"   , "dds"
"tilesets\paradise\fill\P_GLM003.dds"                                         , "128"  , "128"   , "dds"
"tilesets\paradise\fill\P_GLS001_N.dds"                                       , "64"   , "64"    , "dds"
"tilesets\paradise\fill\P_GLS001.dds"                                         , "64"   , "64"    , "dds"
"tilesets\paradise\fill\P_GLS002_N.dds"                                       , "32"   , "32"    , "dds"
"tilesets\paradise\fill\P_GLS002.dds"                                         , "32"   , "32"    , "dds"
"tilesets\paradise\fill\P_RLL001_N.dds"                                       , "512"  , "512"   , "dds"
"tilesets\paradise\fill\P_RLL001.dds"                                         , "1024" , "1024"  , "dds"
"tilesets\paradise\fill\P_RLL002.dds"                                         , "512"  , "512"   , "dds"
"tilesets\paradise\fill\P_SIL001_N.dds"                                       , "256"  , "256"   , "dds"
"tilesets\paradise\fill\P_SIL001.dds"                                         , "256"  , "256"   , "dds"
"tilesets\paradise\fill\P_SIM001_N.dds"                                       , "128"  , "128"   , "dds"
"tilesets\paradise\fill\P_SIM001.dds"                                         , "128"  , "128"   , "dds"
"tilesets\paradise\fill\P_SIS001_N.dds"                                       , "64"   , "64"    , "dds"
"tilesets\paradise\fill\P_SIS001.dds"                                         , "64"   , "64"    , "dds"
"tilesets\paradise\fill\P_SLL001_N.dds"                                       , "256"  , "256"   , "dds"
"tilesets\paradise\fill\P_SLL001.dds"                                         , "256"  , "256"   , "dds"
"tilesets\paradise\fill\P_SLM001_N.dds"                                       , "128"  , "128"   , "dds"
"tilesets\paradise\fill\P_SLM001.dds"                                         , "128"  , "128"   , "dds"
"tilesets\paradise\fill\P_SLS001_N.dds"                                       , "32"   , "32"    , "dds"
"tilesets\paradise\fill\P_SLS001.dds"                                         , "32"   , "32"    , "dds"
"tilesets\paradise\fill\P_SLS002_N.dds"                                       , "64"   , "64"    , "dds"
"tilesets\paradise\fill\P_SLS002.dds"                                         , "64"   , "64"    , "dds"
"ui\aeon\dialogs\menu-btns\close_btn_dis.dds"                                 , "24"   , "24"    , "dds"
"ui\aeon\dialogs\menu-btns\close_btn_down.dds"                                , "24"   , "24"    , "dds"
"ui\aeon\dialogs\menu-btns\close_btn_over.dds"                                , "24"   , "24"    , "dds"
"ui\aeon\dialogs\menu-btns\close_btn_up.dds"                                  , "24"   , "24"    , "dds"
"ui\aeon\dialogs\menu-btns\config_btn_dis.dds"                                , "24"   , "24"    , "dds"
"ui\aeon\dialogs\menu-btns\config_btn_down.dds"                               , "24"   , "24"    , "dds"
"ui\aeon\dialogs\menu-btns\config_btn_over.dds"                               , "24"   , "24"    , "dds"
"ui\aeon\dialogs\menu-btns\config_btn_up.dds"                                 , "24"   , "24"    , "dds"
"ui\aeon\dialogs\menu-btns\default_btn_dis.dds"                               , "24"   , "24"    , "dds"
"ui\aeon\dialogs\menu-btns\default_btn_down.dds"                              , "24"   , "24"    , "dds"
"ui\aeon\dialogs\menu-btns\default_btn_over.dds"                              , "24"   , "24"    , "dds"
"ui\aeon\dialogs\menu-btns\default_btn_up.dds"                                , "24"   , "24"    , "dds"
"ui\aeon\dialogs\menu-btns\pin_btn_dis.dds"                                   , "24"   , "24"    , "dds"
"ui\aeon\dialogs\menu-btns\pin_btn_down.dds"                                  , "24"   , "24"    , "dds"
"ui\aeon\dialogs\menu-btns\pin_btn_over.dds"                                  , "24"   , "24"    , "dds"
"ui\aeon\dialogs\menu-btns\pin_btn_up.dds"                                    , "24"   , "24"    , "dds"
"ui\aeon\dialogs\menu-btns\pinned_btn_dis.dds"                                , "24"   , "24"    , "dds"
"ui\aeon\dialogs\menu-btns\pinned_btn_down.dds"                               , "24"   , "24"    , "dds"
"ui\aeon\dialogs\menu-btns\pinned_btn_over.dds"                               , "24"   , "24"    , "dds"
"ui\aeon\dialogs\menu-btns\pinned_btn_up.dds"                                 , "24"   , "24"    , "dds"
"ui\aeon\dialogs\time-units-tabs\energy_bmp.dds"                              , "16"   , "28"    , "dds"
"ui\aeon\dialogs\time-units-tabs\panel-tracking_bmp_d.dds"                    , "12"   , "44"    , "dds"
"ui\aeon\dialogs\time-units-tabs\panel-tracking_bmp_l.dds"                    , "24"   , "44"    , "dds"
"ui\aeon\dialogs\time-units-tabs\panel-tracking_bmp_m.dds"                    , "4"    , "44"    , "dds"
"ui\aeon\dialogs\time-units-tabs\panel-tracking_bmp_r.dds"                    , "24"   , "44"    , "dds"
"ui\aeon\dialogs\time-units-tabs\tracking-icon_bmp.dds"                       , "24"   , "20"    , "dds"
"ui\aeon\game\avatar-arrow_btn\tab-close_btn_dis.dds"                         , "12"   , "32"    , "dds"
"ui\aeon\game\avatar-arrow_btn\tab-close_btn_down.dds"                        , "12"   , "32"    , "dds"
"ui\aeon\game\avatar-arrow_btn\tab-close_btn_over.dds"                        , "12"   , "32"    , "dds"
"ui\aeon\game\avatar-arrow_btn\tab-close_btn_up.dds"                          , "12"   , "32"    , "dds"
"ui\aeon\game\avatar-arrow_btn\tab-open_btn_dis.dds"                          , "12"   , "32"    , "dds"
"ui\aeon\game\avatar-arrow_btn\tab-open_btn_down.dds"                         , "12"   , "32"    , "dds"
"ui\aeon\game\avatar-arrow_btn\tab-open_btn_over.dds"                         , "12"   , "32"    , "dds"
"ui\aeon\game\avatar-arrow_btn\tab-open_btn_up.dds"                           , "12"   , "32"    , "dds"
"ui\aeon\game\avatar-engineers-panel\bracket_bmp.dds"                         , "28"   , "52"    , "dds"
"ui\aeon\game\avatar-engineers-panel\panel-eng_bmp_b.dds"                     , "92"   , "12"    , "dds"
"ui\aeon\game\avatar-engineers-panel\panel-eng_bmp_m.dds"                     , "92"   , "44"    , "dds"
"ui\aeon\game\avatar-engineers-panel\panel-eng_bmp_t.dds"                     , "92"   , "12"    , "dds"
"ui\aeon\game\avatar-engineers-panel\tech-1_bmp.dds"                          , "28"   , "28"    , "dds"
"ui\aeon\game\avatar-engineers-panel\tech-2_bmp.dds"                          , "28"   , "28"    , "dds"
"ui\aeon\game\avatar-engineers-panel\tech-3_bmp.dds"                          , "28"   , "28"    , "dds"
"ui\aeon\game\avatar-factory-panel\avatar-s-e-f_bmp.dds"                      , "48"   , "52"    , "dds"
"ui\aeon\game\avatar-factory-panel\bracket_bmp.dds"                           , "24"   , "48"    , "dds"
"ui\aeon\game\avatar-factory-panel\factory-panel_bmp.dds"                     , "188"  , "164"   , "dds"
"ui\aeon\game\avatar-factory-panel\factory-panel_brd_horz_um.dds"             , "44"   , "20"    , "dds"
"ui\aeon\game\avatar-factory-panel\factory-panel_brd_ll.dds"                  , "40"   , "56"    , "dds"
"ui\aeon\game\avatar-factory-panel\factory-panel_brd_lm.dds"                  , "44"   , "56"    , "dds"
"ui\aeon\game\avatar-factory-panel\factory-panel_brd_lr.dds"                  , "64"   , "56"    , "dds"
"ui\aeon\game\avatar-factory-panel\factory-panel_brd_ul.dds"                  , "40"   , "20"    , "dds"
"ui\aeon\game\avatar-factory-panel\factory-panel_brd_ur.dds"                  , "64"   , "20"    , "dds"
"ui\aeon\game\avatar-factory-panel\factory-panel_brd_vert_l.dds"              , "40"   , "44"    , "dds"
"ui\aeon\game\avatar-factory-panel\factory-panel_brd_vert_r.dds"              , "64"   , "44"    , "dds"
"ui\aeon\game\avatar-factory-panel\strat-icon-air_bmp.dds"                    , "8"    , "8"     , "dds"
"ui\aeon\game\avatar-factory-panel\strat-icon-land_bmp.dds"                   , "8"    , "8"     , "dds"
"ui\aeon\game\avatar-factory-panel\strat-icon-sea_bmp.dds"                    , "8"    , "8"     , "dds"
"ui\aeon\game\avatar-factory-panel\tech-1_bmp.dds"                            , "20"   , "24"    , "dds"
"ui\aeon\game\avatar-factory-panel\tech-2_bmp.dds"                            , "20"   , "24"    , "dds"
"ui\aeon\game\avatar-factory-panel\tech-3_bmp.dds"                            , "20"   , "20"    , "dds"
"ui\aeon\game\avatar\avatar_bmp.dds"                                          , "64"   , "68"    , "dds"
"ui\aeon\game\avatar\avatar-control-group_bmp.dds"                            , "48"   , "36"    , "dds"
"ui\aeon\game\avatar\avatar-s-e-f_bmp.dds"                                    , "56"   , "52"    , "dds"
"ui\aeon\game\avatar\health-bar-back_bmp.dds"                                 , "52"   , "16"    , "dds"
"ui\aeon\game\avatar\health-bar.dds"                                          , "44"   , "12"    , "dds"
"ui\aeon\game\avatar\pulse-bars_bmp.dds"                                      , "64"   , "64"    , "dds"
"ui\aeon\game\bracket-left-energy\bracket_bmp_b.dds"                          , "20"   , "16"    , "dds"
"ui\aeon\game\bracket-left-energy\bracket_bmp_m.dds"                          , "12"   , "4"     , "dds"
"ui\aeon\game\bracket-left-energy\bracket_bmp_t.dds"                          , "20"   , "20"    , "dds"
"ui\aeon\game\bracket-left-energy\bracket_bmp.dds"                            , "20"   , "68"    , "dds"
"ui\aeon\game\bracket-left\bracket_bmp_b.dds"                                 , "32"   , "28"    , "dds"
"ui\aeon\game\bracket-left\bracket_bmp_m.dds"                                 , "16"   , "4"     , "dds"
"ui\aeon\game\bracket-left\bracket_bmp_t.dds"                                 , "32"   , "68"    , "dds"
"ui\aeon\game\bracket-left\bracket_bmp.dds"                                   , "32"   , "116"   , "dds"
"ui\aeon\game\bracket-min-small\bracket-sm-left_bmp.dds"                      , "24"   , "72"    , "dds"
"ui\aeon\game\bracket-min-small\bracket-sm-right_bmp.dds"                     , "24"   , "68"    , "dds"
"ui\aeon\game\bracket-right-energy\bracket_bmp_b.dds"                         , "20"   , "16"    , "dds"
"ui\aeon\game\bracket-right-energy\bracket_bmp_m.dds"                         , "12"   , "4"     , "dds"
"ui\aeon\game\bracket-right-energy\bracket_bmp_t.dds"                         , "20"   , "20"    , "dds"
"ui\aeon\game\bracket-right-energy\bracket_bmp.dds"                           , "20"   , "68"    , "dds"
"ui\aeon\game\bracket-right\bracket_bmp_b.dds"                                , "32"   , "28"    , "dds"
"ui\aeon\game\bracket-right\bracket_bmp_m.dds"                                , "16"   , "4"     , "dds"
"ui\aeon\game\bracket-right\bracket_bmp_t.dds"                                , "32"   , "68"    , "dds"
"ui\aeon\game\bracket-right\bracket_bmp.dds"                                  , "32"   , "116"   , "dds"
"ui\aeon\game\c-q-e-panel\arrow_bmp.dds"                                      , "28"   , "16"    , "dds"
"ui\aeon\game\c-q-e-panel\arrow_vert_bmp.dds"                                 , "16"   , "24"    , "dds"
"ui\aeon\game\c-q-e-panel\construct-panel_bmp_l.dds"                          , "84"   , "60"    , "dds"
"ui\aeon\game\c-q-e-panel\divider_bmp.dds"                                    , "12"   , "56"    , "dds"
"ui\aeon\game\c-q-e-panel\divider_horizontal_bmp.dds"                         , "64"   , "12"    , "dds"
"ui\aeon\game\camera-btn\pinned_btn_dis.dds"                                  , "24"   , "24"    , "dds"
"ui\aeon\game\camera-btn\pinned_btn_down.dds"                                 , "24"   , "24"    , "dds"
"ui\aeon\game\camera-btn\pinned_btn_over.dds"                                 , "24"   , "24"    , "dds"
"ui\aeon\game\camera-btn\pinned_btn_up.dds"                                   , "24"   , "24"    , "dds"
"ui\aeon\game\chat_brd\chat_brd_horz_um.dds"                                  , "8"    , "48"    , "dds"
"ui\aeon\game\chat_brd\chat_brd_ll.dds"                                       , "44"   , "48"    , "dds"
"ui\aeon\game\chat_brd\chat_brd_lm.dds"                                       , "8"    , "48"    , "dds"
"ui\aeon\game\chat_brd\chat_brd_lr.dds"                                       , "44"   , "48"    , "dds"
"ui\aeon\game\chat_brd\chat_brd_m.dds"                                        , "8"    , "8"     , "dds"
"ui\aeon\game\chat_brd\chat_brd_ul.dds"                                       , "44"   , "48"    , "dds"
"ui\aeon\game\chat_brd\chat_brd_ur.dds"                                       , "44"   , "48"    , "dds"
"ui\aeon\game\chat_brd\chat_brd_vert_l.dds"                                   , "44"   , "8"     , "dds"
"ui\aeon\game\chat_brd\chat_brd_vert_r.dds"                                   , "44"   , "8"     , "dds"
"ui\aeon\game\chat_brd\drop-box_brd_horz_um.dds"                              , "8"    , "16"    , "dds"
"ui\aeon\game\chat_brd\drop-box_brd_ll.dds"                                   , "16"   , "12"    , "dds"
"ui\aeon\game\chat_brd\drop-box_brd_lm.dds"                                   , "8"    , "12"    , "dds"
"ui\aeon\game\chat_brd\drop-box_brd_lr.dds"                                   , "16"   , "12"    , "dds"
"ui\aeon\game\chat_brd\drop-box_brd_m.dds"                                    , "8"    , "8"     , "dds"
"ui\aeon\game\chat_brd\drop-box_brd_ul.dds"                                   , "16"   , "16"    , "dds"
"ui\aeon\game\chat_brd\drop-box_brd_ur.dds"                                   , "16"   , "16"    , "dds"
"ui\aeon\game\chat_brd\drop-box_brd_vert_l.dds"                               , "16"   , "8"     , "dds"
"ui\aeon\game\chat_brd\drop-box_brd_vert_r.dds"                               , "16"   , "8"     , "dds"
"ui\aeon\game\chat-box_btn\radio_btn_dis.dds"                                 , "28"   , "28"    , "dds"
"ui\aeon\game\chat-box_btn\radio_btn_down.dds"                                , "28"   , "28"    , "dds"
"ui\aeon\game\chat-box_btn\radio_btn_over.dds"                                , "28"   , "28"    , "dds"
"ui\aeon\game\chat-box_btn\radio_btn_up.dds"                                  , "28"   , "28"    , "dds"
"ui\aeon\game\construct-panel_vert\construct-panel_bmp_b.dds"                 , "172"  , "12"    , "dds"
"ui\aeon\game\construct-panel_vert\construct-panel_bmp_m.dds"                 , "172"  , "8"     , "dds"
"ui\aeon\game\construct-panel_vert\construct-panel_bmp_t.dds"                 , "172"  , "64"    , "dds"
"ui\aeon\game\construct-panel_vert\que-panel_bmp_b.dds"                       , "60"   , "8"     , "dds"
"ui\aeon\game\construct-panel_vert\que-panel_bmp_m.dds"                       , "60"   , "8"     , "dds"
"ui\aeon\game\construct-panel_vert\que-panel_bmp_t.dds"                       , "60"   , "8"     , "dds"
"ui\aeon\game\construct-panel\construct-panel_bmp_l.dds"                      , "84"   , "140"   , "dds"
"ui\aeon\game\construct-panel\construct-panel_bmp_m1.dds"                     , "8"    , "140"   , "dds"
"ui\aeon\game\construct-panel\construct-panel_bmp_m2.dds"                     , "16"   , "140"   , "dds"
"ui\aeon\game\construct-panel\construct-panel_bmp_m3.dds"                     , "8"    , "112"   , "dds"
"ui\aeon\game\construct-panel\construct-panel_bmp_r.dds"                      , "16"   , "112"   , "dds"
"ui\aeon\game\construct-panel\construct-panel_s_bmp_l.dds"                    , "16"   , "112"   , "dds"
"ui\aeon\game\construct-panel\construct-panel_s_bmp_m.dds"                    , "8"    , "112"   , "dds"
"ui\aeon\game\construct-panel\construct-panel_s_bmp_r.dds"                    , "16"   , "112"   , "dds"
"ui\aeon\game\construct-panel\que-panel_bmp_l.dds"                            , "12"   , "52"    , "dds"
"ui\aeon\game\construct-panel\que-panel_bmp_m.dds"                            , "8"    , "52"    , "dds"
"ui\aeon\game\construct-panel\que-panel_bmp_r.dds"                            , "12"   , "52"    , "dds"
"ui\aeon\game\construct-sm_btn\back_off.dds"                                  , "24"   , "52"    , "dds"
"ui\aeon\game\construct-sm_btn\back_on.dds"                                   , "24"   , "52"    , "dds"
"ui\aeon\game\construct-sm_btn\fforward_off.dds"                              , "24"   , "52"    , "dds"
"ui\aeon\game\construct-sm_btn\fforward_on.dds"                               , "24"   , "52"    , "dds"
"ui\aeon\game\construct-sm_btn\forward_off.dds"                               , "24"   , "52"    , "dds"
"ui\aeon\game\construct-sm_btn\forward_on.dds"                                , "24"   , "52"    , "dds"
"ui\aeon\game\construct-sm_btn\infinite_off.dds"                              , "24"   , "52"    , "dds"
"ui\aeon\game\construct-sm_btn\infinite_on.dds"                               , "24"   , "52"    , "dds"
"ui\aeon\game\construct-sm_btn\left_btn_dis.dds"                              , "24"   , "52"    , "dds"
"ui\aeon\game\construct-sm_btn\left_btn_over.dds"                             , "24"   , "52"    , "dds"
"ui\aeon\game\construct-sm_btn\left_btn_up.dds"                               , "24"   , "52"    , "dds"
"ui\aeon\game\construct-sm_btn\mid_btn_dis.dds"                               , "24"   , "52"    , "dds"
"ui\aeon\game\construct-sm_btn\mid_btn_over.dds"                              , "24"   , "52"    , "dds"
"ui\aeon\game\construct-sm_btn\mid_btn_selected.dds"                          , "24"   , "52"    , "dds"
"ui\aeon\game\construct-sm_btn\mid_btn_up.dds"                                , "24"   , "52"    , "dds"
"ui\aeon\game\construct-sm_btn\pause_off.dds"                                 , "24"   , "52"    , "dds"
"ui\aeon\game\construct-sm_btn\pause_on.dds"                                  , "24"   , "52"    , "dds"
"ui\aeon\game\construct-sm_btn\rewind_off.dds"                                , "24"   , "52"    , "dds"
"ui\aeon\game\construct-sm_btn\rewind_on.dds"                                 , "24"   , "52"    , "dds"
"ui\aeon\game\construct-sm_btn\right_btn_dis.dds"                             , "24"   , "52"    , "dds"
"ui\aeon\game\construct-sm_btn\right_btn_over.dds"                            , "24"   , "52"    , "dds"
"ui\aeon\game\construct-sm_btn\right_btn_up.dds"                              , "24"   , "52"    , "dds"
"ui\aeon\game\construct-sm_btn\template_off.dds"                              , "24"   , "52"    , "dds"
"ui\aeon\game\construct-sm_btn\template_on.dds"                               , "24"   , "52"    , "dds"
"ui\aeon\game\construct-sm_horiz_btn\infinite_off.dds"                        , "60"   , "28"    , "dds"
"ui\aeon\game\construct-sm_horiz_btn\infinite_on.dds"                         , "60"   , "28"    , "dds"
"ui\aeon\game\construct-sm_horiz_btn\pause_off.dds"                           , "60"   , "28"    , "dds"
"ui\aeon\game\construct-sm_horiz_btn\pause_on.dds"                            , "60"   , "28"    , "dds"
"ui\aeon\game\construct-sm_horiz_btn\que_btn_dis.dds"                         , "60"   , "28"    , "dds"
"ui\aeon\game\construct-sm_horiz_btn\que_btn_over.dds"                        , "60"   , "28"    , "dds"
"ui\aeon\game\construct-sm_horiz_btn\que_btn_selected.dds"                    , "60"   , "28"    , "dds"
"ui\aeon\game\construct-sm_horiz_btn\que_btn_up.dds"                          , "60"   , "28"    , "dds"
"ui\aeon\game\construct-sm_horiz_btn\template_off.dds"                        , "60"   , "28"    , "dds"
"ui\aeon\game\construct-sm_horiz_btn\template_on.dds"                         , "60"   , "28"    , "dds"
"ui\aeon\game\construct-sm_nav_horiz_btn\bottom_btn_dis.dds"                  , "60"   , "16"    , "dds"
"ui\aeon\game\construct-sm_nav_horiz_btn\bottom_btn_over.dds"                 , "60"   , "16"    , "dds"
"ui\aeon\game\construct-sm_nav_horiz_btn\bottom_btn_up.dds"                   , "60"   , "16"    , "dds"
"ui\aeon\game\construct-sm_nav_horiz_btn\down_off.dds"                        , "60"   , "16"    , "dds"
"ui\aeon\game\construct-sm_nav_horiz_btn\down_on.dds"                         , "60"   , "16"    , "dds"
"ui\aeon\game\construct-sm_nav_horiz_btn\end_off.dds"                         , "60"   , "16"    , "dds"
"ui\aeon\game\construct-sm_nav_horiz_btn\end_on.dds"                          , "60"   , "16"    , "dds"
"ui\aeon\game\construct-sm_nav_horiz_btn\home_off.dds"                        , "60"   , "16"    , "dds"
"ui\aeon\game\construct-sm_nav_horiz_btn\home_on.dds"                         , "60"   , "16"    , "dds"
"ui\aeon\game\construct-sm_nav_horiz_btn\mid_btn_dis.dds"                     , "60"   , "16"    , "dds"
"ui\aeon\game\construct-sm_nav_horiz_btn\mid_btn_over.dds"                    , "60"   , "16"    , "dds"
"ui\aeon\game\construct-sm_nav_horiz_btn\mid_btn_up.dds"                      , "60"   , "16"    , "dds"
"ui\aeon\game\construct-sm_nav_horiz_btn\top_btn_dis.dds"                     , "60"   , "16"    , "dds"
"ui\aeon\game\construct-sm_nav_horiz_btn\top_btn_over.dds"                    , "60"   , "16"    , "dds"
"ui\aeon\game\construct-sm_nav_horiz_btn\top_btn_up.dds"                      , "60"   , "16"    , "dds"
"ui\aeon\game\construct-sm_nav_horiz_btn\up_off.dds"                          , "60"   , "16"    , "dds"
"ui\aeon\game\construct-sm_nav_horiz_btn\up_on.dds"                           , "60"   , "16"    , "dds"
"ui\aeon\game\construct-tab_btn\bot_tab_btn_dis_bmp.dds"                      , "76"   , "56"    , "dds"
"ui\aeon\game\construct-tab_btn\bot_tab_btn_down_bmp.dds"                     , "76"   , "56"    , "dds"
"ui\aeon\game\construct-tab_btn\bot_tab_btn_over_bmp.dds"                     , "76"   , "56"    , "dds"
"ui\aeon\game\construct-tab_btn\bot_tab_btn_sel_bmp.dds"                      , "76"   , "56"    , "dds"
"ui\aeon\game\construct-tab_btn\bot_tab_btn_up_bmp.dds"                       , "76"   , "56"    , "dds"
"ui\aeon\game\construct-tab_btn\mid_tab_btn_dis_bmp.dds"                      , "76"   , "56"    , "dds"
"ui\aeon\game\construct-tab_btn\mid_tab_btn_down_bmp.dds"                     , "76"   , "56"    , "dds"
"ui\aeon\game\construct-tab_btn\mid_tab_btn_over_bmp.dds"                     , "76"   , "56"    , "dds"
"ui\aeon\game\construct-tab_btn\mid_tab_btn_sel_bmp.dds"                      , "76"   , "56"    , "dds"
"ui\aeon\game\construct-tab_btn\mid_tab_btn_up_bmp.dds"                       , "76"   , "56"    , "dds"
"ui\aeon\game\construct-tab_btn\top_tab_btn_dis_bmp.dds"                      , "76"   , "56"    , "dds"
"ui\aeon\game\construct-tab_btn\top_tab_btn_down_bmp.dds"                     , "76"   , "56"    , "dds"
"ui\aeon\game\construct-tab_btn\top_tab_btn_over_bmp.dds"                     , "76"   , "56"    , "dds"
"ui\aeon\game\construct-tab_btn\top_tab_btn_sel_bmp.dds"                      , "76"   , "56"    , "dds"
"ui\aeon\game\construct-tab_btn\top_tab_btn_up_bmp.dds"                       , "76"   , "56"    , "dds"
"ui\aeon\game\construct-tab_top_btn\bot_tab_btn_dis_bmp.dds"                  , "60"   , "32"    , "dds"
"ui\aeon\game\construct-tab_top_btn\bot_tab_btn_down_bmp.dds"                 , "60"   , "32"    , "dds"
"ui\aeon\game\construct-tab_top_btn\bot_tab_btn_over_bmp.dds"                 , "60"   , "32"    , "dds"
"ui\aeon\game\construct-tab_top_btn\bot_tab_btn_sel_bmp.dds"                  , "60"   , "32"    , "dds"
"ui\aeon\game\construct-tab_top_btn\bot_tab_btn_up_bmp.dds"                   , "60"   , "32"    , "dds"
"ui\aeon\game\construct-tab_top_btn\mid_tab_btn_dis_bmp.dds"                  , "60"   , "32"    , "dds"
"ui\aeon\game\construct-tab_top_btn\mid_tab_btn_down_bmp.dds"                 , "60"   , "32"    , "dds"
"ui\aeon\game\construct-tab_top_btn\mid_tab_btn_over_bmp.dds"                 , "60"   , "32"    , "dds"
"ui\aeon\game\construct-tab_top_btn\mid_tab_btn_sel_bmp.dds"                  , "60"   , "32"    , "dds"
"ui\aeon\game\construct-tab_top_btn\mid_tab_btn_up_bmp.dds"                   , "60"   , "32"    , "dds"
"ui\aeon\game\construct-tab_top_btn\top_tab_btn_dis_bmp.dds"                  , "60"   , "32"    , "dds"
"ui\aeon\game\construct-tab_top_btn\top_tab_btn_down_bmp.dds"                 , "60"   , "32"    , "dds"
"ui\aeon\game\construct-tab_top_btn\top_tab_btn_over_bmp.dds"                 , "60"   , "32"    , "dds"
"ui\aeon\game\construct-tab_top_btn\top_tab_btn_sel_bmp.dds"                  , "60"   , "32"    , "dds"
"ui\aeon\game\construct-tab_top_btn\top_tab_btn_up_bmp.dds"                   , "60"   , "32"    , "dds"
"ui\aeon\game\construct-tech_btn\left_upgrade_btn_dis.dds"                    , "32"   , "32"    , "dds"
"ui\aeon\game\construct-tech_btn\left_upgrade_btn_down.dds"                   , "32"   , "32"    , "dds"
"ui\aeon\game\construct-tech_btn\left_upgrade_btn_over.dds"                   , "32"   , "32"    , "dds"
"ui\aeon\game\construct-tech_btn\left_upgrade_btn_selected.dds"               , "32"   , "32"    , "dds"
"ui\aeon\game\construct-tech_btn\left_upgrade_btn_up.dds"                     , "32"   , "32"    , "dds"
"ui\aeon\game\construct-tech_btn\m_upgrade_btn_dis.dds"                       , "32"   , "32"    , "dds"
"ui\aeon\game\construct-tech_btn\m_upgrade_btn_down.dds"                      , "32"   , "32"    , "dds"
"ui\aeon\game\construct-tech_btn\m_upgrade_btn_over.dds"                      , "32"   , "32"    , "dds"
"ui\aeon\game\construct-tech_btn\m_upgrade_btn_selected.dds"                  , "32"   , "32"    , "dds"
"ui\aeon\game\construct-tech_btn\m_upgrade_btn_up.dds"                        , "32"   , "32"    , "dds"
"ui\aeon\game\construct-tech_btn\r_upgrade_btn_dis.dds"                       , "32"   , "32"    , "dds"
"ui\aeon\game\construct-tech_btn\r_upgrade_btn_down.dds"                      , "32"   , "32"    , "dds"
"ui\aeon\game\construct-tech_btn\r_upgrade_btn_over.dds"                      , "32"   , "32"    , "dds"
"ui\aeon\game\construct-tech_btn\r_upgrade_btn_selected.dds"                  , "32"   , "32"    , "dds"
"ui\aeon\game\construct-tech_btn\r_upgrade_btn_up.dds"                        , "32"   , "32"    , "dds"
"ui\aeon\game\construct-tech_btn\t1_btn_dis.dds"                              , "32"   , "32"    , "dds"
"ui\aeon\game\construct-tech_btn\t1_btn_down.dds"                             , "32"   , "32"    , "dds"
"ui\aeon\game\construct-tech_btn\t1_btn_over.dds"                             , "32"   , "32"    , "dds"
"ui\aeon\game\construct-tech_btn\t1_btn_selected.dds"                         , "32"   , "32"    , "dds"
"ui\aeon\game\construct-tech_btn\t1_btn_up.dds"                               , "32"   , "32"    , "dds"
"ui\aeon\game\construct-tech_btn\t2_btn_dis.dds"                              , "32"   , "32"    , "dds"
"ui\aeon\game\construct-tech_btn\t2_btn_down.dds"                             , "32"   , "32"    , "dds"
"ui\aeon\game\construct-tech_btn\t2_btn_over.dds"                             , "32"   , "32"    , "dds"
"ui\aeon\game\construct-tech_btn\t2_btn_selected.dds"                         , "32"   , "32"    , "dds"
"ui\aeon\game\construct-tech_btn\t2_btn_up.dds"                               , "32"   , "32"    , "dds"
"ui\aeon\game\construct-tech_btn\t3_btn_dis.dds"                              , "32"   , "32"    , "dds"
"ui\aeon\game\construct-tech_btn\t3_btn_down.dds"                             , "32"   , "32"    , "dds"
"ui\aeon\game\construct-tech_btn\t3_btn_over.dds"                             , "32"   , "32"    , "dds"
"ui\aeon\game\construct-tech_btn\t3_btn_selected.dds"                         , "32"   , "32"    , "dds"
"ui\aeon\game\construct-tech_btn\t3_btn_up.dds"                               , "32"   , "32"    , "dds"
"ui\aeon\game\construct-tech_btn\t4_btn_dis.dds"                              , "32"   , "32"    , "dds"
"ui\aeon\game\construct-tech_btn\t4_btn_down.dds"                             , "32"   , "32"    , "dds"
"ui\aeon\game\construct-tech_btn\t4_btn_over.dds"                             , "32"   , "32"    , "dds"
"ui\aeon\game\construct-tech_btn\t4_btn_selected.dds"                         , "32"   , "32"    , "dds"
"ui\aeon\game\construct-tech_btn\t4_btn_up.dds"                               , "32"   , "32"    , "dds"
"ui\aeon\game\construct-tech_btn\template_btn_dis.dds"                        , "32"   , "32"    , "dds"
"ui\aeon\game\construct-tech_btn\template_btn_down.dds"                       , "32"   , "32"    , "dds"
"ui\aeon\game\construct-tech_btn\template_btn_over.dds"                       , "32"   , "32"    , "dds"
"ui\aeon\game\construct-tech_btn\template_btn_selected.dds"                   , "32"   , "32"    , "dds"
"ui\aeon\game\construct-tech_btn\template_btn_up.dds"                         , "32"   , "32"    , "dds"
"ui\aeon\game\construction-pause_btn\pause_btn_dis.dds"                       , "32"   , "36"    , "dds"
"ui\aeon\game\construction-pause_btn\pause_btn_down.dds"                      , "32"   , "36"    , "dds"
"ui\aeon\game\construction-pause_btn\pause_btn_over.dds"                      , "32"   , "36"    , "dds"
"ui\aeon\game\construction-pause_btn\pause_btn_up.dds"                        , "32"   , "36"    , "dds"
"ui\aeon\game\construction-tab_btn\enhance-back_icon_bmp.dds"                 , "56"   , "32"    , "dds"
"ui\aeon\game\construction-tab_btn\enhance-back_icon_bmp.png"                 , "56"   , "32"    , "png"
"ui\aeon\game\construction-tab_btn\enhance-l-arm_icon_bmp.dds"                , "56"   , "32"    , "dds"
"ui\aeon\game\construction-tab_btn\enhance-l-arm_icon_bmp.png"                , "56"   , "32"    , "png"
"ui\aeon\game\construction-tab_btn\enhance-r-arm_icon_bmp.dds"                , "56"   , "32"    , "dds"
"ui\aeon\game\construction-tab_btn\enhance-r-arm_icon_bmp.png"                , "56"   , "32"    , "png"
"ui\aeon\game\construction-tab_btn\experimental_icon_bmp.dds"                 , "56"   , "32"    , "dds"
"ui\aeon\game\construction-tab_btn\experimental_icon_bmp.png"                 , "56"   , "32"    , "png"
"ui\aeon\game\construction-tab_btn\tech-level-1_icon_bmp.dds"                 , "56"   , "32"    , "dds"
"ui\aeon\game\construction-tab_btn\tech-level-1_icon_bmp.png"                 , "56"   , "32"    , "png"
"ui\aeon\game\construction-tab_btn\tech-level-2_icon_bmp.dds"                 , "56"   , "32"    , "dds"
"ui\aeon\game\construction-tab_btn\tech-level-2_icon_bmp.png"                 , "56"   , "32"    , "png"
"ui\aeon\game\construction-tab_btn\tech-level-3_icon_bmp.dds"                 , "56"   , "32"    , "dds"
"ui\aeon\game\construction-tab_btn\tech-level-3_icon_bmp.png"                 , "56"   , "32"    , "png"
"ui\aeon\game\construction-tab_btn\tech-tab_btn_dis.dds"                      , "56"   , "32"    , "dds"
"ui\aeon\game\construction-tab_btn\tech-tab_btn_dis.png"                      , "56"   , "32"    , "png"
"ui\aeon\game\construction-tab_btn\tech-tab_btn_down.dds"                     , "56"   , "32"    , "dds"
"ui\aeon\game\construction-tab_btn\tech-tab_btn_down.png"                     , "56"   , "32"    , "png"
"ui\aeon\game\construction-tab_btn\tech-tab_btn_over.dds"                     , "56"   , "32"    , "dds"
"ui\aeon\game\construction-tab_btn\tech-tab_btn_over.png"                     , "56"   , "32"    , "png"
"ui\aeon\game\construction-tab_btn\tech-tab_btn_selected.dds"                 , "56"   , "32"    , "dds"
"ui\aeon\game\construction-tab_btn\tech-tab_btn_selected.png"                 , "56"   , "32"    , "png"
"ui\aeon\game\construction-tab_btn\tech-tab_btn_up.dds"                       , "56"   , "32"    , "dds"
"ui\aeon\game\construction-tab_btn\tech-tab_btn_up.png"                       , "56"   , "32"    , "png"
"ui\aeon\game\construction-tab_btn\units-attached_icon_bmp.dds"               , "56"   , "32"    , "dds"
"ui\aeon\game\construction-tab_btn\units-attached_icon_bmp.png"               , "56"   , "32"    , "png"
"ui\aeon\game\construction-tab_btn\units-select_icon_bmp.dds"                 , "56"   , "32"    , "dds"
"ui\aeon\game\construction-tab_btn\units-select_icon_bmp.png"                 , "56"   , "32"    , "png"
"ui\aeon\game\control-group-bracket\panel-score_bmp_b.dds"                    , "72"   , "24"    , "dds"
"ui\aeon\game\control-group-bracket\panel-score_bmp_m.dds"                    , "76"   , "4"     , "dds"
"ui\aeon\game\control-group-bracket\panel-score_bmp_t.dds"                    , "76"   , "48"    , "dds"
"ui\aeon\game\drag-handle\drag-handle-ll_btn_dis.dds"                         , "80"   , "96"    , "dds"
"ui\aeon\game\drag-handle\drag-handle-ll_btn_down.dds"                        , "80"   , "96"    , "dds"
"ui\aeon\game\drag-handle\drag-handle-ll_btn_over.dds"                        , "80"   , "96"    , "dds"
"ui\aeon\game\drag-handle\drag-handle-ll_btn_up.dds"                          , "80"   , "96"    , "dds"
"ui\aeon\game\drag-handle\drag-handle-lr_btn_dis.dds"                         , "80"   , "96"    , "dds"
"ui\aeon\game\drag-handle\drag-handle-lr_btn_down.dds"                        , "80"   , "96"    , "dds"
"ui\aeon\game\drag-handle\drag-handle-lr_btn_over.dds"                        , "80"   , "96"    , "dds"
"ui\aeon\game\drag-handle\drag-handle-lr_btn_up.dds"                          , "80"   , "96"    , "dds"
"ui\aeon\game\drag-handle\drag-handle-ul_btn_dis.dds"                         , "80"   , "96"    , "dds"
"ui\aeon\game\drag-handle\drag-handle-ul_btn_down.dds"                        , "80"   , "96"    , "dds"
"ui\aeon\game\drag-handle\drag-handle-ul_btn_over.dds"                        , "80"   , "96"    , "dds"
"ui\aeon\game\drag-handle\drag-handle-ul_btn_up.dds"                          , "80"   , "96"    , "dds"
"ui\aeon\game\drag-handle\drag-handle-ur_btn_dis.dds"                         , "80"   , "96"    , "dds"
"ui\aeon\game\drag-handle\drag-handle-ur_btn_down.dds"                        , "80"   , "96"    , "dds"
"ui\aeon\game\drag-handle\drag-handle-ur_btn_over.dds"                        , "80"   , "96"    , "dds"
"ui\aeon\game\drag-handle\drag-handle-ur_btn_up.dds"                          , "80"   , "96"    , "dds"
"ui\aeon\game\economic-overlay\econ_bmp_l.dds"                                , "24"   , "32"    , "dds"
"ui\aeon\game\economic-overlay\econ_bmp_m.dds"                                , "4"    , "32"    , "dds"
"ui\aeon\game\economic-overlay\econ_bmp_r.dds"                                , "12"   , "32"    , "dds"
"ui\aeon\game\filter-ping-list-panel\energy-bar_bmp.dds"                      , "28"   , "16"    , "dds"
"ui\aeon\game\filter-ping-list-panel\panel_bmp_b.dds"                         , "128"  , "24"    , "dds"
"ui\aeon\game\filter-ping-list-panel\panel_bmp_m.dds"                         , "128"  , "8"     , "dds"
"ui\aeon\game\filter-ping-list-panel\panel_bmp_t.dds"                         , "128"  , "24"    , "dds"
"ui\aeon\game\filter-ping-list-panel\panel_brd_horz_um.dds"                   , "8"    , "20"    , "dds"
"ui\aeon\game\filter-ping-list-panel\panel_brd_ll.dds"                        , "24"   , "24"    , "dds"
"ui\aeon\game\filter-ping-list-panel\panel_brd_lm.dds"                        , "8"    , "20"    , "dds"
"ui\aeon\game\filter-ping-list-panel\panel_brd_lr.dds"                        , "24"   , "24"    , "dds"
"ui\aeon\game\filter-ping-list-panel\panel_brd_m.dds"                         , "8"    , "8"     , "dds"
"ui\aeon\game\filter-ping-list-panel\panel_brd_ul.dds"                        , "24"   , "24"    , "dds"
"ui\aeon\game\filter-ping-list-panel\panel_brd_ur.dds"                        , "24"   , "24"    , "dds"
"ui\aeon\game\filter-ping-list-panel\panel_brd_vert_l.dds"                    , "24"   , "8"     , "dds"
"ui\aeon\game\filter-ping-list-panel\panel_brd_vert_r.dds"                    , "24"   , "8"     , "dds"
"ui\aeon\game\filter-ping-panel\bracket-energy-l_bmp.dds"                     , "24"   , "72"    , "dds"
"ui\aeon\game\filter-ping-panel\bracket-energy-r_bmp.dds"                     , "24"   , "72"    , "dds"
"ui\aeon\game\filter-ping-panel\bracket-left_bmp.dds"                         , "28"   , "68"    , "dds"
"ui\aeon\game\filter-ping-panel\filter-ping-panel02_bmp.dds"                  , "180"  , "72"    , "dds"
"ui\aeon\game\infinite_btn\infinite_btn_dis.dds"                              , "32"   , "36"    , "dds"
"ui\aeon\game\infinite_btn\infinite_btn_down.dds"                             , "32"   , "36"    , "dds"
"ui\aeon\game\infinite_btn\infinite_btn_over.dds"                             , "32"   , "36"    , "dds"
"ui\aeon\game\infinite_btn\infinite_btn_up.dds"                               , "32"   , "36"    , "dds"
"ui\aeon\game\medium-btn\medium_btn_dis.dds"                                  , "296"  , "72"    , "dds"
"ui\aeon\game\medium-btn\medium_btn_down.dds"                                 , "296"  , "72"    , "dds"
"ui\aeon\game\medium-btn\medium_btn_glow.dds"                                 , "296"  , "72"    , "dds"
"ui\aeon\game\medium-btn\medium_btn_over.dds"                                 , "296"  , "72"    , "dds"
"ui\aeon\game\medium-btn\medium_btn_up.dds"                                   , "296"  , "72"    , "dds"
"ui\aeon\game\medium-btn\medium-btn_dis.dds"                                  , "296"  , "72"    , "dds"
"ui\aeon\game\medium-btn\medium-btn_down.dds"                                 , "296"  , "72"    , "dds"
"ui\aeon\game\medium-btn\medium-btn_glow.dds"                                 , "296"  , "72"    , "dds"
"ui\aeon\game\medium-btn\medium-btn_over.dds"                                 , "296"  , "72"    , "dds"
"ui\aeon\game\medium-btn\medium-btn_up.dds"                                   , "296"  , "72"    , "dds"
"ui\aeon\game\menu-btns\close_btn_dis.dds"                                    , "24"   , "24"    , "dds"
"ui\aeon\game\menu-btns\close_btn_down.dds"                                   , "24"   , "24"    , "dds"
"ui\aeon\game\menu-btns\close_btn_over.dds"                                   , "24"   , "24"    , "dds"
"ui\aeon\game\menu-btns\close_btn_up.dds"                                     , "24"   , "24"    , "dds"
"ui\aeon\game\menu-btns\config_btn_dis.dds"                                   , "24"   , "24"    , "dds"
"ui\aeon\game\menu-btns\config_btn_down.dds"                                  , "24"   , "24"    , "dds"
"ui\aeon\game\menu-btns\config_btn_over.dds"                                  , "24"   , "24"    , "dds"
"ui\aeon\game\menu-btns\config_btn_up.dds"                                    , "24"   , "24"    , "dds"
"ui\aeon\game\menu-btns\default_btn_dis.dds"                                  , "24"   , "24"    , "dds"
"ui\aeon\game\menu-btns\default_btn_down.dds"                                 , "24"   , "24"    , "dds"
"ui\aeon\game\menu-btns\default_btn_over.dds"                                 , "24"   , "24"    , "dds"
"ui\aeon\game\menu-btns\default_btn_up.dds"                                   , "24"   , "24"    , "dds"
"ui\aeon\game\menu-btns\pin_btn_dis.dds"                                      , "24"   , "24"    , "dds"
"ui\aeon\game\menu-btns\pin_btn_down.dds"                                     , "24"   , "24"    , "dds"
"ui\aeon\game\menu-btns\pin_btn_over.dds"                                     , "24"   , "24"    , "dds"
"ui\aeon\game\menu-btns\pin_btn_up.dds"                                       , "24"   , "24"    , "dds"
"ui\aeon\game\menu-btns\pinned_btn_dis.dds"                                   , "24"   , "24"    , "dds"
"ui\aeon\game\menu-btns\pinned_btn_down.dds"                                  , "24"   , "24"    , "dds"
"ui\aeon\game\menu-btns\pinned_btn_over.dds"                                  , "24"   , "24"    , "dds"
"ui\aeon\game\menu-btns\pinned_btn_up.dds"                                    , "24"   , "24"    , "dds"
"ui\aeon\game\mfd_btn\control_btn_dis.dds"                                    , "44"   , "32"    , "dds"
"ui\aeon\game\mfd_btn\control_btn_down.dds"                                   , "44"   , "32"    , "dds"
"ui\aeon\game\mfd_btn\control_btn_over.dds"                                   , "44"   , "32"    , "dds"
"ui\aeon\game\mfd_btn\control_btn_up.dds"                                     , "44"   , "32"    , "dds"
"ui\aeon\game\mfd_btn\defenses_btn_dis.dds"                                   , "44"   , "32"    , "dds"
"ui\aeon\game\mfd_btn\defenses_btn_down.dds"                                  , "44"   , "32"    , "dds"
"ui\aeon\game\mfd_btn\defenses_btn_over.dds"                                  , "44"   , "32"    , "dds"
"ui\aeon\game\mfd_btn\defenses_btn_up.dds"                                    , "44"   , "32"    , "dds"
"ui\aeon\game\mfd_btn\economy_btn_dis.dds"                                    , "44"   , "32"    , "dds"
"ui\aeon\game\mfd_btn\economy_btn_down.dds"                                   , "44"   , "32"    , "dds"
"ui\aeon\game\mfd_btn\economy_btn_over.dds"                                   , "44"   , "32"    , "dds"
"ui\aeon\game\mfd_btn\economy_btn_up.dds"                                     , "44"   , "32"    , "dds"
"ui\aeon\game\mfd_btn\intelligence_btn_dis.dds"                               , "44"   , "32"    , "dds"
"ui\aeon\game\mfd_btn\intelligence_btn_down.dds"                              , "44"   , "32"    , "dds"
"ui\aeon\game\mfd_btn\intelligence_btn_over.dds"                              , "44"   , "32"    , "dds"
"ui\aeon\game\mfd_btn\intelligence_btn_up.dds"                                , "44"   , "32"    , "dds"
"ui\aeon\game\mfd_btn\military_btn_dis.dds"                                   , "44"   , "32"    , "dds"
"ui\aeon\game\mfd_btn\military_btn_down.dds"                                  , "44"   , "32"    , "dds"
"ui\aeon\game\mfd_btn\military_btn_over.dds"                                  , "44"   , "32"    , "dds"
"ui\aeon\game\mfd_btn\military_btn_up.dds"                                    , "44"   , "32"    , "dds"
"ui\aeon\game\mfd_btn\military-radar_btn_dis.dds"                             , "44"   , "32"    , "dds"
"ui\aeon\game\mfd_btn\military-radar_btn_down.dds"                            , "44"   , "32"    , "dds"
"ui\aeon\game\mfd_btn\military-radar_btn_over.dds"                            , "44"   , "32"    , "dds"
"ui\aeon\game\mfd_btn\military-radar_btn_up.dds"                              , "44"   , "32"    , "dds"
"ui\aeon\game\mfd_btn\ping_btn_dis.dds"                                       , "44"   , "32"    , "dds"
"ui\aeon\game\mfd_btn\ping_btn_down.dds"                                      , "44"   , "32"    , "dds"
"ui\aeon\game\mfd_btn\ping_btn_over.dds"                                      , "44"   , "32"    , "dds"
"ui\aeon\game\mfd_btn\ping_btn_up.dds"                                        , "44"   , "32"    , "dds"
"ui\aeon\game\mfd_btn\ping-alert_btn_dis.dds"                                 , "44"   , "32"    , "dds"
"ui\aeon\game\mfd_btn\ping-alert_btn_down.dds"                                , "44"   , "32"    , "dds"
"ui\aeon\game\mfd_btn\ping-alert_btn_over.dds"                                , "44"   , "32"    , "dds"
"ui\aeon\game\mfd_btn\ping-alert_btn_up.dds"                                  , "44"   , "32"    , "dds"
"ui\aeon\game\mfd_btn\ping-attack_btn_dis.dds"                                , "44"   , "32"    , "dds"
"ui\aeon\game\mfd_btn\ping-attack_btn_down.dds"                               , "44"   , "32"    , "dds"
"ui\aeon\game\mfd_btn\ping-attack_btn_over.dds"                               , "44"   , "32"    , "dds"
"ui\aeon\game\mfd_btn\ping-attack_btn_up.dds"                                 , "44"   , "32"    , "dds"
"ui\aeon\game\mfd_btn\ping-marker_btn_dis.dds"                                , "44"   , "32"    , "dds"
"ui\aeon\game\mfd_btn\ping-marker_btn_down.dds"                               , "44"   , "32"    , "dds"
"ui\aeon\game\mfd_btn\ping-marker_btn_over.dds"                               , "44"   , "32"    , "dds"
"ui\aeon\game\mfd_btn\ping-marker_btn_up.dds"                                 , "44"   , "32"    , "dds"
"ui\aeon\game\mfd_btn\ping-move_btn_dis.dds"                                  , "44"   , "32"    , "dds"
"ui\aeon\game\mfd_btn\ping-move_btn_down.dds"                                 , "44"   , "32"    , "dds"
"ui\aeon\game\mfd_btn\ping-move_btn_over.dds"                                 , "44"   , "32"    , "dds"
"ui\aeon\game\mfd_btn\ping-move_btn_up.dds"                                   , "44"   , "32"    , "dds"
"ui\aeon\game\mfd_btn\team-color_btn_dis.dds"                                 , "44"   , "32"    , "dds"
"ui\aeon\game\mfd_btn\team-color_btn_down.dds"                                , "44"   , "32"    , "dds"
"ui\aeon\game\mfd_btn\team-color_btn_over.dds"                                , "44"   , "32"    , "dds"
"ui\aeon\game\mfd_btn\team-color_btn_up.dds"                                  , "44"   , "32"    , "dds"
"ui\aeon\game\min-control-tab-btn\tab-close_btn_dis.dds"                      , "44"   , "24"    , "dds"
"ui\aeon\game\min-control-tab-btn\tab-close_btn_down.dds"                     , "44"   , "24"    , "dds"
"ui\aeon\game\min-control-tab-btn\tab-close_btn_over.dds"                     , "44"   , "24"    , "dds"
"ui\aeon\game\min-control-tab-btn\tab-close_btn_up.dds"                       , "44"   , "24"    , "dds"
"ui\aeon\game\min-control-tab-btn\tab-open_btn_dis.dds"                       , "44"   , "24"    , "dds"
"ui\aeon\game\min-control-tab-btn\tab-open_btn_down.dds"                      , "44"   , "24"    , "dds"
"ui\aeon\game\min-control-tab-btn\tab-open_btn_over.dds"                      , "44"   , "24"    , "dds"
"ui\aeon\game\min-control-tab-btn\tab-open_btn_up.dds"                        , "44"   , "24"    , "dds"
"ui\aeon\game\mini-map-brd\mini-map_brd_horz_um.dds"                          , "12"   , "36"    , "dds"
"ui\aeon\game\mini-map-brd\mini-map_brd_ll.dds"                               , "16"   , "12"    , "dds"
"ui\aeon\game\mini-map-brd\mini-map_brd_lm.dds"                               , "12"   , "12"    , "dds"
"ui\aeon\game\mini-map-brd\mini-map_brd_lr.dds"                               , "16"   , "12"    , "dds"
"ui\aeon\game\mini-map-brd\mini-map_brd_m.dds"                                , "12"   , "12"    , "dds"
"ui\aeon\game\mini-map-brd\mini-map_brd_ul.dds"                               , "36"   , "36"    , "dds"
"ui\aeon\game\mini-map-brd\mini-map_brd_ur.dds"                               , "36"   , "36"    , "dds"
"ui\aeon\game\mini-map-brd\mini-map_brd_vert_l.dds"                           , "16"   , "12"    , "dds"
"ui\aeon\game\mini-map-brd\mini-map_brd_vert_r.dds"                           , "16"   , "12"    , "dds"
"ui\aeon\game\mini-map-brd\mini-map-glow_bmp.dds"                             , "208"  , "208"   , "dds"
"ui\aeon\game\mini-map-glow-brd\mini-map-glow_brd_horz_um.dds"                , "8"    , "24"    , "dds"
"ui\aeon\game\mini-map-glow-brd\mini-map-glow_brd_ll copy.dds"                , "40"   , "40"    , "dds"
"ui\aeon\game\mini-map-glow-brd\mini-map-glow_brd_ll.dds"                     , "40"   , "40"    , "dds"
"ui\aeon\game\mini-map-glow-brd\mini-map-glow_brd_lm.dds"                     , "8"    , "24"    , "dds"
"ui\aeon\game\mini-map-glow-brd\mini-map-glow_brd_lr.dds"                     , "40"   , "40"    , "dds"
"ui\aeon\game\mini-map-glow-brd\mini-map-glow_brd_ul.dds"                     , "40"   , "40"    , "dds"
"ui\aeon\game\mini-map-glow-brd\mini-map-glow_brd_ur.dds"                     , "40"   , "40"    , "dds"
"ui\aeon\game\mini-map-glow-brd\mini-map-glow_brd_vert_l.dds"                 , "24"   , "8"     , "dds"
"ui\aeon\game\mini-map-glow-brd\mini-map-glow_brd_vert_r.dds"                 , "24"   , "8"     , "dds"
"ui\aeon\game\objective-icons\panel-icon_bmp.dds"                             , "60"   , "68"    , "dds"
"ui\aeon\game\objective-icons\primary-ring_bmp.dds"                           , "52"   , "48"    , "dds"
"ui\aeon\game\objective-icons\secondary-ring_bmp.dds"                         , "52"   , "48"    , "dds"
"ui\aeon\game\options_tab\diplomacy_btn_dis.dds"                              , "56"   , "48"    , "dds"
"ui\aeon\game\options_tab\diplomacy_btn_down.dds"                             , "56"   , "48"    , "dds"
"ui\aeon\game\options_tab\diplomacy_btn_over.dds"                             , "56"   , "48"    , "dds"
"ui\aeon\game\options_tab\diplomacy_btn_selected.dds"                         , "56"   , "48"    , "dds"
"ui\aeon\game\options_tab\diplomacy_btn_up.dds"                               , "56"   , "48"    , "dds"
"ui\aeon\game\options_tab\glow_bmp.dds"                                       , "56"   , "48"    , "dds"
"ui\aeon\game\options_tab\menu_btn_dis.dds"                                   , "56"   , "48"    , "dds"
"ui\aeon\game\options_tab\menu_btn_down.dds"                                  , "56"   , "48"    , "dds"
"ui\aeon\game\options_tab\menu_btn_over.dds"                                  , "56"   , "48"    , "dds"
"ui\aeon\game\options_tab\menu_btn_selected.dds"                              , "56"   , "48"    , "dds"
"ui\aeon\game\options_tab\menu_btn_up.dds"                                    , "56"   , "48"    , "dds"
"ui\aeon\game\options_tab\objectives_btn_dis.dds"                             , "56"   , "48"    , "dds"
"ui\aeon\game\options_tab\objectives_btn_down.dds"                            , "56"   , "48"    , "dds"
"ui\aeon\game\options_tab\objectives_btn_over.dds"                            , "56"   , "48"    , "dds"
"ui\aeon\game\options_tab\objectives_btn_selected.dds"                        , "56"   , "48"    , "dds"
"ui\aeon\game\options_tab\objectives_btn_up.dds"                              , "56"   , "48"    , "dds"
"ui\aeon\game\options_tab\pause_btn_dis.dds"                                  , "56"   , "48"    , "dds"
"ui\aeon\game\options_tab\pause_btn_down.dds"                                 , "56"   , "48"    , "dds"
"ui\aeon\game\options_tab\pause_btn_over.dds"                                 , "56"   , "48"    , "dds"
"ui\aeon\game\options_tab\pause_btn_selected.dds"                             , "56"   , "48"    , "dds"
"ui\aeon\game\options_tab\pause_btn_up.dds"                                   , "56"   , "48"    , "dds"
"ui\aeon\game\options_tab\play_btn_dis.dds"                                   , "56"   , "48"    , "dds"
"ui\aeon\game\options_tab\play_btn_down.dds"                                  , "56"   , "48"    , "dds"
"ui\aeon\game\options_tab\play_btn_over.dds"                                  , "56"   , "48"    , "dds"
"ui\aeon\game\options_tab\play_btn_selected.dds"                              , "56"   , "48"    , "dds"
"ui\aeon\game\options_tab\play_btn_up.dds"                                    , "56"   , "48"    , "dds"
"ui\aeon\game\options-panel\options_brd_horz_lm.dds"                          , "4"    , "28"    , "dds"
"ui\aeon\game\options-panel\options_brd_horz_um.dds"                          , "80"   , "36"    , "dds"
"ui\aeon\game\options-panel\options_brd_horz_uml.dds"                         , "4"    , "28"    , "dds"
"ui\aeon\game\options-panel\options_brd_horz_umr.dds"                         , "4"    , "28"    , "dds"
"ui\aeon\game\options-panel\options_brd_ll.dds"                               , "44"   , "36"    , "dds"
"ui\aeon\game\options-panel\options_brd_lr.dds"                               , "44"   , "36"    , "dds"
"ui\aeon\game\options-panel\options_brd_m.dds"                                , "4"    , "8"     , "dds"
"ui\aeon\game\options-panel\options_brd_ul.dds"                               , "44"   , "36"    , "dds"
"ui\aeon\game\options-panel\options_brd_ur.dds"                               , "44"   , "36"    , "dds"
"ui\aeon\game\options-panel\options_brd_vert_l.dds"                           , "36"   , "8"     , "dds"
"ui\aeon\game\options-panel\options_brd_vert_ll.dds"                          , "40"   , "24"    , "dds"
"ui\aeon\game\options-panel\options_brd_vert_lr.dds"                          , "40"   , "24"    , "dds"
"ui\aeon\game\options-panel\options_brd_vert_r.dds"                           , "36"   , "8"     , "dds"
"ui\aeon\game\options-panel\options_brd_vert_ul.dds"                          , "40"   , "24"    , "dds"
"ui\aeon\game\options-panel\options_brd_vert_ur.dds"                          , "40"   , "24"    , "dds"
"ui\aeon\game\orders-panel_vert\bracket_bmp.dds"                              , "36"   , "228"   , "dds"
"ui\aeon\game\orders-panel_vert\order-panel_bmp.dds"                          , "188"  , "224"   , "dds"
"ui\aeon\game\orders-panel\bracket_bmp.dds"                                   , "36"   , "124"   , "dds"
"ui\aeon\game\orders-panel\no-parking_bmp.dds"                                , "56"   , "56"    , "dds"
"ui\aeon\game\orders-panel\order-panel_bmp.dds"                               , "332"  , "120"   , "dds"
"ui\aeon\game\orders-panel\question-mark_bmp.dds"                             , "16"   , "24"    , "dds"
"ui\aeon\game\panel\panel_brd_horz_um.dds"                                    , "8"    , "28"    , "dds"
"ui\aeon\game\panel\panel_brd_ll.dds"                                         , "28"   , "28"    , "dds"
"ui\aeon\game\panel\panel_brd_lm.dds"                                         , "8"    , "28"    , "dds"
"ui\aeon\game\panel\panel_brd_lr.dds"                                         , "28"   , "28"    , "dds"
"ui\aeon\game\panel\panel_brd_m.dds"                                          , "8"    , "8"     , "dds"
"ui\aeon\game\panel\panel_brd_ul.dds"                                         , "28"   , "28"    , "dds"
"ui\aeon\game\panel\panel_brd_ur.dds"                                         , "28"   , "28"    , "dds"
"ui\aeon\game\panel\panel_brd_vert_l.dds"                                     , "28"   , "8"     , "dds"
"ui\aeon\game\panel\panel_brd_vert_r.dds"                                     , "28"   , "8"     , "dds"
"ui\aeon\game\pause_btn\glow_bmp.dds"                                         , "56"   , "48"    , "dds"
"ui\aeon\game\pause_btn\pause_btn_dis.dds"                                    , "56"   , "48"    , "dds"
"ui\aeon\game\pause_btn\pause_btn_down.dds"                                   , "56"   , "48"    , "dds"
"ui\aeon\game\pause_btn\pause_btn_over.dds"                                   , "56"   , "48"    , "dds"
"ui\aeon\game\pause_btn\pause_btn_up.dds"                                     , "56"   , "48"    , "dds"
"ui\aeon\game\pause_btn\play_btn_dis.dds"                                     , "56"   , "48"    , "dds"
"ui\aeon\game\pause_btn\play_btn_down.dds"                                    , "56"   , "48"    , "dds"
"ui\aeon\game\pause_btn\play_btn_over.dds"                                    , "56"   , "48"    , "dds"
"ui\aeon\game\pause_btn\play_btn_up.dds"                                      , "56"   , "48"    , "dds"
"ui\aeon\game\pause-indicator\bottom.dds"                                     , "20"   , "20"    , "dds"
"ui\aeon\game\pause-indicator\left.dds"                                       , "20"   , "20"    , "dds"
"ui\aeon\game\pause-indicator\right.dds"                                      , "20"   , "20"    , "dds"
"ui\aeon\game\pause-indicator\top.dds"                                        , "20"   , "20"    , "dds"
"ui\aeon\game\pda-panel\bracket-right_bmp.dds"                                , "32"   , "156"   , "dds"
"ui\aeon\game\pda-panel\panel-objectives_bmp_l.dds"                           , "20"   , "76"    , "dds"
"ui\aeon\game\pda-panel\panel-objectives_bmp_m.dds"                           , "4"    , "72"    , "dds"
"ui\aeon\game\pda-panel\panel-objectives_bmp_r.dds"                           , "24"   , "72"    , "dds"
"ui\aeon\game\pda-panel\panel-ping_bmp_l.dds"                                 , "20"   , "60"    , "dds"
"ui\aeon\game\pda-panel\panel-ping_bmp_m.dds"                                 , "4"    , "56"    , "dds"
"ui\aeon\game\pda-panel\panel-ping_bmp_r.dds"                                 , "24"   , "56"    , "dds"
"ui\aeon\game\pda-panel\panel-time-units_bmp_l.dds"                           , "20"   , "28"    , "dds"
"ui\aeon\game\pda-panel\panel-time-units_bmp_m.dds"                           , "4"    , "24"    , "dds"
"ui\aeon\game\pda-panel\panel-time-units_bmp_r.dds"                           , "24"   , "24"    , "dds"
"ui\aeon\game\pda-panel\title-bar_bmp.dds"                                    , "136"  , "20"    , "dds"
"ui\aeon\game\pda-panel\video-panel_bmp.dds"                                  , "168"  , "152"   , "dds"
"ui\aeon\game\ping-icons\panel-icon_bmp.dds"                                  , "56"   , "56"    , "dds"
"ui\aeon\game\ping-icons\panel-icon-ring_bmp.dds"                             , "56"   , "56"    , "dds"
"ui\aeon\game\resource-bars\mini-energy-bar_bmp.dds"                          , "160"  , "16"    , "dds"
"ui\aeon\game\resource-bars\mini-energy-bar-back_bmp.dds"                     , "160"  , "16"    , "dds"
"ui\aeon\game\resource-bars\mini-mass-bar_bmp.dds"                            , "160"  , "16"    , "dds"
"ui\aeon\game\resource-bars\mini-mass-bar-back_bmp.dds"                       , "160"  , "16"    , "dds"
"ui\aeon\game\resource-panel\alert-caution_bmp.dds"                           , "48"   , "44"    , "dds"
"ui\aeon\game\resource-panel\alert-energy-panel_bmp.dds"                      , "316"  , "32"    , "dds"
"ui\aeon\game\resource-panel\alert-icon_bmp.dds"                              , "28"   , "36"    , "dds"
"ui\aeon\game\resource-panel\alert-mass-panel_bmp.dds"                        , "316"  , "32"    , "dds"
"ui\aeon\game\resource-panel\alert-no-parking_bmp.dds"                        , "52"   , "52"    , "dds"
"ui\aeon\game\resource-panel\bracket-energy-l_bmp.dds"                        , "20"   , "68"    , "dds"
"ui\aeon\game\resource-panel\bracket-energy-r_bmp.dds"                        , "20"   , "68"    , "dds"
"ui\aeon\game\resource-panel\bracket-left_bmp.dds"                            , "32"   , "80"    , "dds"
"ui\aeon\game\resource-panel\bracket-right_bmp.dds"                           , "28"   , "68"    , "dds"
"ui\aeon\game\resource-panel\caution-energy-panel_bmp.dds"                    , "316"  , "32"    , "dds"
"ui\aeon\game\resource-panel\caution-mass-panel_bmp.dds"                      , "316"  , "32"    , "dds"
"ui\aeon\game\resource-panel\resources_panel_bmp.dds"                         , "324"  , "72"    , "dds"
"ui\aeon\game\score-panel\icon-square_bmp.dds"                                , "24"   , "24"    , "dds"
"ui\aeon\game\score-panel\panel-score_bmp_b.dds"                              , "232"  , "20"    , "dds"
"ui\aeon\game\score-panel\panel-score_bmp_m.dds"                              , "232"  , "4"     , "dds"
"ui\aeon\game\score-panel\panel-score_bmp_t.dds"                              , "232"  , "44"    , "dds"
"ui\aeon\game\tab-l-btn\tab-close_btn_dis.dds"                                , "20"   , "28"    , "dds"
"ui\aeon\game\tab-l-btn\tab-close_btn_down.dds"                               , "20"   , "28"    , "dds"
"ui\aeon\game\tab-l-btn\tab-close_btn_over.dds"                               , "20"   , "28"    , "dds"
"ui\aeon\game\tab-l-btn\tab-close_btn_up.dds"                                 , "20"   , "28"    , "dds"
"ui\aeon\game\tab-l-btn\tab-open_btn_dis.dds"                                 , "20"   , "28"    , "dds"
"ui\aeon\game\tab-l-btn\tab-open_btn_down.dds"                                , "20"   , "28"    , "dds"
"ui\aeon\game\tab-l-btn\tab-open_btn_over.dds"                                , "20"   , "28"    , "dds"
"ui\aeon\game\tab-l-btn\tab-open_btn_up.dds"                                  , "20"   , "28"    , "dds"
"ui\aeon\game\tab-r-btn\tab-close_btn_dis.dds"                                , "20"   , "28"    , "dds"
"ui\aeon\game\tab-r-btn\tab-close_btn_down.dds"                               , "20"   , "28"    , "dds"
"ui\aeon\game\tab-r-btn\tab-close_btn_over.dds"                               , "20"   , "28"    , "dds"
"ui\aeon\game\tab-r-btn\tab-close_btn_up.dds"                                 , "20"   , "28"    , "dds"
"ui\aeon\game\tab-r-btn\tab-open_btn_dis.dds"                                 , "20"   , "28"    , "dds"
"ui\aeon\game\tab-r-btn\tab-open_btn_down.dds"                                , "20"   , "28"    , "dds"
"ui\aeon\game\tab-r-btn\tab-open_btn_over.dds"                                , "20"   , "28"    , "dds"
"ui\aeon\game\tab-r-btn\tab-open_btn_up.dds"                                  , "20"   , "28"    , "dds"
"ui\aeon\game\tab-t-btn\tab-close_btn_dis.dds"                                , "28"   , "20"    , "dds"
"ui\aeon\game\tab-t-btn\tab-close_btn_down.dds"                               , "28"   , "20"    , "dds"
"ui\aeon\game\tab-t-btn\tab-close_btn_over.dds"                               , "28"   , "20"    , "dds"
"ui\aeon\game\tab-t-btn\tab-close_btn_up.dds"                                 , "28"   , "20"    , "dds"
"ui\aeon\game\tab-t-btn\tab-open_btn_dis.dds"                                 , "28"   , "20"    , "dds"
"ui\aeon\game\tab-t-btn\tab-open_btn_down.dds"                                , "28"   , "20"    , "dds"
"ui\aeon\game\tab-t-btn\tab-open_btn_over.dds"                                , "28"   , "20"    , "dds"
"ui\aeon\game\tab-t-btn\tab-open_btn_up.dds"                                  , "28"   , "20"    , "dds"
"ui\aeon\game\temp_textures\checkmark_dark.dds"                               , "16"   , "16"    , "dds"
"ui\aeon\game\temp_textures\checkmark.dds"                                    , "16"   , "16"    , "dds"
"ui\aeon\game\temp_textures\combo_sel.dds"                                    , "20"   , "20"    , "dds"
"ui\aeon\game\temp_textures\combo_up.dds"                                     , "20"   , "20"    , "dds"
"ui\aeon\game\transmission\title-bar_bmp.dds"                                 , "192"  , "20"    , "dds"
"ui\aeon\game\transmission\video-brackets.dds"                                , "224"  , "216"   , "dds"
"ui\aeon\game\transmission\video-panel_bmp.dds"                               , "236"  , "216"   , "dds"
"ui\aeon\game\transmission\video-panel.dds"                                   , "208"  , "208"   , "dds"
"ui\aeon\game\unit-build-over-panel\bracket-build_bmp.dds"                    , "32"   , "116"   , "dds"
"ui\aeon\game\unit-build-over-panel\bracket-unit_bmp.dds"                     , "32"   , "116"   , "dds"
"ui\aeon\game\unit-build-over-panel\build-over-back_bmp.dds"                  , "332"  , "116"   , "dds"
"ui\aeon\game\unit-build-over-panel\unit-over-back_bmp.dds"                   , "332"  , "116"   , "dds"
"ui\aeon\small-vert_scroll\arrow-down_scr_dis.dds"                            , "36"   , "28"    , "dds"
"ui\aeon\small-vert_scroll\arrow-down_scr_down.dds"                           , "36"   , "28"    , "dds"
"ui\aeon\small-vert_scroll\arrow-down_scr_over.dds"                           , "36"   , "28"    , "dds"
"ui\aeon\small-vert_scroll\arrow-down_scr_up.dds"                             , "36"   , "28"    , "dds"
"ui\aeon\small-vert_scroll\arrow-up_scr_dis.dds"                              , "36"   , "28"    , "dds"
"ui\aeon\small-vert_scroll\arrow-up_scr_down.dds"                             , "36"   , "28"    , "dds"
"ui\aeon\small-vert_scroll\arrow-up_scr_over.dds"                             , "36"   , "28"    , "dds"
"ui\aeon\small-vert_scroll\arrow-up_scr_up.dds"                               , "36"   , "28"    , "dds"
"ui\aeon\small-vert_scroll\back_scr_bot.dds"                                  , "28"   , "12"    , "dds"
"ui\aeon\small-vert_scroll\back_scr_mid.dds"                                  , "36"   , "8"     , "dds"
"ui\aeon\small-vert_scroll\back_scr_top.dds"                                  , "28"   , "12"    , "dds"
"ui\aeon\small-vert_scroll\bar-bot_scr_dis.dds"                               , "36"   , "8"     , "dds"
"ui\aeon\small-vert_scroll\bar-bot_scr_down.dds"                              , "36"   , "8"     , "dds"
"ui\aeon\small-vert_scroll\bar-bot_scr_over.dds"                              , "36"   , "8"     , "dds"
"ui\aeon\small-vert_scroll\bar-bot_scr_up.dds"                                , "36"   , "8"     , "dds"
"ui\aeon\small-vert_scroll\bar-mid_scr_dis.dds"                               , "36"   , "8"     , "dds"
"ui\aeon\small-vert_scroll\bar-mid_scr_down.dds"                              , "36"   , "8"     , "dds"
"ui\aeon\small-vert_scroll\bar-mid_scr_over.dds"                              , "36"   , "8"     , "dds"
"ui\aeon\small-vert_scroll\bar-mid_scr_up.dds"                                , "36"   , "8"     , "dds"
"ui\aeon\small-vert_scroll\bar-top_scr_dis.dds"                               , "36"   , "8"     , "dds"
"ui\aeon\small-vert_scroll\bar-top_scr_down.dds"                              , "36"   , "8"     , "dds"
"ui\aeon\small-vert_scroll\bar-top_scr_over.dds"                              , "36"   , "8"     , "dds"
"ui\aeon\small-vert_scroll\bar-top_scr_up.dds"                                , "36"   , "8"     , "dds"
"ui\aeon\widgets02\small_btn_dis.dds"                                         , "148"  , "36"    , "dds"
"ui\aeon\widgets02\small_btn_down.dds"                                        , "148"  , "36"    , "dds"
"ui\aeon\widgets02\small_btn_over.dds"                                        , "148"  , "36"    , "dds"
"ui\aeon\widgets02\small_btn_up.dds"                                          , "148"  , "36"    , "dds"
"ui\common\aeon_load.dds"                                                     , "1280" , "1024"  , "dds"
"ui\common\aeon-btn-med\medium_btn_dis.dds"                                   , "296"  , "88"    , "dds"
"ui\common\aeon-btn-med\medium_btn_down.dds"                                  , "296"  , "88"    , "dds"
"ui\common\aeon-btn-med\medium_btn_over.dds"                                  , "296"  , "88"    , "dds"
"ui\common\aeon-btn-med\medium_btn_up.dds"                                    , "296"  , "88"    , "dds"
"ui\common\aeon-btn-small-op\small_btn_dis.dds"                               , "196"  , "76"    , "dds"
"ui\common\aeon-btn-small-op\small_btn_down.dds"                              , "196"  , "76"    , "dds"
"ui\common\aeon-btn-small-op\small_btn_over.dds"                              , "196"  , "76"    , "dds"
"ui\common\aeon-btn-small-op\small_btn_up.dds"                                , "196"  , "76"    , "dds"
"ui\common\aeon-btn-small-stretch\small_btn_dis.dds"                          , "220"  , "48"    , "dds"
"ui\common\aeon-btn-small-stretch\small_btn_down.dds"                         , "220"  , "48"    , "dds"
"ui\common\aeon-btn-small-stretch\small_btn_over.dds"                         , "220"  , "48"    , "dds"
"ui\common\aeon-btn-small-stretch\small_btn_up.dds"                           , "220"  , "48"    , "dds"
"ui\common\aeon-btn-small\small_btn_dis.dds"                                  , "196"  , "76"    , "dds"
"ui\common\aeon-btn-small\small_btn_down.dds"                                 , "196"  , "76"    , "dds"
"ui\common\aeon-btn-small\small_btn_over.dds"                                 , "196"  , "76"    , "dds"
"ui\common\aeon-btn-small\small_btn_up.dds"                                   , "196"  , "76"    , "dds"
"ui\common\campaign\campaign-select-border\back_brd_horz_lml.dds"             , "8"    , "68"    , "dds"
"ui\common\campaign\campaign-select-border\back_brd_horz_um.dds"              , "928"  , "68"    , "dds"
"ui\common\campaign\campaign-select-border\back_brd_horz_uml.dds"             , "8"    , "56"    , "dds"
"ui\common\campaign\campaign-select-border\back_brd_horz_umr.dds"             , "8"    , "56"    , "dds"
"ui\common\campaign\campaign-select-border\back_brd_ll.dds"                   , "200"  , "140"   , "dds"
"ui\common\campaign\campaign-select-border\back_brd_lr.dds"                   , "816"  , "144"   , "dds"
"ui\common\campaign\campaign-select-border\back_brd_ul.dds"                   , "40"   , "120"   , "dds"
"ui\common\campaign\campaign-select-border\back_brd_ur.dds"                   , "40"   , "120"   , "dds"
"ui\common\campaign\campaign-select-border\icon-video-black_bmp.dds"          , "64"   , "36"    , "dds"
"ui\common\campaign\campaign-select-border\icon-video-white_bmp.dds"          , "64"   , "36"    , "dds"
"ui\common\campaign\logo-btn\logo-aeon__btn_dis.dds"                          , "108"  , "112"   , "dds"
"ui\common\campaign\logo-btn\logo-aeon__btn_up.dds"                           , "108"  , "112"   , "dds"
"ui\common\campaign\logo-btn\logo-aeon_btn_dis.dds"                           , "108"  , "112"   , "dds"
"ui\common\campaign\logo-btn\logo-aeon_btn_over_sel.dds"                      , "108"  , "112"   , "dds"
"ui\common\campaign\logo-btn\logo-aeon_btn_over.dds"                          , "108"  , "112"   , "dds"
"ui\common\campaign\logo-btn\logo-aeon_btn_sel.dds"                           , "108"  , "112"   , "dds"
"ui\common\campaign\logo-btn\logo-aeon_btn_up.dds"                            , "108"  , "112"   , "dds"
"ui\common\campaign\logo-btn\logo-cybran_btn_dis.dds"                         , "108"  , "112"   , "dds"
"ui\common\campaign\logo-btn\logo-cybran_btn_over_sel.dds"                    , "108"  , "112"   , "dds"
"ui\common\campaign\logo-btn\logo-cybran_btn_over.dds"                        , "108"  , "112"   , "dds"
"ui\common\campaign\logo-btn\logo-cybran_btn_sel.dds"                         , "108"  , "112"   , "dds"
"ui\common\campaign\logo-btn\logo-cybran_btn_up.dds"                          , "108"  , "112"   , "dds"
"ui\common\campaign\logo-btn\logo-uef_btn_dis.dds"                            , "108"  , "112"   , "dds"
"ui\common\campaign\logo-btn\logo-uef_btn_over_sel.dds"                       , "108"  , "112"   , "dds"
"ui\common\campaign\logo-btn\logo-uef_btn_over.dds"                           , "108"  , "112"   , "dds"
"ui\common\campaign\logo-btn\logo-uef_btn_sel.dds"                            , "108"  , "112"   , "dds"
"ui\common\campaign\logo-btn\logo-uef_btn_up.dds"                             , "108"  , "112"   , "dds"
"ui\common\campaign\op-select-btn\op-select_btn_dis.dds"                      , "288"  , "60"    , "dds"
"ui\common\campaign\op-select-btn\op-select_btn_down.dds"                     , "288"  , "60"    , "dds"
"ui\common\campaign\op-select-btn\op-select_btn_over.dds"                     , "288"  , "60"    , "dds"
"ui\common\campaign\op-select-btn\op-select_btn_up.dds"                       , "288"  , "60"    , "dds"
"ui\common\campaign\op-select-btn\op-select-aeon_btn_dis.dds"                 , "288"  , "60"    , "dds"
"ui\common\campaign\op-select-btn\op-select-aeon_btn_down.dds"                , "288"  , "60"    , "dds"
"ui\common\campaign\op-select-btn\op-select-aeon_btn_over.dds"                , "288"  , "60"    , "dds"
"ui\common\campaign\op-select-btn\op-select-aeon_btn_up.dds"                  , "288"  , "60"    , "dds"
"ui\common\campaign\op-select-btn\op-select-cybran_btn_dis.dds"               , "288"  , "60"    , "dds"
"ui\common\campaign\op-select-btn\op-select-cybran_btn_down.dds"              , "288"  , "60"    , "dds"
"ui\common\campaign\op-select-btn\op-select-cybran_btn_over.dds"              , "288"  , "60"    , "dds"
"ui\common\campaign\op-select-btn\op-select-cybran_btn_up.dds"                , "288"  , "60"    , "dds"
"ui\common\campaign\op-select-btn\op-select-uef_btn_dis.dds"                  , "288"  , "60"    , "dds"
"ui\common\campaign\op-select-btn\op-select-uef_btn_down.dds"                 , "288"  , "60"    , "dds"
"ui\common\campaign\op-select-btn\op-select-uef_btn_over.dds"                 , "288"  , "60"    , "dds"
"ui\common\campaign\op-select-btn\op-select-uef_btn_up.dds"                   , "288"  , "60"    , "dds"
"ui\common\campaign\operations-02\arrow-off_bmp.dds"                          , "24"   , "16"    , "dds"
"ui\common\campaign\operations-02\arrow-on_bmp.dds"                           , "24"   , "16"    , "dds"
"ui\common\campaign\operations-02\back_brd_horz_lm.dds"                       , "656"  , "188"   , "dds"
"ui\common\campaign\operations-02\back_brd_horz_lml.dds"                      , "16"   , "144"   , "dds"
"ui\common\campaign\operations-02\back_brd_horz_lmr.dds"                      , "16"   , "168"   , "dds"
"ui\common\campaign\operations-02\back_brd_horz_um.dds"                       , "656"  , "96"    , "dds"
"ui\common\campaign\operations-02\back_brd_horz_uml.dds"                      , "16"   , "80"    , "dds"
"ui\common\campaign\operations-02\back_brd_horz_umr.dds"                      , "16"   , "80"    , "dds"
"ui\common\campaign\operations-02\back_brd_ll.dds"                            , "168"  , "500"   , "dds"
"ui\common\campaign\operations-02\back_brd_lr.dds"                            , "168"  , "500"   , "dds"
"ui\common\campaign\operations-02\back_brd_ul.dds"                            , "168"  , "260"   , "dds"
"ui\common\campaign\operations-02\back_brd_ur.dds"                            , "168"  , "260"   , "dds"
"ui\common\campaign\operations-02\back_brd_vert_l.dds"                        , "84"   , "8"     , "dds"
"ui\common\campaign\operations-02\back_brd_vert_r.dds"                        , "84"   , "8"     , "dds"
"ui\common\campaign\operations-02\back-back_bmp.dds"                          , "168"  , "52"    , "dds"
"ui\common\campaign\operations-02\background_bmp.dds"                         , "1024" , "768"   , "dds"
"ui\common\campaign\operations-02\border_bmp.dds"                             , "1024" , "768"   , "dds"
"ui\common\campaign\operations-02\l-teleport-text.dds"                        , "28"   , "8"     , "dds"
"ui\common\campaign\operations-02\large02_btn_up.dds"                         , "252"  , "52"    , "dds"
"ui\common\campaign\operations-02\launch-back_bmp.dds"                        , "288"  , "72"    , "dds"
"ui\common\campaign\operations-02\launch-line_bmp.dds"                        , "292"  , "20"    , "dds"
"ui\common\campaign\operations-02\launch04_btn_dis.dds"                       , "156"  , "120"   , "dds"
"ui\common\campaign\operations-02\launch04_btn_down.dds"                      , "156"  , "128"   , "dds"
"ui\common\campaign\operations-02\launch04_btn_over.dds"                      , "156"  , "128"   , "dds"
"ui\common\campaign\operations-02\launch04_btn_up.dds"                        , "156"  , "128"   , "dds"
"ui\common\campaign\operations-02\lights-blue_bmp.dds"                        , "96"   , "104"   , "dds"
"ui\common\campaign\operations-02\lights-white_bmp.dds"                       , "264"  , "208"   , "dds"
"ui\common\campaign\operations-02\nav-back_btn_dis.dds"                       , "36"   , "28"    , "dds"
"ui\common\campaign\operations-02\nav-back_btn_down.dds"                      , "40"   , "32"    , "dds"
"ui\common\campaign\operations-02\nav-back_btn_over.dds"                      , "44"   , "36"    , "dds"
"ui\common\campaign\operations-02\nav-back_btn_up.dds"                        , "36"   , "32"    , "dds"
"ui\common\campaign\operations-02\nav-chapter_btn_dis.dds"                    , "36"   , "28"    , "dds"
"ui\common\campaign\operations-02\nav-chapter_btn_down.dds"                   , "44"   , "36"    , "dds"
"ui\common\campaign\operations-02\nav-chapter_btn_over.dds"                   , "36"   , "28"    , "dds"
"ui\common\campaign\operations-02\nav-chapter_btn_sel.dds"                    , "36"   , "28"    , "dds"
"ui\common\campaign\operations-02\nav-chapter_btn_up.dds"                     , "36"   , "28"    , "dds"
"ui\common\campaign\operations-02\nav-end_btn_dis.dds"                        , "36"   , "28"    , "dds"
"ui\common\campaign\operations-02\nav-end_btn_down.dds"                       , "44"   , "36"    , "dds"
"ui\common\campaign\operations-02\nav-end_btn_over.dds"                       , "44"   , "36"    , "dds"
"ui\common\campaign\operations-02\nav-end_btn_up.dds"                         , "44"   , "36"    , "dds"
"ui\common\campaign\operations-02\nav-ff_btn_dis.dds"                         , "36"   , "28"    , "dds"
"ui\common\campaign\operations-02\nav-ff_btn_down.dds"                        , "40"   , "36"    , "dds"
"ui\common\campaign\operations-02\nav-ff_btn_over.dds"                        , "40"   , "36"    , "dds"
"ui\common\campaign\operations-02\nav-ff_btn_up.dds"                          , "36"   , "32"    , "dds"
"ui\common\campaign\operations-02\nav-pause_btn_dis.dds"                      , "36"   , "28"    , "dds"
"ui\common\campaign\operations-02\nav-pause_btn_down.dds"                     , "36"   , "36"    , "dds"
"ui\common\campaign\operations-02\nav-pause_btn_over.dds"                     , "36"   , "36"    , "dds"
"ui\common\campaign\operations-02\nav-pause_btn_up.dds"                       , "36"   , "36"    , "dds"
"ui\common\campaign\operations-02\nav-play_btn_dis.dds"                       , "36"   , "28"    , "dds"
"ui\common\campaign\operations-02\nav-play_btn_down.dds"                      , "36"   , "36"    , "dds"
"ui\common\campaign\operations-02\nav-play_btn_over.dds"                      , "36"   , "36"    , "dds"
"ui\common\campaign\operations-02\nav-play_btn_up.dds"                        , "36"   , "36"    , "dds"
"ui\common\campaign\operations-02\teleport_bmp.dds"                           , "128"  , "104"   , "dds"
"ui\common\campaign\operations-02\teleport-100_bmp.dds"                       , "128"  , "104"   , "dds"
"ui\common\campaign\operations-02\teleport-25_bmp.dds"                        , "64"   , "48"    , "dds"
"ui\common\campaign\operations-02\teleport-50_bmp.dds"                        , "64"   , "104"   , "dds"
"ui\common\campaign\operations-02\teleport-75_bmp.dds"                        , "128"  , "104"   , "dds"
"ui\common\campaign\operations-02\teleport-empty_bmp.dds"                     , "112"  , "92"    , "dds"
"ui\common\campaign\operations-02\text-panel_bmp.dds"                         , "700"  , "120"   , "dds"
"ui\common\campaign\starfield.dds"                                            , "1600" , "1200"  , "dds"
"ui\common\cybran_load.dds"                                                   , "1280" , "1024"  , "dds"
"ui\common\cybran-btn-med\medium_btn_dis.dds"                                 , "296"  , "88"    , "dds"
"ui\common\cybran-btn-med\medium_btn_down.dds"                                , "296"  , "88"    , "dds"
"ui\common\cybran-btn-med\medium_btn_over.dds"                                , "296"  , "88"    , "dds"
"ui\common\cybran-btn-med\medium_btn_up.dds"                                  , "296"  , "88"    , "dds"
"ui\common\cybran-btn-small-stretch\small_btn_dis.dds"                        , "220"  , "48"    , "dds"
"ui\common\cybran-btn-small-stretch\small_btn_down.dds"                       , "220"  , "48"    , "dds"
"ui\common\cybran-btn-small-stretch\small_btn_over.dds"                       , "220"  , "48"    , "dds"
"ui\common\cybran-btn-small-stretch\small_btn_up.dds"                         , "220"  , "48"    , "dds"
"ui\common\cybran-btn-small\small_btn_dis.dds"                                , "196"  , "76"    , "dds"
"ui\common\cybran-btn-small\small_btn_down.dds"                               , "196"  , "76"    , "dds"
"ui\common\cybran-btn-small\small_btn_over.dds"                               , "196"  , "76"    , "dds"
"ui\common\cybran-btn-small\small_btn_up.dds"                                 , "196"  , "76"    , "dds"
"ui\common\dialogs\alert-mass-energy\alert-bracket01_bmp.dds"                 , "320"  , "80"    , "dds"
"ui\common\dialogs\alert-mass-energy\alert-bracket02_bmp.dds"                 , "320"  , "80"    , "dds"
"ui\common\dialogs\alert-mass-energy\alert-bracket03_bmp.dds"                 , "320"  , "80"    , "dds"
"ui\common\dialogs\alert-mass-energy\alert-energy_bmp.dds"                    , "280"  , "80"    , "dds"
"ui\common\dialogs\alert-mass-energy\alert-energy01_bmp.dds"                  , "320"  , "80"    , "dds"
"ui\common\dialogs\alert-mass-energy\alert-energy02_bmp.dds"                  , "320"  , "80"    , "dds"
"ui\common\dialogs\alert-mass-energy\alert-energy03_bmp.dds"                  , "320"  , "80"    , "dds"
"ui\common\dialogs\alert-mass-energy\alert-mass_bmp.dds"                      , "280"  , "80"    , "dds"
"ui\common\dialogs\alert-mass-energy\alert-mass01_bmp.dds"                    , "320"  , "80"    , "dds"
"ui\common\dialogs\alert-mass-energy\alert-mass02_bmp.dds"                    , "320"  , "80"    , "dds"
"ui\common\dialogs\alert-mass-energy\alert-mass03_bmp.dds"                    , "320"  , "80"    , "dds"
"ui\common\dialogs\check-box_btn\radio-d_btn_dis.dds"                         , "28"   , "28"    , "dds"
"ui\common\dialogs\check-box_btn\radio-d_btn_down.dds"                        , "28"   , "28"    , "dds"
"ui\common\dialogs\check-box_btn\radio-d_btn_over.dds"                        , "28"   , "28"    , "dds"
"ui\common\dialogs\check-box_btn\radio-d_btn_up.dds"                          , "28"   , "28"    , "dds"
"ui\common\dialogs\check-box_btn\radio-s_btn_dis.dds"                         , "28"   , "28"    , "dds"
"ui\common\dialogs\check-box_btn\radio-s_btn_down.dds"                        , "28"   , "28"    , "dds"
"ui\common\dialogs\check-box_btn\radio-s_btn_over.dds"                        , "28"   , "28"    , "dds"
"ui\common\dialogs\check-box_btn\radio-s_btn_up.dds"                          , "28"   , "28"    , "dds"
"ui\common\dialogs\close_btn\close_btn_dis.dds"                               , "24"   , "24"    , "dds"
"ui\common\dialogs\close_btn\close_btn_down.dds"                              , "24"   , "24"    , "dds"
"ui\common\dialogs\close_btn\close_btn_over.dds"                              , "24"   , "24"    , "dds"
"ui\common\dialogs\close_btn\close_btn_up.dds"                                , "24"   , "24"    , "dds"
"ui\common\dialogs\close_btn02\close_btn_dis.dds"                             , "24"   , "24"    , "dds"
"ui\common\dialogs\close_btn02\close_btn_down.dds"                            , "24"   , "24"    , "dds"
"ui\common\dialogs\close_btn02\close_btn_over.dds"                            , "24"   , "24"    , "dds"
"ui\common\dialogs\close_btn02\close_btn_up.dds"                              , "24"   , "24"    , "dds"
"ui\common\dialogs\config_btn\config_btn_dis.dds"                             , "24"   , "24"    , "dds"
"ui\common\dialogs\config_btn\config_btn_down.dds"                            , "24"   , "24"    , "dds"
"ui\common\dialogs\config_btn\config_btn_over.dds"                            , "24"   , "24"    , "dds"
"ui\common\dialogs\config_btn\config_btn_up.dds"                              , "24"   , "24"    , "dds"
"ui\common\dialogs\dialog_02\panel_bmp_b.dds"                                 , "656"  , "76"    , "dds"
"ui\common\dialogs\dialog_02\panel_bmp_m.dds"                                 , "656"  , "8"     , "dds"
"ui\common\dialogs\dialog_02\panel_bmp_T.dds"                                 , "656"  , "28"    , "dds"
"ui\common\dialogs\dialog_02\panel_bmp.dds"                                   , "664"  , "168"   , "dds"
"ui\common\dialogs\dialog_02\title-text_bmp.dds"                              , "392"  , "36"    , "dds"
"ui\common\dialogs\dialog\bracket_bmp.dds"                                    , "440"  , "176"   , "dds"
"ui\common\dialogs\dialog\bracket_brd_ll.dds"                                 , "44"   , "24"    , "dds"
"ui\common\dialogs\dialog\bracket_brd_lr.dds"                                 , "44"   , "24"    , "dds"
"ui\common\dialogs\dialog\bracket_brd_ul.dds"                                 , "44"   , "24"    , "dds"
"ui\common\dialogs\dialog\bracket_brd_ur.dds"                                 , "44"   , "24"    , "dds"
"ui\common\dialogs\dialog\bracket_brd_vert_l.dds"                             , "20"   , "36"    , "dds"
"ui\common\dialogs\dialog\bracket_brd_vert_r.dds"                             , "20"   , "36"    , "dds"
"ui\common\dialogs\dialog\bracket-w_brd_ll.dds"                               , "68"   , "36"    , "dds"
"ui\common\dialogs\dialog\bracket-w_brd_lr.dds"                               , "64"   , "36"    , "dds"
"ui\common\dialogs\dialog\bracket-w_brd_ul.dds"                               , "68"   , "36"    , "dds"
"ui\common\dialogs\dialog\bracket-w_brd_ur.dds"                               , "64"   , "36"    , "dds"
"ui\common\dialogs\dialog\bracket-w_brd_vert_l.dds"                           , "52"   , "36"    , "dds"
"ui\common\dialogs\dialog\bracket-w_brd_vert_r.dds"                           , "52"   , "36"    , "dds"
"ui\common\dialogs\dialog\panel_bmp_alt_b.dds"                                , "424"  , "28"    , "dds"
"ui\common\dialogs\dialog\panel_bmp_b.dds"                                    , "424"  , "76"    , "dds"
"ui\common\dialogs\dialog\panel_bmp_m.dds"                                    , "424"  , "8"     , "dds"
"ui\common\dialogs\dialog\panel_bmp_t.dds"                                    , "424"  , "28"    , "dds"
"ui\common\dialogs\dialog\panel_bmp.dds"                                      , "432"  , "168"   , "dds"
"ui\common\dialogs\dialog\title-text_bmp.dds"                                 , "392"  , "36"    , "dds"
"ui\common\dialogs\diplomacy_btn\chat-all_btn_dis.dds"                        , "48"   , "40"    , "dds"
"ui\common\dialogs\diplomacy_btn\chat-all_btn_down.dds"                       , "48"   , "40"    , "dds"
"ui\common\dialogs\diplomacy_btn\chat-all_btn_over.dds"                       , "48"   , "40"    , "dds"
"ui\common\dialogs\diplomacy_btn\chat-all_btn_up.dds"                         , "48"   , "40"    , "dds"
"ui\common\dialogs\diplomacy_btn\chat-allies_btn_dis.dds"                     , "48"   , "40"    , "dds"
"ui\common\dialogs\diplomacy_btn\chat-allies_btn_down.dds"                    , "48"   , "40"    , "dds"
"ui\common\dialogs\diplomacy_btn\chat-allies_btn_over.dds"                    , "48"   , "40"    , "dds"
"ui\common\dialogs\diplomacy_btn\chat-allies_btn_up.dds"                      , "48"   , "40"    , "dds"
"ui\common\dialogs\diplomacy_btn\chat-observer_btn_dis.dds"                   , "48"   , "40"    , "dds"
"ui\common\dialogs\diplomacy_btn\chat-observer_btn_down.dds"                  , "48"   , "40"    , "dds"
"ui\common\dialogs\diplomacy_btn\chat-observer_btn_over.dds"                  , "48"   , "40"    , "dds"
"ui\common\dialogs\diplomacy_btn\chat-observer_btn_up.dds"                    , "48"   , "40"    , "dds"
"ui\common\dialogs\diplomacy_btn\give-resource_btn_dis.dds"                   , "36"   , "32"    , "dds"
"ui\common\dialogs\diplomacy_btn\give-resource_btn_down.dds"                  , "36"   , "32"    , "dds"
"ui\common\dialogs\diplomacy_btn\give-resource_btn_over.dds"                  , "36"   , "32"    , "dds"
"ui\common\dialogs\diplomacy_btn\give-resource_btn_up.dds"                    , "36"   , "32"    , "dds"
"ui\common\dialogs\diplomacy_btn\give-unit_btn_dis.dds"                       , "36"   , "32"    , "dds"
"ui\common\dialogs\diplomacy_btn\give-unit_btn_down.dds"                      , "36"   , "32"    , "dds"
"ui\common\dialogs\diplomacy_btn\give-unit_btn_over.dds"                      , "36"   , "32"    , "dds"
"ui\common\dialogs\diplomacy_btn\give-unit_btn_up.dds"                        , "36"   , "32"    , "dds"
"ui\common\dialogs\diplomacy_btn\set-sharing_btn_dis.dds"                     , "48"   , "40"    , "dds"
"ui\common\dialogs\diplomacy_btn\set-sharing_btn_down.dds"                    , "48"   , "40"    , "dds"
"ui\common\dialogs\diplomacy_btn\set-sharing_btn_over.dds"                    , "48"   , "40"    , "dds"
"ui\common\dialogs\diplomacy_btn\set-sharing_btn_up.dds"                      , "48"   , "40"    , "dds"
"ui\common\dialogs\diplomacy-resources_options\diplomacy-panel_bmp.dds"       , "456"  , "296"   , "dds"
"ui\common\dialogs\diplomacy-resources_options\energy_btn_up.dds"             , "48"   , "48"    , "dds"
"ui\common\dialogs\diplomacy-resources_options\energy-bar_bmp.dds"            , "248"  , "12"    , "dds"
"ui\common\dialogs\diplomacy-resources_options\energy-bar-back_bmp.dds"       , "248"  , "12"    , "dds"
"ui\common\dialogs\diplomacy-resources_options\mass_btn_up.dds"               , "48"   , "48"    , "dds"
"ui\common\dialogs\diplomacy-resources_options\mass-bar_bmp.dds"              , "248"  , "12"    , "dds"
"ui\common\dialogs\diplomacy-resources_options\mass-bar-back_bmp.dds"         , "248"  , "12"    , "dds"
"ui\common\dialogs\diplomacy-resources_options\slider-text_bmp.dds"           , "60"   , "28"    , "dds"
"ui\common\dialogs\diplomacy-team-alliance\team-panel_bmp.dds"                , "456"  , "196"   , "dds"
"ui\common\dialogs\diplomacy-team-alliance\team-panel-noback_bmp.dds"         , "456"  , "236"   , "dds"
"ui\common\dialogs\diplomacy-unit-transfer\team-panel_bmp.png"                , "456"  , "192"   , "png"
"ui\common\dialogs\diplomacy\diplomacy-bar_bmp.dds"                           , "204"  , "28"    , "dds"
"ui\common\dialogs\diplomacy\diplomacy-bar02_bmp.dds"                         , "264"  , "28"    , "dds"
"ui\common\dialogs\diplomacy\diplomacy-panel_bmp.dds"                         , "456"  , "344"   , "dds"
"ui\common\dialogs\drop-box_brd\drop-box_brd_horz_um.dds"                     , "8"    , "8"     , "dds"
"ui\common\dialogs\drop-box_brd\drop-box_brd_ll.dds"                          , "8"    , "8"     , "dds"
"ui\common\dialogs\drop-box_brd\drop-box_brd_lm.dds"                          , "8"    , "8"     , "dds"
"ui\common\dialogs\drop-box_brd\drop-box_brd_lr.dds"                          , "8"    , "8"     , "dds"
"ui\common\dialogs\drop-box_brd\drop-box_brd_m.dds"                           , "8"    , "8"     , "dds"
"ui\common\dialogs\drop-box_brd\drop-box_brd_ul.dds"                          , "8"    , "8"     , "dds"
"ui\common\dialogs\drop-box_brd\drop-box_brd_ur.dds"                          , "8"    , "8"     , "dds"
"ui\common\dialogs\drop-box_brd\drop-box_brd_vert_l.dds"                      , "8"    , "8"     , "dds"
"ui\common\dialogs\drop-box_brd\drop-box_brd_vert_r.dds"                      , "8"    , "8"     , "dds"
"ui\common\dialogs\drop-box_btn\drop-box_btn_dis.dds"                         , "28"   , "28"    , "dds"
"ui\common\dialogs\drop-box_btn\drop-box_btn_down.dds"                        , "28"   , "28"    , "dds"
"ui\common\dialogs\drop-box_btn\drop-box_btn_over.dds"                        , "28"   , "28"    , "dds"
"ui\common\dialogs\drop-box_btn\drop-box_btn_up.dds"                          , "28"   , "28"    , "dds"
"ui\common\dialogs\enhance-panel_btn\infinite_btn_dis.dds"                    , "36"   , "64"    , "dds"
"ui\common\dialogs\enhance-panel_btn\infinite_btn_down.dds"                   , "36"   , "64"    , "dds"
"ui\common\dialogs\enhance-panel_btn\infinite_btn_glow.dds"                   , "36"   , "64"    , "dds"
"ui\common\dialogs\enhance-panel_btn\infinite_btn_over.dds"                   , "36"   , "64"    , "dds"
"ui\common\dialogs\enhance-panel_btn\infinite_btn_up.dds"                     , "36"   , "64"    , "dds"
"ui\common\dialogs\enhance-panel-small_btn\infinite_btn_dis.dds"              , "36"   , "36"    , "dds"
"ui\common\dialogs\enhance-panel-small_btn\infinite_btn_down.dds"             , "36"   , "36"    , "dds"
"ui\common\dialogs\enhance-panel-small_btn\infinite_btn_glow.dds"             , "36"   , "36"    , "dds"
"ui\common\dialogs\enhance-panel-small_btn\infinite_btn_over.dds"             , "36"   , "36"    , "dds"
"ui\common\dialogs\enhance-panel-small_btn\infinite_btn_up.dds"               , "36"   , "36"    , "dds"
"ui\common\dialogs\enhance-panel\panel_bmp.dds"                               , "360"  , "240"   , "dds"
"ui\common\dialogs\enhance-panel\ual0001_bmp.dds"                             , "360"  , "240"   , "dds"
"ui\common\dialogs\enhance-panel\ual0001-b_btn_down.dds"                      , "360"  , "240"   , "dds"
"ui\common\dialogs\enhance-panel\ual0001-b_btn_over.dds"                      , "360"  , "240"   , "dds"
"ui\common\dialogs\enhance-panel\ual0001-b_btn_sel.dds"                       , "360"  , "240"   , "dds"
"ui\common\dialogs\enhance-panel\ual0001-b_btn_up.dds"                        , "360"  , "240"   , "dds"
"ui\common\dialogs\enhance-panel\ual0001-la_btn_down.dds"                     , "360"  , "240"   , "dds"
"ui\common\dialogs\enhance-panel\ual0001-la_btn_over.dds"                     , "360"  , "240"   , "dds"
"ui\common\dialogs\enhance-panel\ual0001-la_btn_sel.dds"                      , "360"  , "240"   , "dds"
"ui\common\dialogs\enhance-panel\ual0001-la_btn_up.dds"                       , "360"  , "240"   , "dds"
"ui\common\dialogs\enhance-panel\ual0001-ra_btn_down.dds"                     , "360"  , "240"   , "dds"
"ui\common\dialogs\enhance-panel\ual0001-ra_btn_over.dds"                     , "360"  , "240"   , "dds"
"ui\common\dialogs\enhance-panel\ual0001-ra_btn_sel.dds"                      , "360"  , "240"   , "dds"
"ui\common\dialogs\enhance-panel\ual0001-ra_btn_up.dds"                       , "360"  , "240"   , "dds"
"ui\common\dialogs\enhance-panel\ual0301_bmp.dds"                             , "360"  , "240"   , "dds"
"ui\common\dialogs\enhance-panel\ual0301-b_btn_down.dds"                      , "360"  , "240"   , "dds"
"ui\common\dialogs\enhance-panel\ual0301-b_btn_over.dds"                      , "360"  , "240"   , "dds"
"ui\common\dialogs\enhance-panel\ual0301-b_btn_sel.dds"                       , "360"  , "240"   , "dds"
"ui\common\dialogs\enhance-panel\ual0301-b_btn_up.dds"                        , "360"  , "240"   , "dds"
"ui\common\dialogs\enhance-panel\ual0301-la_btn_down.dds"                     , "360"  , "240"   , "dds"
"ui\common\dialogs\enhance-panel\ual0301-la_btn_over.dds"                     , "360"  , "240"   , "dds"
"ui\common\dialogs\enhance-panel\ual0301-la_btn_sel.dds"                      , "360"  , "240"   , "dds"
"ui\common\dialogs\enhance-panel\ual0301-la_btn_up.dds"                       , "360"  , "240"   , "dds"
"ui\common\dialogs\enhance-panel\ual0301-ra_btn_down.dds"                     , "360"  , "240"   , "dds"
"ui\common\dialogs\enhance-panel\ual0301-ra_btn_over.dds"                     , "360"  , "240"   , "dds"
"ui\common\dialogs\enhance-panel\ual0301-ra_btn_sel.dds"                      , "360"  , "240"   , "dds"
"ui\common\dialogs\enhance-panel\ual0301-ra_btn_up.dds"                       , "360"  , "240"   , "dds"
"ui\common\dialogs\enhance-panel\uel0001_bmp.dds"                             , "360"  , "240"   , "dds"
"ui\common\dialogs\enhance-panel\uel0001-b_btn_down.dds"                      , "360"  , "240"   , "dds"
"ui\common\dialogs\enhance-panel\uel0001-b_btn_over.dds"                      , "360"  , "240"   , "dds"
"ui\common\dialogs\enhance-panel\uel0001-b_btn_sel.dds"                       , "360"  , "240"   , "dds"
"ui\common\dialogs\enhance-panel\uel0001-b_btn_up.dds"                        , "360"  , "240"   , "dds"
"ui\common\dialogs\enhance-panel\uel0001-la_btn_down.dds"                     , "360"  , "240"   , "dds"
"ui\common\dialogs\enhance-panel\uel0001-la_btn_over.dds"                     , "360"  , "240"   , "dds"
"ui\common\dialogs\enhance-panel\uel0001-la_btn_sel.dds"                      , "360"  , "240"   , "dds"
"ui\common\dialogs\enhance-panel\uel0001-la_btn_up.dds"                       , "360"  , "240"   , "dds"
"ui\common\dialogs\enhance-panel\uel0001-ra_btn_down.dds"                     , "360"  , "240"   , "dds"
"ui\common\dialogs\enhance-panel\uel0001-ra_btn_over.dds"                     , "360"  , "240"   , "dds"
"ui\common\dialogs\enhance-panel\uel0001-ra_btn_sel.dds"                      , "360"  , "240"   , "dds"
"ui\common\dialogs\enhance-panel\uel0001-ra_btn_up.dds"                       , "360"  , "240"   , "dds"
"ui\common\dialogs\enhance-panel\uel0301_bmp.dds"                             , "360"  , "240"   , "dds"
"ui\common\dialogs\enhance-panel\uel0301-b_btn_down.dds"                      , "360"  , "240"   , "dds"
"ui\common\dialogs\enhance-panel\uel0301-b_btn_over.dds"                      , "360"  , "240"   , "dds"
"ui\common\dialogs\enhance-panel\uel0301-b_btn_sel.dds"                       , "360"  , "240"   , "dds"
"ui\common\dialogs\enhance-panel\uel0301-b_btn_up.dds"                        , "360"  , "240"   , "dds"
"ui\common\dialogs\enhance-panel\uel0301-la_btn_down.dds"                     , "360"  , "240"   , "dds"
"ui\common\dialogs\enhance-panel\uel0301-la_btn_over.dds"                     , "360"  , "240"   , "dds"
"ui\common\dialogs\enhance-panel\uel0301-la_btn_sel.dds"                      , "360"  , "240"   , "dds"
"ui\common\dialogs\enhance-panel\uel0301-la_btn_up.dds"                       , "360"  , "240"   , "dds"
"ui\common\dialogs\enhance-panel\uel0301-ra_btn_down.dds"                     , "360"  , "240"   , "dds"
"ui\common\dialogs\enhance-panel\uel0301-ra_btn_over.dds"                     , "360"  , "240"   , "dds"
"ui\common\dialogs\enhance-panel\uel0301-ra_btn_sel.dds"                      , "360"  , "240"   , "dds"
"ui\common\dialogs\enhance-panel\uel0301-ra_btn_up.dds"                       , "360"  , "240"   , "dds"
"ui\common\dialogs\enhance-panel\urb4202_bmp.dds"                             , "360"  , "240"   , "dds"
"ui\common\dialogs\enhance-panel\urb4202-ch_btn_down.dds"                     , "360"  , "240"   , "dds"
"ui\common\dialogs\enhance-panel\urb4202-ch_btn_over.dds"                     , "360"  , "240"   , "dds"
"ui\common\dialogs\enhance-panel\urb4202-ch_btn_sel.dds"                      , "360"  , "240"   , "dds"
"ui\common\dialogs\enhance-panel\urb4202-ch_btn_up.dds"                       , "360"  , "240"   , "dds"
"ui\common\dialogs\enhance-panel\url0001_bmp.dds"                             , "360"  , "240"   , "dds"
"ui\common\dialogs\enhance-panel\url0001-b_btn_down.dds"                      , "360"  , "240"   , "dds"
"ui\common\dialogs\enhance-panel\url0001-b_btn_over.dds"                      , "360"  , "240"   , "dds"
"ui\common\dialogs\enhance-panel\url0001-b_btn_sel.dds"                       , "360"  , "240"   , "dds"
"ui\common\dialogs\enhance-panel\url0001-b_btn_up.dds"                        , "360"  , "240"   , "dds"
"ui\common\dialogs\enhance-panel\url0001-la_btn_down.dds"                     , "360"  , "240"   , "dds"
"ui\common\dialogs\enhance-panel\url0001-la_btn_over.dds"                     , "360"  , "240"   , "dds"
"ui\common\dialogs\enhance-panel\url0001-la_btn_sel.dds"                      , "360"  , "240"   , "dds"
"ui\common\dialogs\enhance-panel\url0001-la_btn_up.dds"                       , "360"  , "240"   , "dds"
"ui\common\dialogs\enhance-panel\url0001-ra_btn_down.dds"                     , "360"  , "240"   , "dds"
"ui\common\dialogs\enhance-panel\url0001-ra_btn_over.dds"                     , "360"  , "240"   , "dds"
"ui\common\dialogs\enhance-panel\url0001-ra_btn_sel.dds"                      , "360"  , "240"   , "dds"
"ui\common\dialogs\enhance-panel\url0001-ra_btn_up.dds"                       , "360"  , "240"   , "dds"
"ui\common\dialogs\enhance-panel\url0301_bmp.dds"                             , "360"  , "240"   , "dds"
"ui\common\dialogs\enhance-panel\url0301-b_btn_down.dds"                      , "360"  , "240"   , "dds"
"ui\common\dialogs\enhance-panel\url0301-b_btn_over.dds"                      , "360"  , "240"   , "dds"
"ui\common\dialogs\enhance-panel\url0301-b_btn_sel.dds"                       , "360"  , "240"   , "dds"
"ui\common\dialogs\enhance-panel\url0301-b_btn_up.dds"                        , "360"  , "240"   , "dds"
"ui\common\dialogs\enhance-panel\url0301-la_btn_down.dds"                     , "360"  , "240"   , "dds"
"ui\common\dialogs\enhance-panel\url0301-la_btn_over.dds"                     , "360"  , "240"   , "dds"
"ui\common\dialogs\enhance-panel\url0301-la_btn_sel.dds"                      , "360"  , "240"   , "dds"
"ui\common\dialogs\enhance-panel\url0301-la_btn_up.dds"                       , "360"  , "240"   , "dds"
"ui\common\dialogs\enhance-panel\url0301-ra_btn_down.dds"                     , "360"  , "240"   , "dds"
"ui\common\dialogs\enhance-panel\url0301-ra_btn_over.dds"                     , "360"  , "240"   , "dds"
"ui\common\dialogs\enhance-panel\url0301-ra_btn_sel.dds"                      , "360"  , "240"   , "dds"
"ui\common\dialogs\enhance-panel\url0301-ra_btn_up.dds"                       , "360"  , "240"   , "dds"
"ui\common\dialogs\enhance-panel\xsl0001_bmp.dds"                             , "360"  , "240"   , "dds"
"ui\common\dialogs\enhance-panel\xsl0001-b_btn_down.dds"                      , "360"  , "240"   , "dds"
"ui\common\dialogs\enhance-panel\xsl0001-b_btn_over.dds"                      , "360"  , "240"   , "dds"
"ui\common\dialogs\enhance-panel\xsl0001-b_btn_sel.dds"                       , "360"  , "240"   , "dds"
"ui\common\dialogs\enhance-panel\xsl0001-b_btn_up.dds"                        , "360"  , "240"   , "dds"
"ui\common\dialogs\enhance-panel\xsl0001-la_btn_down.dds"                     , "360"  , "240"   , "dds"
"ui\common\dialogs\enhance-panel\xsl0001-la_btn_over.dds"                     , "360"  , "240"   , "dds"
"ui\common\dialogs\enhance-panel\xsl0001-la_btn_sel.dds"                      , "360"  , "240"   , "dds"
"ui\common\dialogs\enhance-panel\xsl0001-la_btn_up.dds"                       , "360"  , "240"   , "dds"
"ui\common\dialogs\enhance-panel\xsl0001-ra_btn_down.dds"                     , "360"  , "240"   , "dds"
"ui\common\dialogs\enhance-panel\xsl0001-ra_btn_over.dds"                     , "360"  , "240"   , "dds"
"ui\common\dialogs\enhance-panel\xsl0001-ra_btn_sel.dds"                      , "360"  , "240"   , "dds"
"ui\common\dialogs\enhance-panel\xsl0001-ra_btn_up.dds"                       , "360"  , "240"   , "dds"
"ui\common\dialogs\enhance-panel\xsl0301_bmp.dds"                             , "360"  , "240"   , "dds"
"ui\common\dialogs\enhance-panel\xsl0301-b_btn_down.dds"                      , "360"  , "240"   , "dds"
"ui\common\dialogs\enhance-panel\xsl0301-b_btn_over.dds"                      , "360"  , "240"   , "dds"
"ui\common\dialogs\enhance-panel\xsl0301-b_btn_sel.dds"                       , "360"  , "240"   , "dds"
"ui\common\dialogs\enhance-panel\xsl0301-b_btn_up.dds"                        , "360"  , "240"   , "dds"
"ui\common\dialogs\enhance-panel\xsl0301-la_btn_down.dds"                     , "360"  , "240"   , "dds"
"ui\common\dialogs\enhance-panel\xsl0301-la_btn_over.dds"                     , "360"  , "240"   , "dds"
"ui\common\dialogs\enhance-panel\xsl0301-la_btn_sel.dds"                      , "360"  , "240"   , "dds"
"ui\common\dialogs\enhance-panel\xsl0301-la_btn_up.dds"                       , "360"  , "240"   , "dds"
"ui\common\dialogs\enhance-panel\xsl0301-ra_btn_down.dds"                     , "360"  , "240"   , "dds"
"ui\common\dialogs\enhance-panel\xsl0301-ra_btn_over.dds"                     , "360"  , "240"   , "dds"
"ui\common\dialogs\enhance-panel\xsl0301-ra_btn_sel.dds"                      , "360"  , "240"   , "dds"
"ui\common\dialogs\enhance-panel\xsl0301-ra_btn_up.dds"                       , "360"  , "240"   , "dds"
"ui\common\dialogs\exit-dialog\brackets_bmp.dds"                              , "380"  , "488"   , "dds"
"ui\common\dialogs\exit-dialog\glow-bar_bmp.dds"                              , "176"  , "516"   , "dds"
"ui\common\dialogs\exit-dialog\graphic_bmp.dds"                               , "588"  , "512"   , "dds"
"ui\common\dialogs\exit-dialog\panel_bmp.dds"                                 , "324"  , "348"   , "dds"
"ui\common\dialogs\exit-dialog\panel-white_bmp.dds"                           , "316"  , "492"   , "dds"
"ui\common\dialogs\exit-dialog\panel02_bmp.dds"                               , "324"  , "348"   , "dds"
"ui\common\dialogs\exit-dialog\panel03_bmp.dds"                               , "324"  , "500"   , "dds"
"ui\common\dialogs\faction_ico\aeon_ico.dds"                                  , "24"   , "24"    , "dds"
"ui\common\dialogs\faction_ico\cybran_ico.dds"                                , "24"   , "24"    , "dds"
"ui\common\dialogs\faction_ico\uef_ico.dds"                                   , "24"   , "24"    , "dds"
"ui\common\dialogs\game-select-faction-panel\panel_bmp.dds"                   , "312"  , "172"   , "dds"
"ui\common\dialogs\help\help-sm_btn.dds"                                      , "44"   , "40"    , "dds"
"ui\common\dialogs\help\objectives-d_bmp.dds"                                 , "596"  , "308"   , "dds"
"ui\common\dialogs\help\panel_bmp.dds"                                        , "888"  , "540"   , "dds"
"ui\common\dialogs\help\text-over_bmp.dds"                                    , "412"  , "20"    , "dds"
"ui\common\dialogs\load\panel_bmp.dds"                                        , "732"  , "600"   , "dds"
"ui\common\dialogs\logo-btn\logo-aeon_btn_dis.dds"                            , "80"   , "80"    , "dds"
"ui\common\dialogs\logo-btn\logo-aeon_btn_over_sel.dds"                       , "80"   , "80"    , "dds"
"ui\common\dialogs\logo-btn\logo-aeon_btn_over.dds"                           , "80"   , "80"    , "dds"
"ui\common\dialogs\logo-btn\logo-aeon_btn_sel.dds"                            , "80"   , "80"    , "dds"
"ui\common\dialogs\logo-btn\logo-aeon_btn_up.dds"                             , "80"   , "80"    , "dds"
"ui\common\dialogs\logo-btn\logo-cybran_btn_dis.dds"                          , "80"   , "80"    , "dds"
"ui\common\dialogs\logo-btn\logo-cybran_btn_over_sel.dds"                     , "80"   , "80"    , "dds"
"ui\common\dialogs\logo-btn\logo-cybran_btn_over.dds"                         , "80"   , "80"    , "dds"
"ui\common\dialogs\logo-btn\logo-cybran_btn_sel.dds"                          , "80"   , "80"    , "dds"
"ui\common\dialogs\logo-btn\logo-cybran_btn_up.dds"                           , "80"   , "80"    , "dds"
"ui\common\dialogs\logo-btn\logo-uef_btn_dis.dds"                             , "80"   , "80"    , "dds"
"ui\common\dialogs\logo-btn\logo-uef_btn_over_sel.dds"                        , "80"   , "80"    , "dds"
"ui\common\dialogs\logo-btn\logo-uef_btn_over.dds"                            , "80"   , "80"    , "dds"
"ui\common\dialogs\logo-btn\logo-uef_btn_sel.dds"                             , "80"   , "80"    , "dds"
"ui\common\dialogs\logo-btn\logo-uef_btn_up.dds"                              , "80"   , "80"    , "dds"
"ui\common\dialogs\mapselect02\commander_alpha.dds"                           , "16"   , "16"    , "dds"
"ui\common\dialogs\mapselect02\commander.dds"                                 , "16"   , "16"    , "dds"
"ui\common\dialogs\mapselect02\drop-down-w_bmp_b.dds"                         , "116"  , "16"    , "dds"
"ui\common\dialogs\mapselect02\drop-down-w_bmp_m.dds"                         , "116"  , "8"     , "dds"
"ui\common\dialogs\mapselect02\drop-down-w_bmp_t.dds"                         , "116"  , "16"    , "dds"
"ui\common\dialogs\mapselect02\drop-down-w_bmp.dds"                           , "124"  , "44"    , "dds"
"ui\common\dialogs\mapselect02\highlight_bmp.dds"                             , "112"  , "20"    , "dds"
"ui\common\dialogs\mapselect02\map-panel-glow_bmp.dds"                        , "332"  , "332"   , "dds"
"ui\common\dialogs\mapselect02\panel_bmp.dds"                                 , "856"  , "628"   , "dds"
"ui\common\dialogs\mapselect02\square-w_btn_dis.dds"                          , "124"  , "32"    , "dds"
"ui\common\dialogs\mapselect02\square-w_btn_down.dds"                         , "124"  , "32"    , "dds"
"ui\common\dialogs\mapselect02\square-w_btn_over.dds"                         , "124"  , "32"    , "dds"
"ui\common\dialogs\mapselect02\square-w_btn_up.dds"                           , "124"  , "32"    , "dds"
"ui\common\dialogs\mapselect02\text-over_bmp.dds"                             , "328"  , "20"    , "dds"
"ui\common\dialogs\mapselect03\drop-down-w_bmp_b.dds"                         , "116"  , "16"    , "dds"
"ui\common\dialogs\mapselect03\drop-down-w_bmp_m.dds"                         , "116"  , "8"     , "dds"
"ui\common\dialogs\mapselect03\drop-down-w_bmp_t.dds"                         , "116"  , "16"    , "dds"
"ui\common\dialogs\mapselect03\drop-down-w_bmp.dds"                           , "124"  , "44"    , "dds"
"ui\common\dialogs\mapselect03\filter-panel-bar_bmp.dds"                      , "312"  , "24"    , "dds"
"ui\common\dialogs\mapselect03\highlight_bmp.dds"                             , "112"  , "20"    , "dds"
"ui\common\dialogs\mapselect03\map-panel-glow_bmp.dds"                        , "332"  , "332"   , "dds"
"ui\common\dialogs\mapselect03\options-panel-bar_bmp.dds"                     , "260"  , "24"    , "dds"
"ui\common\dialogs\mapselect03\panel_bmp.dds"                                 , "1016" , "768"   , "dds"
"ui\common\dialogs\mapselect03\square-w_btn_dis.dds"                          , "124"  , "32"    , "dds"
"ui\common\dialogs\mapselect03\square-w_btn_down.dds"                         , "124"  , "32"    , "dds"
"ui\common\dialogs\mapselect03\square-w_btn_over.dds"                         , "124"  , "32"    , "dds"
"ui\common\dialogs\mapselect03\square-w_btn_up.dds"                           , "124"  , "32"    , "dds"
"ui\common\dialogs\mapselect03\text-over_bmp.dds"                             , "328"  , "20"    , "dds"
"ui\common\dialogs\mission\panel_bmp_l.dds"                                   , "140"  , "136"   , "dds"
"ui\common\dialogs\mission\panel_bmp_m.dds"                                   , "52"   , "136"   , "dds"
"ui\common\dialogs\mission\panel_bmp_r.dds"                                   , "140"  , "136"   , "dds"
"ui\common\dialogs\mission\panel_bmp.dds"                                     , "328"  , "140"   , "dds"
"ui\common\dialogs\mission\panel-white_bmp_l.dds"                             , "140"  , "136"   , "dds"
"ui\common\dialogs\mission\panel-white_bmp_m.dds"                             , "52"   , "136"   , "dds"
"ui\common\dialogs\mission\panel-white_bmp_r.dds"                             , "140"  , "136"   , "dds"
"ui\common\dialogs\mission\panel-white_bmp.dds"                               , "328"  , "136"   , "dds"
"ui\common\dialogs\mod_btn\mod-d_btn_up.dds"                                  , "640"  , "76"    , "dds"
"ui\common\dialogs\mod_btn\mod-s_btn_up.dds"                                  , "640"  , "76"    , "dds"
"ui\common\dialogs\mod-manager\generic-icon_bmp.dds"                          , "56"   , "68"    , "dds"
"ui\common\dialogs\mod-manager\panel_bmp.dds"                                 , "760"  , "600"   , "dds"
"ui\common\dialogs\movie-control\nav-back_btn_dis.dds"                        , "36"   , "36"    , "dds"
"ui\common\dialogs\movie-control\nav-back_btn_down.dds"                       , "36"   , "36"    , "dds"
"ui\common\dialogs\movie-control\nav-back_btn_over.dds"                       , "36"   , "36"    , "dds"
"ui\common\dialogs\movie-control\nav-back_btn_up.dds"                         , "36"   , "36"    , "dds"
"ui\common\dialogs\movie-control\nav-end_btn_dis.dds"                         , "36"   , "36"    , "dds"
"ui\common\dialogs\movie-control\nav-end_btn_down.dds"                        , "36"   , "36"    , "dds"
"ui\common\dialogs\movie-control\nav-end_btn_over.dds"                        , "36"   , "36"    , "dds"
"ui\common\dialogs\movie-control\nav-end_btn_up.dds"                          , "36"   , "36"    , "dds"
"ui\common\dialogs\movie-control\nav-ff_btn_dis.dds"                          , "36"   , "36"    , "dds"
"ui\common\dialogs\movie-control\nav-ff_btn_down.dds"                         , "36"   , "36"    , "dds"
"ui\common\dialogs\movie-control\nav-ff_btn_over.dds"                         , "36"   , "36"    , "dds"
"ui\common\dialogs\movie-control\nav-ff_btn_up.dds"                           , "36"   , "36"    , "dds"
"ui\common\dialogs\movie-control\nav-pause_btn_dis.dds"                       , "36"   , "36"    , "dds"
"ui\common\dialogs\movie-control\nav-pause_btn_down.dds"                      , "36"   , "36"    , "dds"
"ui\common\dialogs\movie-control\nav-pause_btn_over.dds"                      , "36"   , "36"    , "dds"
"ui\common\dialogs\movie-control\nav-pause_btn_up.dds"                        , "36"   , "36"    , "dds"
"ui\common\dialogs\movie-control\nav-play_btn_dis.dds"                        , "36"   , "36"    , "dds"
"ui\common\dialogs\movie-control\nav-play_btn_down.dds"                       , "36"   , "36"    , "dds"
"ui\common\dialogs\movie-control\nav-play_btn_over.dds"                       , "36"   , "36"    , "dds"
"ui\common\dialogs\movie-control\nav-play_btn_up.dds"                         , "36"   , "36"    , "dds"
"ui\common\dialogs\movie-control\nav-rr_btn_dis.dds"                          , "36"   , "36"    , "dds"
"ui\common\dialogs\movie-control\nav-rr_btn_down.dds"                         , "36"   , "36"    , "dds"
"ui\common\dialogs\movie-control\nav-rr_btn_over.dds"                         , "36"   , "36"    , "dds"
"ui\common\dialogs\movie-control\nav-rr_btn_up.dds"                           , "36"   , "36"    , "dds"
"ui\common\dialogs\networkwindow\panel_bmp_b.dds"                             , "448"  , "80"    , "dds"
"ui\common\dialogs\networkwindow\panel_bmp_m.dds"                             , "448"  , "60"    , "dds"
"ui\common\dialogs\networkwindow\panel_bmp_t.dds"                             , "448"  , "52"    , "dds"
"ui\common\dialogs\objective-log-02\bar_btn_over.dds"                         , "580"  , "72"    , "dds"
"ui\common\dialogs\objective-log-02\bar_btn_select.dds"                       , "584"  , "72"    , "dds"
"ui\common\dialogs\objective-log-02\bar_btn_up.dds"                           , "580"  , "72"    , "dds"
"ui\common\dialogs\objective-log-02\bar-bottom_btn_over.dds"                  , "580"  , "72"    , "dds"
"ui\common\dialogs\objective-log-02\bar-bottom_btn_select.dds"                , "580"  , "72"    , "dds"
"ui\common\dialogs\objective-log-02\bar-bottom_btn_up.dds"                    , "580"  , "72"    , "dds"
"ui\common\dialogs\objective-log-02\panel_bmp_b.dds"                          , "692"  , "220"   , "dds"
"ui\common\dialogs\objective-log-02\panel_bmp_m.dds"                          , "692"  , "52"    , "dds"
"ui\common\dialogs\objective-log-02\panel_bmp_t.dds"                          , "692"  , "100"   , "dds"
"ui\common\dialogs\objective-log-02\tab_bmp.dds"                              , "584"  , "60"    , "dds"
"ui\common\dialogs\objective-log-btn-bar\bar_btn_over.dds"                    , "580"  , "64"    , "dds"
"ui\common\dialogs\objective-log-btn-bar\bar_btn_select.dds"                  , "580"  , "64"    , "dds"
"ui\common\dialogs\objective-log-btn-bar\bar_btn_up.dds"                      , "580"  , "64"    , "dds"
"ui\common\dialogs\objective-log-btn-bar\bar-bottom_btn_over.dds"             , "580"  , "64"    , "dds"
"ui\common\dialogs\objective-log-btn-bar\bar-bottom_btn_select.dds"           , "580"  , "64"    , "dds"
"ui\common\dialogs\objective-log-btn-bar\bar-bottom_btn_up.dds"               , "580"  , "64"    , "dds"
"ui\common\dialogs\objective-log-btn-bar\tab_bmp.dds"                         , "580"  , "64"    , "dds"
"ui\common\dialogs\objective-unit\help-lg_bmp_down.dds"                       , "76"   , "76"    , "dds"
"ui\common\dialogs\objective-unit\help-lg_bmp_over.dds"                       , "76"   , "76"    , "dds"
"ui\common\dialogs\objective-unit\help-lg_bmp.dds"                            , "76"   , "76"    , "dds"
"ui\common\dialogs\objective-unit\help-lg-graphics_bmp.dds"                   , "92"   , "92"    , "dds"
"ui\common\dialogs\objective-unit\help-sm_bmp.dds"                            , "44"   , "40"    , "dds"
"ui\common\dialogs\objective-unit\panel_bmp_b.dds"                            , "484"  , "220"   , "dds"
"ui\common\dialogs\objective-unit\panel_bmp_m.dds"                            , "484"  , "20"    , "dds"
"ui\common\dialogs\objective-unit\panel_bmp_t.dds"                            , "484"  , "32"    , "dds"
"ui\common\dialogs\objective-unit\panel_bmp.dds"                              , "416"  , "200"   , "dds"
"ui\common\dialogs\objective-unit\panel-icon_bmp.dds"                         , "112"  , "112"   , "dds"
"ui\common\dialogs\objective-unit\panel-icon-sm_bmp.dds"                      , "104"  , "104"   , "dds"
"ui\common\dialogs\objective-unit\panel02_bmp.dds"                            , "492"  , "276"   , "dds"
"ui\common\dialogs\options-02\content-box_bmp.dds"                            , "604"  , "36"    , "dds"
"ui\common\dialogs\options-02\content-btn-line_bmp.dds"                       , "232"  , "4"     , "dds"
"ui\common\dialogs\options-02\gameplay_bmp.dds"                               , "604"  , "372"   , "dds"
"ui\common\dialogs\options-02\panel_bmp.dds"                                  , "732"  , "608"   , "dds"
"ui\common\dialogs\options-02\slider-back_bmp.dds"                            , "200"  , "24"    , "dds"
"ui\common\dialogs\options\content-box_bmp.dds"                               , "468"  , "36"    , "dds"
"ui\common\dialogs\options\content-btn-line_bmp.dds"                          , "244"  , "4"     , "dds"
"ui\common\dialogs\options\gameplay_bmp.dds"                                  , "468"  , "276"   , "dds"
"ui\common\dialogs\options\panel-front-end_bmp.dds"                           , "612"  , "488"   , "dds"
"ui\common\dialogs\options\panel-ingame_bmp.dds"                              , "604"  , "488"   , "dds"
"ui\common\dialogs\options\slider-back_bmp.dds"                               , "196"  , "20"    , "dds"
"ui\common\dialogs\options\sound_bmp.dds"                                     , "468"  , "284"   , "dds"
"ui\common\dialogs\options\video_bmp.dds"                                     , "468"  , "296"   , "dds"
"ui\common\dialogs\pause\brackets_bmp_b.dds"                                  , "312"  , "68"    , "dds"
"ui\common\dialogs\pause\brackets_bmp_t.dds"                                  , "312"  , "68"    , "dds"
"ui\common\dialogs\pause\brackets_bmp.dds"                                    , "312"  , "148"   , "dds"
"ui\common\dialogs\pause\panel_bmp_b.dds"                                     , "300"  , "104"   , "dds"
"ui\common\dialogs\pause\panel_bmp_m.dds"                                     , "300"  , "8"     , "dds"
"ui\common\dialogs\pause\panel_bmp_t.dds"                                     , "300"  , "32"    , "dds"
"ui\common\dialogs\pause\panel_bmp.dds"                                       , "304"  , "148"   , "dds"
"ui\common\dialogs\pin\pin_dis.dds"                                           , "24"   , "24"    , "dds"
"ui\common\dialogs\pin\pin_down.dds"                                          , "24"   , "24"    , "dds"
"ui\common\dialogs\pin\pin_over.dds"                                          , "24"   , "24"    , "dds"
"ui\common\dialogs\pin\pin_up.dds"                                            , "24"   , "24"    , "dds"
"ui\common\dialogs\pin\pinned_dis.dds"                                        , "24"   , "24"    , "dds"
"ui\common\dialogs\pin\pinned_down.dds"                                       , "24"   , "24"    , "dds"
"ui\common\dialogs\pin\pinned_over.dds"                                       , "24"   , "24"    , "dds"
"ui\common\dialogs\pin\pinned_up.dds"                                         , "24"   , "24"    , "dds"
"ui\common\dialogs\profile02\panel_bmp.dds"                                   , "536"  , "460"   , "dds"
"ui\common\dialogs\profile02\text-over_bmp.dds"                               , "412"  , "20"    , "dds"
"ui\common\dialogs\radio_btn\radio-d_btn_dis.dds"                             , "28"   , "28"    , "dds"
"ui\common\dialogs\radio_btn\radio-d_btn_down.dds"                            , "28"   , "28"    , "dds"
"ui\common\dialogs\radio_btn\radio-d_btn_over.dds"                            , "28"   , "28"    , "dds"
"ui\common\dialogs\radio_btn\radio-d_btn_up.dds"                              , "28"   , "28"    , "dds"
"ui\common\dialogs\radio_btn\radio-s_btn_dis.dds"                             , "28"   , "28"    , "dds"
"ui\common\dialogs\radio_btn\radio-s_btn_down.dds"                            , "28"   , "28"    , "dds"
"ui\common\dialogs\radio_btn\radio-s_btn_over.dds"                            , "28"   , "28"    , "dds"
"ui\common\dialogs\radio_btn\radio-s_btn_up.dds"                              , "28"   , "28"    , "dds"
"ui\common\dialogs\rect-box_btn\rect-box-d_btn_dis.dds"                       , "104"  , "52"    , "dds"
"ui\common\dialogs\rect-box_btn\rect-box-d_btn_down.dds"                      , "104"  , "52"    , "dds"
"ui\common\dialogs\rect-box_btn\rect-box-d_btn_over.dds"                      , "104"  , "52"    , "dds"
"ui\common\dialogs\rect-box_btn\rect-box-d_btn_up.dds"                        , "104"  , "52"    , "dds"
"ui\common\dialogs\rect-box_btn\rect-box-s_btn_dis.dds"                       , "104"  , "52"    , "dds"
"ui\common\dialogs\rect-box_btn\rect-box-s_btn_down.dds"                      , "104"  , "52"    , "dds"
"ui\common\dialogs\rect-box_btn\rect-box-s_btn_over.dds"                      , "104"  , "52"    , "dds"
"ui\common\dialogs\rect-box_btn\rect-box-s_btn_up.dds"                        , "104"  , "52"    , "dds"
"ui\common\dialogs\score_btn\chart_btn_dis.dds"                               , "68"   , "52"    , "dds"
"ui\common\dialogs\score_btn\chart_btn_down.dds"                              , "68"   , "52"    , "dds"
"ui\common\dialogs\score_btn\chart_btn_over.dds"                              , "68"   , "52"    , "dds"
"ui\common\dialogs\score_btn\chart_btn_up.dds"                                , "68"   , "52"    , "dds"
"ui\common\dialogs\score_btn\grid_btn_dis.dds"                                , "68"   , "52"    , "dds"
"ui\common\dialogs\score_btn\grid_btn_down.dds"                               , "68"   , "52"    , "dds"
"ui\common\dialogs\score_btn\grid_btn_over.dds"                               , "68"   , "52"    , "dds"
"ui\common\dialogs\score_btn\grid_btn_up.dds"                                 , "68"   , "52"    , "dds"
"ui\common\dialogs\score-aeon\back_brd_horz_lml.dds"                          , "8"    , "68"    , "dds"
"ui\common\dialogs\score-aeon\back_brd_horz_um.dds"                           , "880"  , "64"    , "dds"
"ui\common\dialogs\score-aeon\back_brd_horz_uml.dds"                          , "8"    , "16"    , "dds"
"ui\common\dialogs\score-aeon\back_brd_horz_umr.dds"                          , "8"    , "16"    , "dds"
"ui\common\dialogs\score-aeon\back_brd_ll.dds"                                , "312"  , "220"   , "dds"
"ui\common\dialogs\score-aeon\back_brd_lr.dds"                                , "704"  , "212"   , "dds"
"ui\common\dialogs\score-aeon\back_brd_ul.dds"                                , "64"   , "140"   , "dds"
"ui\common\dialogs\score-aeon\back_brd_ur.dds"                                , "64"   , "156"   , "dds"
"ui\common\dialogs\score-aeon\background_bmp.dds"                             , "1024" , "768"   , "dds"
"ui\common\dialogs\score-aeon\icon_experimental.dds"                          , "28"   , "28"    , "dds"
"ui\common\dialogs\score-aeon\icon-air_bmp.dds"                               , "28"   , "28"    , "dds"
"ui\common\dialogs\score-aeon\icon-cdr_bmp.dds"                               , "28"   , "28"    , "dds"
"ui\common\dialogs\score-aeon\icon-energy_bmp.dds"                            , "20"   , "20"    , "dds"
"ui\common\dialogs\score-aeon\icon-kill-death_bmp.dds"                        , "24"   , "24"    , "dds"
"ui\common\dialogs\score-aeon\icon-kills_bmp.dds"                             , "20"   , "20"    , "dds"
"ui\common\dialogs\score-aeon\icon-land_bmp.dds"                              , "28"   , "28"    , "dds"
"ui\common\dialogs\score-aeon\icon-loss_bmp.dds"                              , "20"   , "20"    , "dds"
"ui\common\dialogs\score-aeon\icon-mass_bmp.dds"                              , "20"   , "20"    , "dds"
"ui\common\dialogs\score-aeon\icon-naval_bmp.dds"                             , "28"   , "28"    , "dds"
"ui\common\dialogs\score-aeon\icon-structure_bmp.dds"                         , "28"   , "28"    , "dds"
"ui\common\dialogs\score-aeon\panels_bmp.dds"                                 , "964"  , "628"   , "dds"
"ui\common\dialogs\score-aeon\text-box_bmp_b.dds"                             , "628"  , "16"    , "dds"
"ui\common\dialogs\score-aeon\text-box_bmp_m.dds"                             , "628"  , "8"     , "dds"
"ui\common\dialogs\score-aeon\text-box_bmp_T.dds"                             , "628"  , "36"    , "dds"
"ui\common\dialogs\score-aeon\text-box_bmp.dds"                               , "636"  , "240"   , "dds"
"ui\common\dialogs\score-cybran\back_brd_horz_lml.dds"                        , "8"    , "76"    , "dds"
"ui\common\dialogs\score-cybran\back_brd_horz_um.dds"                         , "880"  , "104"   , "dds"
"ui\common\dialogs\score-cybran\back_brd_horz_uml.dds"                        , "8"    , "32"    , "dds"
"ui\common\dialogs\score-cybran\back_brd_horz_umr.dds"                        , "8"    , "32"    , "dds"
"ui\common\dialogs\score-cybran\back_brd_ll.dds"                              , "312"  , "116"   , "dds"
"ui\common\dialogs\score-cybran\back_brd_lr.dds"                              , "704"  , "116"   , "dds"
"ui\common\dialogs\score-cybran\back_brd_ul.dds"                              , "64"   , "104"   , "dds"
"ui\common\dialogs\score-cybran\back_brd_ur.dds"                              , "64"   , "104"   , "dds"
"ui\common\dialogs\score-cybran\background_bmp.dds"                           , "1024" , "768"   , "dds"
"ui\common\dialogs\score-cybran\icon_experimental.dds"                        , "28"   , "28"    , "dds"
"ui\common\dialogs\score-cybran\icon-air_bmp.dds"                             , "28"   , "28"    , "dds"
"ui\common\dialogs\score-cybran\icon-cdr_bmp.dds"                             , "28"   , "28"    , "dds"
"ui\common\dialogs\score-cybran\icon-energy_bmp.dds"                          , "20"   , "20"    , "dds"
"ui\common\dialogs\score-cybran\icon-kill-death_bmp.dds"                      , "24"   , "24"    , "dds"
"ui\common\dialogs\score-cybran\icon-kills_bmp.dds"                           , "20"   , "20"    , "dds"
"ui\common\dialogs\score-cybran\icon-land_bmp.dds"                            , "28"   , "28"    , "dds"
"ui\common\dialogs\score-cybran\icon-loss_bmp.dds"                            , "20"   , "20"    , "dds"
"ui\common\dialogs\score-cybran\icon-mass_bmp.dds"                            , "20"   , "20"    , "dds"
"ui\common\dialogs\score-cybran\icon-naval_bmp.dds"                           , "28"   , "28"    , "dds"
"ui\common\dialogs\score-cybran\icon-structure_bmp.dds"                       , "28"   , "28"    , "dds"
"ui\common\dialogs\score-cybran\panel_bmp.dds"                                , "956"  , "620"   , "dds"
"ui\common\dialogs\score-cybran\panels_bmp.dds"                               , "964"  , "628"   , "dds"
"ui\common\dialogs\score-cybran\text-box_bmp_b.dds"                           , "628"  , "16"    , "dds"
"ui\common\dialogs\score-cybran\text-box_bmp_m.dds"                           , "628"  , "8"     , "dds"
"ui\common\dialogs\score-cybran\text-box_bmp_T.dds"                           , "628"  , "36"    , "dds"
"ui\common\dialogs\score-cybran\text-box_bmp.dds"                             , "636"  , "240"   , "dds"
"ui\common\dialogs\score-overlay\clock_bmp.dds"                               , "28"   , "28"    , "dds"
"ui\common\dialogs\score-overlay\factional-logo-aeon_bmp.dds"                 , "16"   , "20"    , "dds"
"ui\common\dialogs\score-overlay\factional-logo-cybran_bmp.dds"               , "20"   , "20"    , "dds"
"ui\common\dialogs\score-overlay\factional-logo-uef_bmp.dds"                  , "20"   , "20"    , "dds"
"ui\common\dialogs\score-overlay\panel_bmp.dds"                               , "428"  , "260"   , "dds"
"ui\common\dialogs\score-overlay\score_brd_horz_um.dds"                       , "8"    , "44"    , "dds"
"ui\common\dialogs\score-overlay\score_brd_ll.dds"                            , "48"   , "44"    , "dds"
"ui\common\dialogs\score-overlay\score_brd_lm.dds"                            , "8"    , "44"    , "dds"
"ui\common\dialogs\score-overlay\score_brd_lr.dds"                            , "48"   , "44"    , "dds"
"ui\common\dialogs\score-overlay\score_brd_m.dds"                             , "8"    , "24"    , "dds"
"ui\common\dialogs\score-overlay\score_brd_ul.dds"                            , "48"   , "44"    , "dds"
"ui\common\dialogs\score-overlay\score_brd_ur.dds"                            , "48"   , "44"    , "dds"
"ui\common\dialogs\score-overlay\score_brd_vert_l.dds"                        , "48"   , "24"    , "dds"
"ui\common\dialogs\score-overlay\score_brd_vert_r.dds"                        , "24"   , "24"    , "dds"
"ui\common\dialogs\score-overlay\tank_bmp.dds"                                , "40"   , "20"    , "dds"
"ui\common\dialogs\score-uef\back_brd_horz_lm.dds"                            , "880"  , "120"   , "dds"
"ui\common\dialogs\score-uef\back_brd_horz_lml.dds"                           , "8"    , "88"    , "dds"
"ui\common\dialogs\score-uef\back_brd_horz_lmr.dds"                           , "8"    , "112"   , "dds"
"ui\common\dialogs\score-uef\back_brd_horz_um.dds"                            , "880"  , "76"    , "dds"
"ui\common\dialogs\score-uef\back_brd_horz_uml.dds"                           , "8"    , "60"    , "dds"
"ui\common\dialogs\score-uef\back_brd_horz_umr.dds"                           , "8"    , "60"    , "dds"
"ui\common\dialogs\score-uef\back_brd_ll.dds"                                 , "312"  , "120"   , "dds"
"ui\common\dialogs\score-uef\back_brd_lr.dds"                                 , "704"  , "120"   , "dds"
"ui\common\dialogs\score-uef\back_brd_ul.dds"                                 , "64"   , "92"    , "dds"
"ui\common\dialogs\score-uef\back_brd_ur.dds"                                 , "64"   , "92"    , "dds"
"ui\common\dialogs\score-uef\background_bmp.dds"                              , "1024" , "768"   , "dds"
"ui\common\dialogs\score-uef\icon_experimental.dds"                           , "28"   , "28"    , "dds"
"ui\common\dialogs\score-uef\icon-air_bmp.dds"                                , "28"   , "28"    , "dds"
"ui\common\dialogs\score-uef\icon-cdr_bmp.dds"                                , "28"   , "28"    , "dds"
"ui\common\dialogs\score-uef\icon-energy_bmp.dds"                             , "20"   , "20"    , "dds"
"ui\common\dialogs\score-uef\icon-kill-death_bmp.dds"                         , "24"   , "24"    , "dds"
"ui\common\dialogs\score-uef\icon-kills_bmp.dds"                              , "20"   , "20"    , "dds"
"ui\common\dialogs\score-uef\icon-land_bmp.dds"                               , "28"   , "28"    , "dds"
"ui\common\dialogs\score-uef\icon-loss_bmp.dds"                               , "20"   , "20"    , "dds"
"ui\common\dialogs\score-uef\icon-mass_bmp.dds"                               , "20"   , "20"    , "dds"
"ui\common\dialogs\score-uef\icon-naval_bmp.dds"                              , "28"   , "28"    , "dds"
"ui\common\dialogs\score-uef\icon-structure_bmp.dds"                          , "28"   , "28"    , "dds"
"ui\common\dialogs\score-uef\panels_bmp.dds"                                  , "964"  , "628"   , "dds"
"ui\common\dialogs\score-uef\text-box_bmp_b.dds"                              , "628"  , "16"    , "dds"
"ui\common\dialogs\score-uef\text-box_bmp_m.dds"                              , "628"  , "8"     , "dds"
"ui\common\dialogs\score-uef\text-box_bmp_T.dds"                              , "628"  , "36"    , "dds"
"ui\common\dialogs\score-uef\text-box_bmp.dds"                                , "636"  , "240"   , "dds"
"ui\common\dialogs\score-victory-defeat-border\back_brd_horz_lml.dds"         , "8"    , "84"    , "dds"
"ui\common\dialogs\score-victory-defeat-border\back_brd_horz_um.dds"          , "928"  , "68"    , "dds"
"ui\common\dialogs\score-victory-defeat-border\back_brd_horz_uml.dds"         , "8"    , "56"    , "dds"
"ui\common\dialogs\score-victory-defeat-border\back_brd_horz_umr.dds"         , "8"    , "56"    , "dds"
"ui\common\dialogs\score-victory-defeat-border\back_brd_ll.dds"               , "372"  , "140"   , "dds"
"ui\common\dialogs\score-victory-defeat-border\back_brd_lr.dds"               , "644"  , "140"   , "dds"
"ui\common\dialogs\score-victory-defeat-border\back_brd_ul.dds"               , "40"   , "120"   , "dds"
"ui\common\dialogs\score-victory-defeat-border\back_brd_ur.dds"               , "40"   , "120"   , "dds"
"ui\common\dialogs\score-victory-defeat-border\background_bmp.dds"            , "1024" , "768"   , "dds"
"ui\common\dialogs\score-victory-defeat\histograph-back_bmp.dds"              , "976"  , "336"   , "dds"
"ui\common\dialogs\score-victory-defeat\panel_bmp.dds"                        , "1024" , "608"   , "dds"
"ui\common\dialogs\score-victory-defeat\player-back_bmp.dds"                  , "956"  , "36"    , "dds"
"ui\common\dialogs\score-victory-defeat\player-back02_bmp.dds"                , "264"  , "220"   , "dds"
"ui\common\dialogs\score-victory-defeat\rect_bmp.dds"                         , "84"   , "36"    , "dds"
"ui\common\dialogs\score-victory-defeat\totals-back_bmp.dds"                  , "392"  , "48"    , "dds"
"ui\common\dialogs\slider_btn\energy-bar-edge_btn_dis.dds"                    , "64"   , "84"    , "dds"
"ui\common\dialogs\slider_btn\energy-bar-edge_btn_down.dds"                   , "64"   , "84"    , "dds"
"ui\common\dialogs\slider_btn\energy-bar-edge_btn_over.dds"                   , "64"   , "84"    , "dds"
"ui\common\dialogs\slider_btn\energy-bar-edge_btn_up.dds"                     , "16"   , "56"    , "dds"
"ui\common\dialogs\slider_btn\mass-bar-edge_btn_dis.dds"                      , "64"   , "84"    , "dds"
"ui\common\dialogs\slider_btn\mass-bar-edge_btn_down.dds"                     , "64"   , "84"    , "dds"
"ui\common\dialogs\slider_btn\mass-bar-edge_btn_over.dds"                     , "64"   , "84"    , "dds"
"ui\common\dialogs\slider_btn\mass-bar-edge_btn_up.dds"                       , "16"   , "56"    , "dds"
"ui\common\dialogs\sort_btn\sort_btn_dis_l.dds"                               , "12"   , "24"    , "dds"
"ui\common\dialogs\sort_btn\sort_btn_dis_m.dds"                               , "12"   , "24"    , "dds"
"ui\common\dialogs\sort_btn\sort_btn_dis_r.dds"                               , "12"   , "24"    , "dds"
"ui\common\dialogs\sort_btn\sort_btn_down_l.dds"                              , "12"   , "24"    , "dds"
"ui\common\dialogs\sort_btn\sort_btn_down_m.dds"                              , "12"   , "24"    , "dds"
"ui\common\dialogs\sort_btn\sort_btn_down_r.dds"                              , "12"   , "24"    , "dds"
"ui\common\dialogs\sort_btn\sort_btn_over_l.dds"                              , "12"   , "24"    , "dds"
"ui\common\dialogs\sort_btn\sort_btn_over_m.dds"                              , "12"   , "24"    , "dds"
"ui\common\dialogs\sort_btn\sort_btn_over_r.dds"                              , "12"   , "24"    , "dds"
"ui\common\dialogs\sort_btn\sort_btn_up_l.dds"                                , "12"   , "24"    , "dds"
"ui\common\dialogs\sort_btn\sort_btn_up_m.dds"                                , "12"   , "24"    , "dds"
"ui\common\dialogs\sort_btn\sort_btn_up_r.dds"                                , "12"   , "24"    , "dds"
"ui\common\dialogs\sort_btn\sort-arrow-down_bmp.dds"                          , "24"   , "16"    , "dds"
"ui\common\dialogs\sort_btn\sort-arrow-up_bmp.dds"                            , "24"   , "16"    , "dds"
"ui\common\dialogs\standard_btn\standard_btn_dis.dds"                         , "112"  , "48"    , "dds"
"ui\common\dialogs\standard_btn\standard_btn_down.dds"                        , "112"  , "48"    , "dds"
"ui\common\dialogs\standard_btn\standard_btn_over.dds"                        , "112"  , "48"    , "dds"
"ui\common\dialogs\standard_btn\standard_btn_up.dds"                          , "112"  , "48"    , "dds"
"ui\common\dialogs\standard-small_btn\standard-small_btn_dis.dds"             , "96"   , "32"    , "dds"
"ui\common\dialogs\standard-small_btn\standard-small_btn_down.dds"            , "96"   , "32"    , "dds"
"ui\common\dialogs\standard-small_btn\standard-small_btn_over.dds"            , "96"   , "32"    , "dds"
"ui\common\dialogs\standard-small_btn\standard-small_btn_up.dds"              , "96"   , "32"    , "dds"
"ui\common\dialogs\sub-tab_btn\sub-tab_btn_dis.dds"                           , "120"  , "28"    , "dds"
"ui\common\dialogs\sub-tab_btn\sub-tab_btn_down.dds"                          , "120"  , "28"    , "dds"
"ui\common\dialogs\sub-tab_btn\sub-tab_btn_over.dds"                          , "120"  , "28"    , "dds"
"ui\common\dialogs\sub-tab_btn\sub-tab_btn_selected.dds"                      , "120"  , "28"    , "dds"
"ui\common\dialogs\sub-tab_btn\sub-tab_btn_up.dds"                            , "120"  , "28"    , "dds"
"ui\common\dialogs\tab_btn\campaign_btn_dis.dds"                              , "120"  , "48"    , "dds"
"ui\common\dialogs\tab_btn\campaign_btn_down.dds"                             , "120"  , "48"    , "dds"
"ui\common\dialogs\tab_btn\campaign_btn_over.dds"                             , "120"  , "48"    , "dds"
"ui\common\dialogs\tab_btn\campaign_btn_selected.dds"                         , "120"  , "48"    , "dds"
"ui\common\dialogs\tab_btn\campaign_btn_up.dds"                               , "120"  , "48"    , "dds"
"ui\common\dialogs\tab_btn\general_btn_dis.dds"                               , "148"  , "40"    , "dds"
"ui\common\dialogs\tab_btn\general_btn_down.dds"                              , "148"  , "40"    , "dds"
"ui\common\dialogs\tab_btn\general_btn_over.dds"                              , "148"  , "40"    , "dds"
"ui\common\dialogs\tab_btn\general_btn_selected.dds"                          , "148"  , "40"    , "dds"
"ui\common\dialogs\tab_btn\general_btn_up.dds"                                , "148"  , "40"    , "dds"
"ui\common\dialogs\tab_btn\resources_btn_dis.dds"                             , "148"  , "32"    , "dds"
"ui\common\dialogs\tab_btn\resources_btn_down.dds"                            , "148"  , "32"    , "dds"
"ui\common\dialogs\tab_btn\resources_btn_over.dds"                            , "148"  , "32"    , "dds"
"ui\common\dialogs\tab_btn\resources_btn_selected.dds"                        , "148"  , "32"    , "dds"
"ui\common\dialogs\tab_btn\resources_btn_up.dds"                              , "148"  , "32"    , "dds"
"ui\common\dialogs\tab_btn\tab_btn_dis.dds"                                   , "148"  , "40"    , "dds"
"ui\common\dialogs\tab_btn\tab_btn_down.dds"                                  , "148"  , "40"    , "dds"
"ui\common\dialogs\tab_btn\tab_btn_over.dds"                                  , "148"  , "40"    , "dds"
"ui\common\dialogs\tab_btn\tab_btn_selected.dds"                              , "148"  , "40"    , "dds"
"ui\common\dialogs\tab_btn\tab_btn_up.dds"                                    , "148"  , "40"    , "dds"
"ui\common\dialogs\tab_btn\units_btn_dis.dds"                                 , "120"  , "48"    , "dds"
"ui\common\dialogs\tab_btn\units_btn_down.dds"                                , "120"  , "48"    , "dds"
"ui\common\dialogs\tab_btn\units_btn_over.dds"                                , "120"  , "48"    , "dds"
"ui\common\dialogs\tab_btn\units_btn_selected.dds"                            , "120"  , "48"    , "dds"
"ui\common\dialogs\tab_btn\units_btn_up.dds"                                  , "120"  , "48"    , "dds"
"ui\common\dialogs\time-units-tabs\energy_bmp.dds"                            , "12"   , "24"    , "dds"
"ui\common\dialogs\time-units-tabs\panel-time_bmp.dds"                        , "208"  , "48"    , "dds"
"ui\common\dialogs\time-units-tabs\panel-tracking_bmp_d.dds"                  , "12"   , "44"    , "dds"
"ui\common\dialogs\time-units-tabs\panel-tracking_bmp_l.dds"                  , "24"   , "44"    , "dds"
"ui\common\dialogs\time-units-tabs\panel-tracking_bmp_m.dds"                  , "4"    , "44"    , "dds"
"ui\common\dialogs\time-units-tabs\panel-tracking_bmp_r.dds"                  , "24"   , "44"    , "dds"
"ui\common\dialogs\time-units-tabs\panel-tracking_bmp.dds"                    , "120"  , "48"    , "dds"
"ui\common\dialogs\time-units-tabs\panel-units_bmp.dds"                       , "208"  , "48"    , "dds"
"ui\common\dialogs\time-units-tabs\tracking-icon_bmp.dds"                     , "24"   , "20"    , "dds"
"ui\common\dialogs\toggle_btn\toggle-d_btn_dis.dds"                           , "84"   , "28"    , "dds"
"ui\common\dialogs\toggle_btn\toggle-d_btn_down.dds"                          , "84"   , "28"    , "dds"
"ui\common\dialogs\toggle_btn\toggle-d_btn_over.dds"                          , "84"   , "28"    , "dds"
"ui\common\dialogs\toggle_btn\toggle-d_btn_up.dds"                            , "84"   , "28"    , "dds"
"ui\common\dialogs\toggle_btn\toggle-s_btn_dis.dds"                           , "84"   , "28"    , "dds"
"ui\common\dialogs\toggle_btn\toggle-s_btn_down.dds"                          , "84"   , "28"    , "dds"
"ui\common\dialogs\toggle_btn\toggle-s_btn_over.dds"                          , "84"   , "28"    , "dds"
"ui\common\dialogs\toggle_btn\toggle-s_btn_up.dds"                            , "84"   , "28"    , "dds"
"ui\common\dialogs\transmision-log\panel_bmp.dds"                             , "888"  , "532"   , "dds"
"ui\common\dialogs\transmission-incoming\panel_bmp_b.dds"                     , "404"  , "24"    , "dds"
"ui\common\dialogs\transmission-incoming\panel_bmp_l.dds"                     , "136"  , "136"   , "dds"
"ui\common\dialogs\transmission-incoming\panel_bmp_m.dds"                     , "404"  , "20"    , "dds"
"ui\common\dialogs\transmission-incoming\panel_bmp_t.dds"                     , "404"  , "40"    , "dds"
"ui\common\dialogs\transmission-incoming\panel_bmp.dds"                       , "356"  , "120"   , "dds"
"ui\common\dialogs\transmission-incoming\panel-white_bmp.dds"                 , "356"  , "120"   , "dds"
"ui\common\dialogs\unit-naming\unit-name_bmp.dds"                             , "340"  , "88"    , "dds"
"ui\common\dialogs\zoom_btn\zoom_btn_dis.dds"                                 , "24"   , "24"    , "dds"
"ui\common\dialogs\zoom_btn\zoom_btn_down.dds"                                , "24"   , "24"    , "dds"
"ui\common\dialogs\zoom_btn\zoom_btn_over.dds"                                , "24"   , "24"    , "dds"
"ui\common\dialogs\zoom_btn\zoom_btn_up.dds"                                  , "24"   , "24"    , "dds"
"ui\common\faction_icon-lg\aeon_ico.dds"                                      , "60"   , "60"    , "dds"
"ui\common\faction_icon-lg\cybran_ico.dds"                                    , "60"   , "60"    , "dds"
"ui\common\faction_icon-lg\seraphim_ico.dds"                                  , "60"   , "60"    , "dds"
"ui\common\faction_icon-lg\uef_ico.dds"                                       , "60"   , "60"    , "dds"
"ui\common\faction_icon-sm\aeon_ico.dds"                                      , "24"   , "24"    , "dds"
"ui\common\faction_icon-sm\cybran_ico.dds"                                    , "24"   , "24"    , "dds"
"ui\common\faction_icon-sm\random_ico.dds"                                    , "24"   , "24"    , "dds"
"ui\common\faction_icon-sm\seraphim_ico.dds"                                  , "24"   , "24"    , "dds"
"ui\common\faction_icon-sm\uef_ico.dds"                                       , "24"   , "24"    , "dds"
"ui\common\filters\strategic-filters\filter_defense-dashed.dds"               , "16"   , "16"    , "dds"
"ui\common\filters\strategic-filters\filter_defense.dds"                      , "16"   , "16"    , "dds"
"ui\common\filters\strategic-filters\filter_economy-dashed.dds"               , "16"   , "16"    , "dds"
"ui\common\filters\strategic-filters\filter_economy.dds"                      , "16"   , "16"    , "dds"
"ui\common\filters\strategic-filters\filter_intel-dashed.dds"                 , "16"   , "16"    , "dds"
"ui\common\filters\strategic-filters\filter_intel.dds"                        , "16"   , "16"    , "dds"
"ui\common\filters\strategic-filters\filter_military-dashed.dds"              , "16"   , "16"    , "dds"
"ui\common\filters\strategic-filters\filter_military.dds"                     , "16"   , "16"    , "dds"
"ui\common\filters\strategic-filters\filter-dashed -black.dds"                , "16"   , "16"    , "dds"
"ui\common\filters\strategic-filters\filter-dashed.dds"                       , "8"    , "8"     , "dds"
"ui\common\filters\strategic-filters\filter-solid-black.dds"                  , "16"   , "16"    , "dds"
"ui\common\filters\strategic-filters\filter-solid.dds"                        , "16"   , "8"     , "dds"
"ui\common\game\aeon-enhancements\aes_btn_down.dds"                           , "64"   , "64"    , "dds"
"ui\common\game\aeon-enhancements\aes_btn_over.dds"                           , "64"   , "64"    , "dds"
"ui\common\game\aeon-enhancements\aes_btn_sel.dds"                            , "64"   , "64"    , "dds"
"ui\common\game\aeon-enhancements\aes_btn_up.dds"                             , "64"   , "64"    , "dds"
"ui\common\game\aeon-enhancements\cba_btn_down.dds"                           , "64"   , "64"    , "dds"
"ui\common\game\aeon-enhancements\cba_btn_over.dds"                           , "64"   , "64"    , "dds"
"ui\common\game\aeon-enhancements\cba_btn_sel.dds"                            , "64"   , "64"    , "dds"
"ui\common\game\aeon-enhancements\cba_btn_up.dds"                             , "64"   , "64"    , "dds"
"ui\common\game\aeon-enhancements\cd_btn_down.dds"                            , "64"   , "64"    , "dds"
"ui\common\game\aeon-enhancements\cd_btn_over.dds"                            , "64"   , "64"    , "dds"
"ui\common\game\aeon-enhancements\cd_btn_sel.dds"                             , "64"   , "64"    , "dds"
"ui\common\game\aeon-enhancements\cd_btn_up.dds"                              , "64"   , "64"    , "dds"
"ui\common\game\aeon-enhancements\ees_btn_down.dds"                           , "64"   , "64"    , "dds"
"ui\common\game\aeon-enhancements\ees_btn_over.dds"                           , "64"   , "64"    , "dds"
"ui\common\game\aeon-enhancements\ees_btn_sel.dds"                            , "64"   , "64"    , "dds"
"ui\common\game\aeon-enhancements\ees_btn_up.dds"                             , "64"   , "64"    , "dds"
"ui\common\game\aeon-enhancements\efm_btn_down.dds"                           , "64"   , "64"    , "dds"
"ui\common\game\aeon-enhancements\efm_btn_over.dds"                           , "64"   , "64"    , "dds"
"ui\common\game\aeon-enhancements\efm_btn_sel.dds"                            , "64"   , "64"    , "dds"
"ui\common\game\aeon-enhancements\efm_btn_up.dds"                             , "64"   , "64"    , "dds"
"ui\common\game\aeon-enhancements\eras_btn_down.dds"                          , "64"   , "64"    , "dds"
"ui\common\game\aeon-enhancements\eras_btn_over.dds"                          , "64"   , "64"    , "dds"
"ui\common\game\aeon-enhancements\eras_btn_sel.dds"                           , "64"   , "64"    , "dds"
"ui\common\game\aeon-enhancements\eras_btn_up.dds"                            , "64"   , "64"    , "dds"
"ui\common\game\aeon-enhancements\ess_btn_down.dds"                           , "64"   , "64"    , "dds"
"ui\common\game\aeon-enhancements\ess_btn_over.dds"                           , "64"   , "64"    , "dds"
"ui\common\game\aeon-enhancements\ess_btn_sel.dds"                            , "64"   , "64"    , "dds"
"ui\common\game\aeon-enhancements\ess_btn_up.dds"                             , "64"   , "64"    , "dds"
"ui\common\game\aeon-enhancements\hsa_btn_down.dds"                           , "64"   , "64"    , "dds"
"ui\common\game\aeon-enhancements\hsa_btn_over.dds"                           , "64"   , "64"    , "dds"
"ui\common\game\aeon-enhancements\hsa_btn_sel.dds"                            , "64"   , "64"    , "dds"
"ui\common\game\aeon-enhancements\hsa_btn_up.dds"                             , "64"   , "64"    , "dds"
"ui\common\game\aeon-enhancements\htsg_btn_down.dds"                          , "64"   , "64"    , "dds"
"ui\common\game\aeon-enhancements\htsg_btn_over.dds"                          , "64"   , "64"    , "dds"
"ui\common\game\aeon-enhancements\htsg_btn_sel.dds"                           , "64"   , "64"    , "dds"
"ui\common\game\aeon-enhancements\htsg_btn_up.dds"                            , "64"   , "64"    , "dds"
"ui\common\game\aeon-enhancements\phtsg_btn_down.dds"                         , "64"   , "64"    , "dds"
"ui\common\game\aeon-enhancements\phtsg_btn_over.dds"                         , "64"   , "64"    , "dds"
"ui\common\game\aeon-enhancements\phtsg_btn_sel.dds"                          , "64"   , "64"    , "dds"
"ui\common\game\aeon-enhancements\phtsg_btn_up.dds"                           , "64"   , "64"    , "dds"
"ui\common\game\aeon-enhancements\pqt_btn_down.dds"                           , "64"   , "64"    , "dds"
"ui\common\game\aeon-enhancements\pqt_btn_over.dds"                           , "64"   , "64"    , "dds"
"ui\common\game\aeon-enhancements\pqt_btn_sel.dds"                            , "64"   , "64"    , "dds"
"ui\common\game\aeon-enhancements\pqt_btn_up.dds"                             , "64"   , "64"    , "dds"
"ui\common\game\aeon-enhancements\ptsg_btn_down.dds"                          , "64"   , "64"    , "dds"
"ui\common\game\aeon-enhancements\ptsg_btn_over.dds"                          , "64"   , "64"    , "dds"
"ui\common\game\aeon-enhancements\ptsg_btn_sel.dds"                           , "64"   , "64"    , "dds"
"ui\common\game\aeon-enhancements\ptsg_btn_up.dds"                            , "64"   , "64"    , "dds"
"ui\common\game\aeon-enhancements\ras_btn_down.dds"                           , "64"   , "64"    , "dds"
"ui\common\game\aeon-enhancements\ras_btn_over.dds"                           , "64"   , "64"    , "dds"
"ui\common\game\aeon-enhancements\ras_btn_sel.dds"                            , "64"   , "64"    , "dds"
"ui\common\game\aeon-enhancements\ras_btn_up.dds"                             , "64"   , "64"    , "dds"
"ui\common\game\aeon-enhancements\sic_btn_down.dds"                           , "64"   , "64"    , "dds"
"ui\common\game\aeon-enhancements\sic_btn_over.dds"                           , "64"   , "64"    , "dds"
"ui\common\game\aeon-enhancements\sic_btn_sel.dds"                            , "64"   , "64"    , "dds"
"ui\common\game\aeon-enhancements\sic_btn_up.dds"                             , "64"   , "64"    , "dds"
"ui\common\game\aeon-enhancements\sp_btn_down.dds"                            , "64"   , "64"    , "dds"
"ui\common\game\aeon-enhancements\sp_btn_over.dds"                            , "64"   , "64"    , "dds"
"ui\common\game\aeon-enhancements\sp_btn_sel.dds"                             , "64"   , "64"    , "dds"
"ui\common\game\aeon-enhancements\sp_btn_up.dds"                              , "64"   , "64"    , "dds"
"ui\common\game\aeon-enhancements\ss_btn_down.dds"                            , "64"   , "64"    , "dds"
"ui\common\game\aeon-enhancements\ss_btn_over.dds"                            , "64"   , "64"    , "dds"
"ui\common\game\aeon-enhancements\ss_btn_sel.dds"                             , "64"   , "64"    , "dds"
"ui\common\game\aeon-enhancements\ss_btn_up.dds"                              , "64"   , "64"    , "dds"
"ui\common\game\aeon-enhancements\tsg_btn_down.dds"                           , "64"   , "64"    , "dds"
"ui\common\game\aeon-enhancements\tsg_btn_over.dds"                           , "64"   , "64"    , "dds"
"ui\common\game\aeon-enhancements\tsg_btn_sel.dds"                            , "64"   , "64"    , "dds"
"ui\common\game\aeon-enhancements\tsg_btn_up.dds"                             , "64"   , "64"    , "dds"
"ui\common\game\AreaTargetDecal\nuke_icon_small.dds"                          , "400"  , "400"   , "dds"
"ui\common\game\AreaTargetDecal\weapon_icon_small.dds"                        , "128"  , "128"   , "dds"
"ui\common\game\avatar-tab-btn\tab-close_btn_dis.dds"                         , "24"   , "44"    , "dds"
"ui\common\game\avatar-tab-btn\tab-close_btn_down.dds"                        , "24"   , "44"    , "dds"
"ui\common\game\avatar-tab-btn\tab-close_btn_over.dds"                        , "24"   , "44"    , "dds"
"ui\common\game\avatar-tab-btn\tab-close_btn_up.dds"                          , "24"   , "44"    , "dds"
"ui\common\game\avatar-tab-btn\tab-open_btn_dis.dds"                          , "24"   , "44"    , "dds"
"ui\common\game\avatar-tab-btn\tab-open_btn_down.dds"                         , "24"   , "44"    , "dds"
"ui\common\game\avatar-tab-btn\tab-open_btn_over.dds"                         , "24"   , "44"    , "dds"
"ui\common\game\avatar-tab-btn\tab-open_btn_up.dds"                           , "24"   , "44"    , "dds"
"ui\common\game\avatar\avatar_bmp.dds"                                        , "76"   , "88"    , "dds"
"ui\common\game\avatar\health-bar-back_bmp.dds"                               , "64"   , "16"    , "dds"
"ui\common\game\avatar\health-bar-green.dds"                                  , "56"   , "12"    , "dds"
"ui\common\game\avatar\health-bar-red.dds"                                    , "56"   , "8"     , "dds"
"ui\common\game\avatar\health-bar-yellow.dds"                                 , "56"   , "8"     , "dds"
"ui\common\game\avatar\health-bar.dds"                                        , "56"   , "12"    , "dds"
"ui\common\game\avatar\pulse-bars_bmp.dds"                                    , "80"   , "80"    , "dds"
"ui\common\game\avatar\tech-tab_bmp.dds"                                      , "32"   , "28"    , "dds"
"ui\common\game\beacons\beacon-aeon-transport_btn_up.dds"                     , "128"  , "128"   , "dds"
"ui\common\game\beacons\beacon-quantum-gate_btn_up.dds"                       , "128"  , "128"   , "dds"
"ui\common\game\border_bottom\back_brd_b-os.dds"                              , "4"    , "12"    , "dds"
"ui\common\game\border_bottom\back_brd_b.dds"                                 , "4"    , "216"   , "dds"
"ui\common\game\border_bottom\back_brd_bl.dds"                                , "48"   , "48"    , "dds"
"ui\common\game\border_bottom\back_brd_bl02.dds"                              , "492"  , "96"    , "dds"
"ui\common\game\border_bottom\back_brd_br.dds"                                , "48"   , "48"    , "dds"
"ui\common\game\border_bottom\back_brd_l-os.dds"                              , "8"    , "4"     , "dds"
"ui\common\game\border_bottom\back_brd_l.dds"                                 , "4"    , "4"     , "dds"
"ui\common\game\border_bottom\back_brd_r-os.dds"                              , "8"    , "4"     , "dds"
"ui\common\game\border_bottom\back_brd_r.dds"                                 , "4"    , "4"     , "dds"
"ui\common\game\border_bottom\back_brd_t-os.dds"                              , "4"    , "8"     , "dds"
"ui\common\game\border_bottom\back_brd_t.dds"                                 , "4"    , "44"    , "dds"
"ui\common\game\border_bottom\back_brd_tl.dds"                                , "48"   , "48"    , "dds"
"ui\common\game\border_bottom\back_brd_tr.dds"                                , "48"   , "48"    , "dds"
"ui\common\game\border_left\back_brd_b-os.dds"                                , "4"    , "8"     , "dds"
"ui\common\game\border_left\back_brd_b.dds"                                   , "4"    , "4"     , "dds"
"ui\common\game\border_left\back_brd_bl.dds"                                  , "48"   , "48"    , "dds"
"ui\common\game\border_left\back_brd_br.dds"                                  , "48"   , "48"    , "dds"
"ui\common\game\border_left\back_brd_l-os.dds"                                , "8"    , "4"     , "dds"
"ui\common\game\border_left\back_brd_l.dds"                                   , "244"  , "4"     , "dds"
"ui\common\game\border_left\back_brd_r-os.dds"                                , "8"    , "4"     , "dds"
"ui\common\game\border_left\back_brd_r.dds"                                   , "4"    , "4"     , "dds"
"ui\common\game\border_left\back_brd_t-os.dds"                                , "4"    , "8"     , "dds"
"ui\common\game\border_left\back_brd_t.dds"                                   , "4"    , "44"    , "dds"
"ui\common\game\border_left\back_brd_tl.dds"                                  , "48"   , "48"    , "dds"
"ui\common\game\border_left\back_brd_tr.dds"                                  , "48"   , "48"    , "dds"
"ui\common\game\border_right\back_brd_b-os.dds"                               , "4"    , "8"     , "dds"
"ui\common\game\border_right\back_brd_b.dds"                                  , "4"    , "4"     , "dds"
"ui\common\game\border_right\back_brd_bl.dds"                                 , "48"   , "48"    , "dds"
"ui\common\game\border_right\back_brd_br.dds"                                 , "48"   , "48"    , "dds"
"ui\common\game\border_right\back_brd_l-os.dds"                               , "8"    , "4"     , "dds"
"ui\common\game\border_right\back_brd_l.dds"                                  , "4"    , "4"     , "dds"
"ui\common\game\border_right\back_brd_r-os.dds"                               , "8"    , "4"     , "dds"
"ui\common\game\border_right\back_brd_r.dds"                                  , "244"  , "4"     , "dds"
"ui\common\game\border_right\back_brd_t-os.dds"                               , "4"    , "8"     , "dds"
"ui\common\game\border_right\back_brd_t.dds"                                  , "4"    , "44"    , "dds"
"ui\common\game\border_right\back_brd_tl.dds"                                 , "48"   , "48"    , "dds"
"ui\common\game\border_right\back_brd_tr.dds"                                 , "48"   , "48"    , "dds"
"ui\common\game\build-ui-02\abilities_bmp_b.dds"                              , "136"  , "12"    , "dds"
"ui\common\game\build-ui-02\abilities_bmp_m.dds"                              , "136"  , "12"    , "dds"
"ui\common\game\build-ui-02\abilities_bmp_t.dds"                              , "136"  , "36"    , "dds"
"ui\common\game\build-ui-02\abilities-panel_bmp.dds"                          , "144"  , "92"    , "dds"
"ui\common\game\build-ui-02\bar01_bmp.dds"                                    , "76"   , "8"     , "dds"
"ui\common\game\build-ui-02\build-over_bmp_l.dds"                             , "284"  , "96"    , "dds"
"ui\common\game\build-ui-02\build-over_bmp_m.dds"                             , "12"   , "96"    , "dds"
"ui\common\game\build-ui-02\build-over_bmp_r.dds"                             , "200"  , "96"    , "dds"
"ui\common\game\build-ui-02\build-over_bmp.dds"                               , "492"  , "100"   , "dds"
"ui\common\game\build-ui-02\build-over-abilities_bmp _m.dds"                  , "408"  , "8"     , "dds"
"ui\common\game\build-ui-02\build-over-abilities_bmp _t.dds"                  , "408"  , "24"    , "dds"
"ui\common\game\build-ui-02\build-over-abilities_bmp_b.dds"                   , "408"  , "12"    , "dds"
"ui\common\game\build-ui-02\build-over-abilities_bmp.dds"                     , "416"  , "64"    , "dds"
"ui\common\game\build-ui-02\description_bmp_b.dds"                            , "344"  , "40"    , "dds"
"ui\common\game\build-ui-02\description_bmp_m.dds"                            , "344"  , "12"    , "dds"
"ui\common\game\build-ui-02\description_bmp_t.dds"                            , "344"  , "36"    , "dds"
"ui\common\game\build-ui-02\description-panel_bmp.dds"                        , "352"  , "92"    , "dds"
"ui\common\game\build-ui-02\health-bars-back-1_bmp.dds"                       , "76"   , "8"     , "dds"
"ui\common\game\build-ui-02\icon-clock_bmp.dds"                               , "16"   , "16"    , "dds"
"ui\common\game\build-ui-02\icon-energy_bmp.dds"                              , "20"   , "20"    , "dds"
"ui\common\game\build-ui-02\icon-health_bmp.dds"                              , "16"   , "16"    , "dds"
"ui\common\game\build-ui-02\icon-mass_bmp.dds"                                , "20"   , "20"    , "dds"
"ui\common\game\build-ui\abilities_bmp_b.dds"                                 , "136"  , "12"    , "dds"
"ui\common\game\build-ui\abilities_bmp_l.dds"                                 , "44"   , "88"    , "dds"
"ui\common\game\build-ui\abilities_bmp_m.dds"                                 , "136"  , "12"    , "dds"
"ui\common\game\build-ui\abilities_bmp_r.dds"                                 , "80"   , "88"    , "dds"
"ui\common\game\build-ui\abilities_bmp_t.dds"                                 , "136"  , "36"    , "dds"
"ui\common\game\build-ui\abilities-panel_bmp.dds"                             , "144"  , "92"    , "dds"
"ui\common\game\build-ui\bar01_bmp.dds"                                       , "76"   , "8"     , "dds"
"ui\common\game\build-ui\build-over_bmp_l.dds"                                , "280"  , "88"    , "dds"
"ui\common\game\build-ui\build-over_bmp_m.dds"                                , "12"   , "88"    , "dds"
"ui\common\game\build-ui\build-over_bmp_r.dds"                                , "132"  , "88"    , "dds"
"ui\common\game\build-ui\build-over_bmp.dds"                                  , "428"  , "96"    , "dds"
"ui\common\game\build-ui\description_bmp_b.dds"                               , "344"  , "12"    , "dds"
"ui\common\game\build-ui\description_bmp_m.dds"                               , "344"  , "12"    , "dds"
"ui\common\game\build-ui\description_bmp_t.dds"                               , "344"  , "36"    , "dds"
"ui\common\game\build-ui\description-panel_bmp.dds"                           , "352"  , "92"    , "dds"
"ui\common\game\build-ui\health-bars-back-1_bmp.dds"                          , "76"   , "8"     , "dds"
"ui\common\game\build-ui\icon-clock_bmp.dds"                                  , "16"   , "16"    , "dds"
"ui\common\game\build-ui\icon-energy_bmp.dds"                                 , "20"   , "20"    , "dds"
"ui\common\game\build-ui\icon-health_bmp.dds"                                 , "16"   , "16"    , "dds"
"ui\common\game\build-ui\icon-mass_bmp.dds"                                   , "20"   , "20"    , "dds"
"ui\common\game\chat_brd\chat_brd_horz_um.dds"                                , "20"   , "20"    , "dds"
"ui\common\game\chat_brd\chat_brd_ll.dds"                                     , "20"   , "20"    , "dds"
"ui\common\game\chat_brd\chat_brd_lm.dds"                                     , "20"   , "20"    , "dds"
"ui\common\game\chat_brd\chat_brd_lr.dds"                                     , "20"   , "20"    , "dds"
"ui\common\game\chat_brd\chat_brd_m.dds"                                      , "20"   , "20"    , "dds"
"ui\common\game\chat_brd\chat_brd_ul.dds"                                     , "20"   , "20"    , "dds"
"ui\common\game\chat_brd\chat_brd_ur.dds"                                     , "20"   , "20"    , "dds"
"ui\common\game\chat_brd\chat_brd_vert_l.dds"                                 , "20"   , "20"    , "dds"
"ui\common\game\chat_brd\chat_brd_vert_r.dds"                                 , "20"   , "20"    , "dds"
"ui\common\game\chat_brd05\chat_brd_horz_um.dds"                              , "12"   , "44"    , "dds"
"ui\common\game\chat_brd05\chat_brd_ll.dds"                                   , "120"  , "68"    , "dds"
"ui\common\game\chat_brd05\chat_brd_lm.dds"                                   , "12"   , "68"    , "dds"
"ui\common\game\chat_brd05\chat_brd_lr.dds"                                   , "44"   , "68"    , "dds"
"ui\common\game\chat_brd05\chat_brd_m.dds"                                    , "12"   , "12"    , "dds"
"ui\common\game\chat_brd05\chat_brd_ul.dds"                                   , "44"   , "44"    , "dds"
"ui\common\game\chat_brd05\chat_brd_ur.dds"                                   , "44"   , "44"    , "dds"
"ui\common\game\chat_brd05\chat_brd_vert_l.dds"                               , "44"   , "12"    , "dds"
"ui\common\game\chat_brd05\chat_brd_vert_r.dds"                               , "44"   , "12"    , "dds"
"ui\common\game\cursors\attack_coordinated.dds"                               , "32"   , "32"    , "dds"
"ui\common\game\cursors\attack-01.dds"                                        , "32"   , "32"    , "dds"
"ui\common\game\cursors\attack-02.dds"                                        , "32"   , "32"    , "dds"
"ui\common\game\cursors\attack-03.dds"                                        , "32"   , "32"    , "dds"
"ui\common\game\cursors\attack-04.dds"                                        , "32"   , "32"    , "dds"
"ui\common\game\cursors\attack-05.dds"                                        , "32"   , "32"    , "dds"
"ui\common\game\cursors\attack-06.dds"                                        , "32"   , "32"    , "dds"
"ui\common\game\cursors\attack-07.dds"                                        , "32"   , "32"    , "dds"
"ui\common\game\cursors\attack-08.dds"                                        , "32"   , "32"    , "dds"
"ui\common\game\cursors\attack-09.dds"                                        , "32"   , "32"    , "dds"
"ui\common\game\cursors\attack-10.dds"                                        , "32"   , "32"    , "dds"
"ui\common\game\cursors\attack-11.dds"                                        , "32"   , "32"    , "dds"
"ui\common\game\cursors\attack-coordinated-invalid.dds"                       , "32"   , "32"    , "dds"
"ui\common\game\cursors\attack-coordinated.dds"                               , "32"   , "32"    , "dds"
"ui\common\game\cursors\attack-invalid.dds"                                   , "32"   , "32"    , "dds"
"ui\common\game\cursors\attack.dds"                                           , "32"   , "32"    , "dds"
"ui\common\game\cursors\attack01.dds"                                         , "32"   , "32"    , "dds"
"ui\common\game\cursors\attack02.dds"                                         , "32"   , "32"    , "dds"
"ui\common\game\cursors\attack03.dds"                                         , "32"   , "32"    , "dds"
"ui\common\game\cursors\attack04.dds"                                         , "32"   , "32"    , "dds"
"ui\common\game\cursors\attack05.dds"                                         , "32"   , "32"    , "dds"
"ui\common\game\cursors\attack06.dds"                                         , "32"   , "32"    , "dds"
"ui\common\game\cursors\attack07.dds"                                         , "32"   , "32"    , "dds"
"ui\common\game\cursors\attack08.dds"                                         , "32"   , "32"    , "dds"
"ui\common\game\cursors\capture-01.dds"                                       , "32"   , "32"    , "dds"
"ui\common\game\cursors\capture-02.dds"                                       , "32"   , "32"    , "dds"
"ui\common\game\cursors\capture-03.dds"                                       , "32"   , "32"    , "dds"
"ui\common\game\cursors\capture-04.dds"                                       , "32"   , "32"    , "dds"
"ui\common\game\cursors\capture-05.dds"                                       , "32"   , "32"    , "dds"
"ui\common\game\cursors\capture-06.dds"                                       , "32"   , "32"    , "dds"
"ui\common\game\cursors\capture-07.dds"                                       , "32"   , "32"    , "dds"
"ui\common\game\cursors\capture-08.dds"                                       , "32"   , "32"    , "dds"
"ui\common\game\cursors\capture-09.dds"                                       , "32"   , "32"    , "dds"
"ui\common\game\cursors\capture-invalid.dds"                                  , "32"   , "32"    , "dds"
"ui\common\game\cursors\capture.dds"                                          , "32"   , "32"    , "dds"
"ui\common\game\cursors\construct-invalid.dds"                                , "32"   , "32"    , "dds"
"ui\common\game\cursors\construct.dds"                                        , "32"   , "32"    , "dds"
"ui\common\game\cursors\construct02-01.dds"                                   , "32"   , "32"    , "dds"
"ui\common\game\cursors\construct02-02.dds"                                   , "32"   , "32"    , "dds"
"ui\common\game\cursors\construct02-03.dds"                                   , "32"   , "32"    , "dds"
"ui\common\game\cursors\construct02-04.dds"                                   , "32"   , "32"    , "dds"
"ui\common\game\cursors\construct02-05.dds"                                   , "32"   , "32"    , "dds"
"ui\common\game\cursors\construct02-06.dds"                                   , "32"   , "32"    , "dds"
"ui\common\game\cursors\construct02-07.dds"                                   , "32"   , "32"    , "dds"
"ui\common\game\cursors\construct02-08.dds"                                   , "32"   , "32"    , "dds"
"ui\common\game\cursors\construct02-09.dds"                                   , "32"   , "32"    , "dds"
"ui\common\game\cursors\construct02-10.dds"                                   , "32"   , "32"    , "dds"
"ui\common\game\cursors\construct02-11.dds"                                   , "32"   , "32"    , "dds"
"ui\common\game\cursors\construct02-12.dds"                                   , "32"   , "32"    , "dds"
"ui\common\game\cursors\construct02-13.dds"                                   , "32"   , "32"    , "dds"
"ui\common\game\cursors\construct02-14.dds"                                   , "32"   , "32"    , "dds"
"ui\common\game\cursors\ferry-invalid.dds"                                    , "32"   , "32"    , "dds"
"ui\common\game\cursors\ferry.dds"                                            , "32"   , "32"    , "dds"
"ui\common\game\cursors\guard-01.dds"                                         , "32"   , "32"    , "dds"
"ui\common\game\cursors\guard-02.dds"                                         , "32"   , "32"    , "dds"
"ui\common\game\cursors\guard-03.dds"                                         , "32"   , "32"    , "dds"
"ui\common\game\cursors\guard-04.dds"                                         , "32"   , "32"    , "dds"
"ui\common\game\cursors\guard-05.dds"                                         , "32"   , "32"    , "dds"
"ui\common\game\cursors\guard-06.dds"                                         , "32"   , "32"    , "dds"
"ui\common\game\cursors\guard-07.dds"                                         , "32"   , "32"    , "dds"
"ui\common\game\cursors\guard-08.dds"                                         , "32"   , "32"    , "dds"
"ui\common\game\cursors\guard-09.dds"                                         , "32"   , "32"    , "dds"
"ui\common\game\cursors\guard-10.dds"                                         , "32"   , "32"    , "dds"
"ui\common\game\cursors\guard-invalid.dds"                                    , "32"   , "32"    , "dds"
"ui\common\game\cursors\guard.dds"                                            , "32"   , "32"    , "dds"
"ui\common\game\cursors\launch-invalid.dds"                                   , "32"   , "32"    , "dds"
"ui\common\game\cursors\launch.dds"                                           , "32"   , "32"    , "dds"
"ui\common\game\cursors\load-01.dds"                                          , "32"   , "32"    , "dds"
"ui\common\game\cursors\load-02.dds"                                          , "32"   , "32"    , "dds"
"ui\common\game\cursors\load-03.dds"                                          , "32"   , "32"    , "dds"
"ui\common\game\cursors\load-04.dds"                                          , "32"   , "32"    , "dds"
"ui\common\game\cursors\load-05.dds"                                          , "32"   , "32"    , "dds"
"ui\common\game\cursors\load-06.dds"                                          , "32"   , "32"    , "dds"
"ui\common\game\cursors\load-07.dds"                                          , "32"   , "32"    , "dds"
"ui\common\game\cursors\load-08.dds"                                          , "32"   , "32"    , "dds"
"ui\common\game\cursors\load-09.dds"                                          , "32"   , "32"    , "dds"
"ui\common\game\cursors\load-10.dds"                                          , "32"   , "32"    , "dds"
"ui\common\game\cursors\load-11.dds"                                          , "32"   , "32"    , "dds"
"ui\common\game\cursors\load-12.dds"                                          , "32"   , "32"    , "dds"
"ui\common\game\cursors\load-13.dds"                                          , "32"   , "32"    , "dds"
"ui\common\game\cursors\load-14.dds"                                          , "32"   , "32"    , "dds"
"ui\common\game\cursors\load-invalid.dds"                                     , "32"   , "32"    , "dds"
"ui\common\game\cursors\load.dds"                                             , "32"   , "32"    , "dds"
"ui\common\game\cursors\message-01.dds"                                       , "32"   , "32"    , "dds"
"ui\common\game\cursors\message-02.dds"                                       , "32"   , "32"    , "dds"
"ui\common\game\cursors\message-03.dds"                                       , "32"   , "32"    , "dds"
"ui\common\game\cursors\message-04.dds"                                       , "32"   , "32"    , "dds"
"ui\common\game\cursors\message-05.dds"                                       , "32"   , "32"    , "dds"
"ui\common\game\cursors\message-06.dds"                                       , "32"   , "32"    , "dds"
"ui\common\game\cursors\message-07.dds"                                       , "32"   , "32"    , "dds"
"ui\common\game\cursors\message-08.dds"                                       , "32"   , "32"    , "dds"
"ui\common\game\cursors\message-09.dds"                                       , "32"   , "32"    , "dds"
"ui\common\game\cursors\message-10.dds"                                       , "32"   , "32"    , "dds"
"ui\common\game\cursors\message-11.dds"                                       , "32"   , "32"    , "dds"
"ui\common\game\cursors\move_window.dds"                                      , "32"   , "32"    , "dds"
"ui\common\game\cursors\move-01.dds"                                          , "32"   , "32"    , "dds"
"ui\common\game\cursors\move-02.dds"                                          , "32"   , "32"    , "dds"
"ui\common\game\cursors\move-03.dds"                                          , "32"   , "32"    , "dds"
"ui\common\game\cursors\move-04.dds"                                          , "32"   , "32"    , "dds"
"ui\common\game\cursors\move-05.dds"                                          , "32"   , "32"    , "dds"
"ui\common\game\cursors\move-06.dds"                                          , "32"   , "32"    , "dds"
"ui\common\game\cursors\move-07.dds"                                          , "32"   , "32"    , "dds"
"ui\common\game\cursors\move-08.dds"                                          , "32"   , "32"    , "dds"
"ui\common\game\cursors\move-09.dds"                                          , "32"   , "32"    , "dds"
"ui\common\game\cursors\move-10.dds"                                          , "32"   , "32"    , "dds"
"ui\common\game\cursors\move-11.dds"                                          , "32"   , "32"    , "dds"
"ui\common\game\cursors\move-12.dds"                                          , "32"   , "32"    , "dds"
"ui\common\game\cursors\move-invalid.dds"                                     , "32"   , "32"    , "dds"
"ui\common\game\cursors\move.dds"                                             , "32"   , "32"    , "dds"
"ui\common\game\cursors\n_s.dds"                                              , "32"   , "32"    , "dds"
"ui\common\game\cursors\ne_sw.dds"                                            , "32"   , "32"    , "dds"
"ui\common\game\cursors\nw_se.dds"                                            , "32"   , "32"    , "dds"
"ui\common\game\cursors\overcharge-01.dds"                                    , "32"   , "32"    , "dds"
"ui\common\game\cursors\overcharge-02.dds"                                    , "32"   , "32"    , "dds"
"ui\common\game\cursors\overcharge-03.dds"                                    , "32"   , "32"    , "dds"
"ui\common\game\cursors\overcharge-04.dds"                                    , "32"   , "32"    , "dds"
"ui\common\game\cursors\overcharge-05.dds"                                    , "32"   , "32"    , "dds"
"ui\common\game\cursors\overcharge-06.dds"                                    , "32"   , "32"    , "dds"
"ui\common\game\cursors\overcharge-07.dds"                                    , "32"   , "32"    , "dds"
"ui\common\game\cursors\overcharge-08.dds"                                    , "32"   , "32"    , "dds"
"ui\common\game\cursors\patrol-01.dds"                                        , "32"   , "32"    , "dds"
"ui\common\game\cursors\patrol-02.dds"                                        , "32"   , "32"    , "dds"
"ui\common\game\cursors\patrol-03.dds"                                        , "32"   , "32"    , "dds"
"ui\common\game\cursors\patrol-04.dds"                                        , "32"   , "32"    , "dds"
"ui\common\game\cursors\patrol-05.dds"                                        , "32"   , "32"    , "dds"
"ui\common\game\cursors\patrol-invalid.dds"                                   , "32"   , "32"    , "dds"
"ui\common\game\cursors\patrol.dds"                                           , "32"   , "32"    , "dds"
"ui\common\game\cursors\reclaim-invalid.dds"                                  , "32"   , "32"    , "dds"
"ui\common\game\cursors\reclaim.dds"                                          , "32"   , "32"    , "dds"
"ui\common\game\cursors\reclaim02-01.dds"                                     , "32"   , "32"    , "dds"
"ui\common\game\cursors\reclaim02-02.dds"                                     , "32"   , "32"    , "dds"
"ui\common\game\cursors\reclaim02-03.dds"                                     , "32"   , "32"    , "dds"
"ui\common\game\cursors\reclaim02-04.dds"                                     , "32"   , "32"    , "dds"
"ui\common\game\cursors\reclaim02-05.dds"                                     , "32"   , "32"    , "dds"
"ui\common\game\cursors\reclaim02-06.dds"                                     , "32"   , "32"    , "dds"
"ui\common\game\cursors\reclaim02-07.dds"                                     , "32"   , "32"    , "dds"
"ui\common\game\cursors\reclaim02-08.dds"                                     , "32"   , "32"    , "dds"
"ui\common\game\cursors\reclaim02-09.dds"                                     , "32"   , "32"    , "dds"
"ui\common\game\cursors\reclaim02-10.dds"                                     , "32"   , "32"    , "dds"
"ui\common\game\cursors\reclaim02-11.dds"                                     , "32"   , "32"    , "dds"
"ui\common\game\cursors\reclaim02-12.dds"                                     , "32"   , "32"    , "dds"
"ui\common\game\cursors\reclaim02-13.dds"                                     , "32"   , "32"    , "dds"
"ui\common\game\cursors\reclaim02-14.dds"                                     , "32"   , "32"    , "dds"
"ui\common\game\cursors\reclaim02-15.dds"                                     , "32"   , "32"    , "dds"
"ui\common\game\cursors\reclaim02-16.dds"                                     , "32"   , "32"    , "dds"
"ui\common\game\cursors\reclaim02-17.dds"                                     , "32"   , "32"    , "dds"
"ui\common\game\cursors\reclaim02-18.dds"                                     , "32"   , "32"    , "dds"
"ui\common\game\cursors\reclaim02-19.dds"                                     , "32"   , "32"    , "dds"
"ui\common\game\cursors\reclaim02-20.dds"                                     , "32"   , "32"    , "dds"
"ui\common\game\cursors\reclaim02-21.dds"                                     , "32"   , "32"    , "dds"
"ui\common\game\cursors\reclaim02-22.dds"                                     , "32"   , "32"    , "dds"
"ui\common\game\cursors\reclaim02-23.dds"                                     , "32"   , "32"    , "dds"
"ui\common\game\cursors\repair-01.dds"                                        , "32"   , "32"    , "dds"
"ui\common\game\cursors\repair-02.dds"                                        , "32"   , "32"    , "dds"
"ui\common\game\cursors\repair-03.dds"                                        , "32"   , "32"    , "dds"
"ui\common\game\cursors\repair-04.dds"                                        , "32"   , "32"    , "dds"
"ui\common\game\cursors\repair-05.dds"                                        , "32"   , "32"    , "dds"
"ui\common\game\cursors\repair-06.dds"                                        , "32"   , "32"    , "dds"
"ui\common\game\cursors\repair-07.dds"                                        , "32"   , "32"    , "dds"
"ui\common\game\cursors\repair-invalid.dds"                                   , "32"   , "32"    , "dds"
"ui\common\game\cursors\repair.dds"                                           , "32"   , "32"    , "dds"
"ui\common\game\cursors\sacrifice-01.dds"                                     , "32"   , "32"    , "dds"
"ui\common\game\cursors\sacrifice-02.dds"                                     , "32"   , "32"    , "dds"
"ui\common\game\cursors\sacrifice-03.dds"                                     , "32"   , "32"    , "dds"
"ui\common\game\cursors\sacrifice-04.dds"                                     , "32"   , "32"    , "dds"
"ui\common\game\cursors\sacrifice-05.dds"                                     , "32"   , "32"    , "dds"
"ui\common\game\cursors\sacrifice-06.dds"                                     , "32"   , "32"    , "dds"
"ui\common\game\cursors\sacrifice-07.dds"                                     , "32"   , "32"    , "dds"
"ui\common\game\cursors\sacrifice-08.dds"                                     , "32"   , "32"    , "dds"
"ui\common\game\cursors\sacrifice-09.dds"                                     , "32"   , "32"    , "dds"
"ui\common\game\cursors\sacrifice-10.dds"                                     , "32"   , "32"    , "dds"
"ui\common\game\cursors\sacrifice-11.dds"                                     , "32"   , "32"    , "dds"
"ui\common\game\cursors\sacrifice-12.dds"                                     , "32"   , "32"    , "dds"
"ui\common\game\cursors\sacrifice-13.dds"                                     , "32"   , "32"    , "dds"
"ui\common\game\cursors\sacrifice.dds"                                        , "32"   , "32"    , "dds"
"ui\common\game\cursors\selectable-01.dds"                                    , "32"   , "32"    , "dds"
"ui\common\game\cursors\selectable-02.dds"                                    , "32"   , "32"    , "dds"
"ui\common\game\cursors\selectable-03.dds"                                    , "32"   , "32"    , "dds"
"ui\common\game\cursors\selectable-04.dds"                                    , "32"   , "32"    , "dds"
"ui\common\game\cursors\selectable-05.dds"                                    , "32"   , "32"    , "dds"
"ui\common\game\cursors\selectable-06.dds"                                    , "32"   , "32"    , "dds"
"ui\common\game\cursors\selectable-07.dds"                                    , "32"   , "32"    , "dds"
"ui\common\game\cursors\selectable-invalid.dds"                               , "32"   , "32"    , "dds"
"ui\common\game\cursors\selectable.dds"                                       , "32"   , "32"    , "dds"
"ui\common\game\cursors\transport-invalid.dds"                                , "32"   , "32"    , "dds"
"ui\common\game\cursors\transport.dds"                                        , "32"   , "32"    , "dds"
"ui\common\game\cursors\unload-01.dds"                                        , "32"   , "32"    , "dds"
"ui\common\game\cursors\unload-02.dds"                                        , "32"   , "32"    , "dds"
"ui\common\game\cursors\unload-03.dds"                                        , "32"   , "32"    , "dds"
"ui\common\game\cursors\unload-04.dds"                                        , "32"   , "32"    , "dds"
"ui\common\game\cursors\unload-05.dds"                                        , "32"   , "32"    , "dds"
"ui\common\game\cursors\unload-06.dds"                                        , "32"   , "32"    , "dds"
"ui\common\game\cursors\unload-07.dds"                                        , "32"   , "32"    , "dds"
"ui\common\game\cursors\unload-08.dds"                                        , "32"   , "32"    , "dds"
"ui\common\game\cursors\unload-09.dds"                                        , "32"   , "32"    , "dds"
"ui\common\game\cursors\unload-10.dds"                                        , "32"   , "32"    , "dds"
"ui\common\game\cursors\unload-11.dds"                                        , "32"   , "32"    , "dds"
"ui\common\game\cursors\unload-12.dds"                                        , "32"   , "32"    , "dds"
"ui\common\game\cursors\unload-13.dds"                                        , "32"   , "32"    , "dds"
"ui\common\game\cursors\unload-14.dds"                                        , "32"   , "32"    , "dds"
"ui\common\game\cursors\unload-invalid.dds"                                   , "32"   , "32"    , "dds"
"ui\common\game\cursors\unload.dds"                                           , "32"   , "32"    , "dds"
"ui\common\game\cursors\w_e.dds"                                              , "32"   , "32"    , "dds"
"ui\common\game\cursors\waypoint-drag.dds"                                    , "32"   , "32"    , "dds"
"ui\common\game\cursors\waypoint-hover.dds"                                   , "32"   , "32"    , "dds"
"ui\common\game\cybran-enhancements\acu_btn_down.dds"                         , "64"   , "64"    , "dds"
"ui\common\game\cybran-enhancements\acu_btn_over.dds"                         , "64"   , "64"    , "dds"
"ui\common\game\cybran-enhancements\acu_btn_sel.dds"                          , "64"   , "64"    , "dds"
"ui\common\game\cybran-enhancements\acu_btn_up.dds"                           , "64"   , "64"    , "dds"
"ui\common\game\cybran-enhancements\aes_btn_down.dds"                         , "64"   , "64"    , "dds"
"ui\common\game\cybran-enhancements\aes_btn_over.dds"                         , "64"   , "64"    , "dds"
"ui\common\game\cybran-enhancements\aes_btn_sel.dds"                          , "64"   , "64"    , "dds"
"ui\common\game\cybran-enhancements\aes_btn_up.dds"                           , "64"   , "64"    , "dds"
"ui\common\game\cybran-enhancements\cfs_btn_down.dds"                         , "64"   , "64"    , "dds"
"ui\common\game\cybran-enhancements\cfs_btn_over.dds"                         , "64"   , "64"    , "dds"
"ui\common\game\cybran-enhancements\cfs_btn_sel.dds"                          , "64"   , "64"    , "dds"
"ui\common\game\cybran-enhancements\cfs_btn_up.dds"                           , "64"   , "64"    , "dds"
"ui\common\game\cybran-enhancements\ees_btn_down.dds"                         , "64"   , "64"    , "dds"
"ui\common\game\cybran-enhancements\ees_btn_over.dds"                         , "64"   , "64"    , "dds"
"ui\common\game\cybran-enhancements\ees_btn_sel.dds"                          , "64"   , "64"    , "dds"
"ui\common\game\cybran-enhancements\ees_btn_up.dds"                           , "64"   , "64"    , "dds"
"ui\common\game\cybran-enhancements\emp_btn_down.dds"                         , "64"   , "64"    , "dds"
"ui\common\game\cybran-enhancements\emp_btn_over.dds"                         , "64"   , "64"    , "dds"
"ui\common\game\cybran-enhancements\emp_btn_sel.dds"                          , "64"   , "64"    , "dds"
"ui\common\game\cybran-enhancements\emp_btn_up.dds"                           , "64"   , "64"    , "dds"
"ui\common\game\cybran-enhancements\eras_btn_down.dds"                        , "64"   , "64"    , "dds"
"ui\common\game\cybran-enhancements\eras_btn_over.dds"                        , "64"   , "64"    , "dds"
"ui\common\game\cybran-enhancements\eras_btn_sel.dds"                         , "64"   , "64"    , "dds"
"ui\common\game\cybran-enhancements\eras_btn_up.dds"                          , "64"   , "64"    , "dds"
"ui\common\game\cybran-enhancements\fc_btn_down.dds"                          , "64"   , "64"    , "dds"
"ui\common\game\cybran-enhancements\fc_btn_over.dds"                          , "64"   , "64"    , "dds"
"ui\common\game\cybran-enhancements\fc_btn_sel.dds"                           , "64"   , "64"    , "dds"
"ui\common\game\cybran-enhancements\fc_btn_up.dds"                            , "64"   , "64"    , "dds"
"ui\common\game\cybran-enhancements\mlg_btn_down.dds"                         , "64"   , "64"    , "dds"
"ui\common\game\cybran-enhancements\mlg_btn_over.dds"                         , "64"   , "64"    , "dds"
"ui\common\game\cybran-enhancements\mlg_btn_sel.dds"                          , "64"   , "64"    , "dds"
"ui\common\game\cybran-enhancements\mlg_btn_up.dds"                           , "64"   , "64"    , "dds"
"ui\common\game\cybran-enhancements\nms_btn_down.dds"                         , "64"   , "64"    , "dds"
"ui\common\game\cybran-enhancements\nms_btn_over.dds"                         , "64"   , "64"    , "dds"
"ui\common\game\cybran-enhancements\nms_btn_sel.dds"                          , "64"   , "64"    , "dds"
"ui\common\game\cybran-enhancements\nms_btn_up.dds"                           , "64"   , "64"    , "dds"
"ui\common\game\cybran-enhancements\ntt_btn_down.dds"                         , "64"   , "64"    , "dds"
"ui\common\game\cybran-enhancements\ntt_btn_over.dds"                         , "64"   , "64"    , "dds"
"ui\common\game\cybran-enhancements\ntt_btn_sel.dds"                          , "64"   , "64"    , "dds"
"ui\common\game\cybran-enhancements\ntt_btn_up.dds"                           , "64"   , "64"    , "dds"
"ui\common\game\cybran-enhancements\pcg_btn_down.dds"                         , "64"   , "64"    , "dds"
"ui\common\game\cybran-enhancements\pcg_btn_over.dds"                         , "64"   , "64"    , "dds"
"ui\common\game\cybran-enhancements\pcg_btn_sel.dds"                          , "64"   , "64"    , "dds"
"ui\common\game\cybran-enhancements\pcg_btn_up.dds"                           , "64"   , "64"    , "dds"
"ui\common\game\cybran-enhancements\pqt_btn_down.dds"                         , "64"   , "64"    , "dds"
"ui\common\game\cybran-enhancements\pqt_btn_over.dds"                         , "64"   , "64"    , "dds"
"ui\common\game\cybran-enhancements\pqt_btn_sel.dds"                          , "64"   , "64"    , "dds"
"ui\common\game\cybran-enhancements\pqt_btn_up.dds"                           , "64"   , "64"    , "dds"
"ui\common\game\cybran-enhancements\psg_btn_down.dds"                         , "64"   , "64"    , "dds"
"ui\common\game\cybran-enhancements\psg_btn_over.dds"                         , "64"   , "64"    , "dds"
"ui\common\game\cybran-enhancements\psg_btn_sel.dds"                          , "64"   , "64"    , "dds"
"ui\common\game\cybran-enhancements\psg_btn_up.dds"                           , "64"   , "64"    , "dds"
"ui\common\game\cybran-enhancements\ras_btn_down.dds"                         , "64"   , "64"    , "dds"
"ui\common\game\cybran-enhancements\ras_btn_over.dds"                         , "64"   , "64"    , "dds"
"ui\common\game\cybran-enhancements\ras_btn_sel.dds"                          , "64"   , "64"    , "dds"
"ui\common\game\cybran-enhancements\ras_btn_up.dds"                           , "64"   , "64"    , "dds"
"ui\common\game\cybran-enhancements\ses_btn_down.dds"                         , "64"   , "64"    , "dds"
"ui\common\game\cybran-enhancements\ses_btn_over.dds"                         , "64"   , "64"    , "dds"
"ui\common\game\cybran-enhancements\ses_btn_sel.dds"                          , "64"   , "64"    , "dds"
"ui\common\game\cybran-enhancements\ses_btn_up.dds"                           , "64"   , "64"    , "dds"
"ui\common\game\cybran-enhancements\sfs_btn_down.dds"                         , "64"   , "64"    , "dds"
"ui\common\game\cybran-enhancements\sfs_btn_over.dds"                         , "64"   , "64"    , "dds"
"ui\common\game\cybran-enhancements\sfs_btn_sel.dds"                          , "64"   , "64"    , "dds"
"ui\common\game\cybran-enhancements\sfs_btn_up.dds"                           , "64"   , "64"    , "dds"
"ui\common\game\cybran-enhancements\srs_btn_down.dds"                         , "64"   , "64"    , "dds"
"ui\common\game\cybran-enhancements\srs_btn_over.dds"                         , "64"   , "64"    , "dds"
"ui\common\game\cybran-enhancements\srs_btn_sel.dds"                          , "64"   , "64"    , "dds"
"ui\common\game\cybran-enhancements\srs_btn_up.dds"                           , "64"   , "64"    , "dds"
"ui\common\game\economic-overlay\econ_bmp_l.dds"                              , "24"   , "32"    , "dds"
"ui\common\game\economic-overlay\econ_bmp_m.dds"                              , "4"    , "32"    , "dds"
"ui\common\game\economic-overlay\econ_bmp_r.dds"                              , "12"   , "32"    , "dds"
"ui\common\game\generic_brd\generic_brd_horz_lm.dds"                          , "8"    , "8"     , "dds"
"ui\common\game\generic_brd\generic_brd_horz_um.dds"                          , "8"    , "8"     , "dds"
"ui\common\game\generic_brd\generic_brd_ll.dds"                               , "8"    , "8"     , "dds"
"ui\common\game\generic_brd\generic_brd_lr.dds"                               , "8"    , "8"     , "dds"
"ui\common\game\generic_brd\generic_brd_m.dds"                                , "8"    , "8"     , "dds"
"ui\common\game\generic_brd\generic_brd_ul.dds"                               , "8"    , "8"     , "dds"
"ui\common\game\generic_brd\generic_brd_ur.dds"                               , "8"    , "8"     , "dds"
"ui\common\game\generic_brd\generic_brd_vert_l.dds"                           , "8"    , "8"     , "dds"
"ui\common\game\generic_brd\generic_brd_vert_r.dds"                           , "8"    , "8"     , "dds"
"ui\common\game\icon_tech-level\tech-level_open.dds"                          , "8"    , "8"     , "dds"
"ui\common\game\icon_tech-level\tech-level_solid.dds"                         , "8"    , "8"     , "dds"
"ui\common\game\icons\icon-trash_btn_dis.dds"                                 , "12"   , "12"    , "dds"
"ui\common\game\icons\icon-trash_btn_dis.png"                                 , "12"   , "12"    , "png"
"ui\common\game\icons\icon-trash_btn_down.dds"                                , "16"   , "16"    , "dds"
"ui\common\game\icons\icon-trash_btn_down.png"                                , "16"   , "16"    , "png"
"ui\common\game\icons\icon-trash_btn_over.dds"                                , "20"   , "24"    , "dds"
"ui\common\game\icons\icon-trash_btn_over.png"                                , "20"   , "24"    , "png"
"ui\common\game\icons\icon-trash_btn_up.dds"                                  , "20"   , "20"    , "dds"
"ui\common\game\icons\icon-trash_btn_up.png"                                  , "20"   , "20"    , "png"
"ui\common\game\icons\icon-trash-lg_btn_dis.dds"                              , "44"   , "56"    , "dds"
"ui\common\game\icons\icon-trash-lg_btn_dis.png"                              , "44"   , "56"    , "png"
"ui\common\game\icons\icon-trash-lg_btn_down.dds"                             , "56"   , "64"    , "dds"
"ui\common\game\icons\icon-trash-lg_btn_down.png"                             , "56"   , "64"    , "png"
"ui\common\game\icons\icon-trash-lg_btn_over.dds"                             , "56"   , "64"    , "dds"
"ui\common\game\icons\icon-trash-lg_btn_over.png"                             , "56"   , "64"    , "png"
"ui\common\game\icons\icon-trash-lg_btn_up.dds"                               , "52"   , "64"    , "dds"
"ui\common\game\icons\icon-trash-lg_btn_up.png"                               , "52"   , "64"    , "png"
"ui\common\game\idle_mini_icon\idle_icon.dds"                                 , "28"   , "24"    , "dds"
"ui\common\game\infinite_btn\infinite_btn_dis.dds"                            , "32"   , "36"    , "dds"
"ui\common\game\infinite_btn\infinite_btn_down.dds"                           , "32"   , "36"    , "dds"
"ui\common\game\infinite_btn\infinite_btn_over.dds"                           , "32"   , "36"    , "dds"
"ui\common\game\infinite_btn\infinite_btn_up.dds"                             , "32"   , "36"    , "dds"
"ui\common\game\large-side_scr\arrow-left_scr_dis.dds"                        , "64"   , "64"    , "dds"
"ui\common\game\large-side_scr\arrow-left_scr_down.dds"                       , "64"   , "64"    , "dds"
"ui\common\game\large-side_scr\arrow-left_scr_over.dds"                       , "64"   , "64"    , "dds"
"ui\common\game\large-side_scr\arrow-left_scr_up.dds"                         , "64"   , "64"    , "dds"
"ui\common\game\large-side_scr\arrow-right_scr_dis.dds"                       , "64"   , "64"    , "dds"
"ui\common\game\large-side_scr\arrow-right_scr_down.dds"                      , "64"   , "64"    , "dds"
"ui\common\game\large-side_scr\arrow-right_scr_over.dds"                      , "64"   , "64"    , "dds"
"ui\common\game\large-side_scr\arrow-right_scr_up.dds"                        , "64"   , "64"    , "dds"
"ui\common\game\lg-vert_scr\arrow-down_scr_dis.dds"                           , "36"   , "36"    , "dds"
"ui\common\game\lg-vert_scr\arrow-down_scr_down.dds"                          , "36"   , "36"    , "dds"
"ui\common\game\lg-vert_scr\arrow-down_scr_over.dds"                          , "36"   , "36"    , "dds"
"ui\common\game\lg-vert_scr\arrow-down_scr_up.dds"                            , "36"   , "36"    , "dds"
"ui\common\game\lg-vert_scr\arrow-up_scr_dis.dds"                             , "36"   , "36"    , "dds"
"ui\common\game\lg-vert_scr\arrow-up_scr_down.dds"                            , "36"   , "36"    , "dds"
"ui\common\game\lg-vert_scr\arrow-up_scr_over.dds"                            , "36"   , "36"    , "dds"
"ui\common\game\lg-vert_scr\arrow-up_scr_up.dds"                              , "36"   , "36"    , "dds"
"ui\common\game\marker\ring_blue02-blur.dds"                                  , "200"  , "200"   , "dds"
"ui\common\game\marker\ring_blue02.dds"                                       , "200"  , "200"   , "dds"
"ui\common\game\marker\ring_red02-blur.dds"                                   , "200"  , "200"   , "dds"
"ui\common\game\marker\ring_red02.dds"                                        , "200"  , "200"   , "dds"
"ui\common\game\marker\ring_yellow02-blur.dds"                                , "200"  , "200"   , "dds"
"ui\common\game\marker\ring_yellow02.dds"                                     , "200"  , "200"   , "dds"
"ui\common\game\mfd_bmp\mfd_bmp.dds"                                          , "220"  , "220"   , "dds"
"ui\common\game\mfd_bmp\mfd_button_bmp.dds"                                   , "68"   , "220"   , "dds"
"ui\common\game\mfd_bmp\mfd_glow_bmp.dds"                                     , "160"  , "164"   , "dds"
"ui\common\game\mfd_bmp\mfd_glow.dds"                                         , "224"  , "220"   , "dds"
"ui\common\game\mfd_btn\all-airforce_btn_dis.dds"                             , "76"   , "48"    , "dds"
"ui\common\game\mfd_btn\all-airforce_btn_down.dds"                            , "76"   , "48"    , "dds"
"ui\common\game\mfd_btn\all-airforce_btn_over.dds"                            , "76"   , "48"    , "dds"
"ui\common\game\mfd_btn\all-airforce_btn_up.dds"                              , "76"   , "48"    , "dds"
"ui\common\game\mfd_btn\all-army_btn_dis.dds"                                 , "76"   , "48"    , "dds"
"ui\common\game\mfd_btn\all-army_btn_down.dds"                                , "76"   , "48"    , "dds"
"ui\common\game\mfd_btn\all-army_btn_over.dds"                                , "76"   , "48"    , "dds"
"ui\common\game\mfd_btn\all-army_btn_up.dds"                                  , "76"   , "48"    , "dds"
"ui\common\game\mfd_btn\all-navy_btn_dis.dds"                                 , "76"   , "48"    , "dds"
"ui\common\game\mfd_btn\all-navy_btn_down.dds"                                , "76"   , "48"    , "dds"
"ui\common\game\mfd_btn\all-navy_btn_over.dds"                                , "76"   , "48"    , "dds"
"ui\common\game\mfd_btn\all-navy_btn_up.dds"                                  , "76"   , "48"    , "dds"
"ui\common\game\mfd_btn\control_btn_dis.dds"                                  , "76"   , "48"    , "dds"
"ui\common\game\mfd_btn\control_btn_down.dds"                                 , "76"   , "48"    , "dds"
"ui\common\game\mfd_btn\control_btn_over.dds"                                 , "76"   , "48"    , "dds"
"ui\common\game\mfd_btn\control_btn_up.dds"                                   , "76"   , "48"    , "dds"
"ui\common\game\mfd_btn\defenses_btn_dis.dds"                                 , "76"   , "48"    , "dds"
"ui\common\game\mfd_btn\defenses_btn_down.dds"                                , "76"   , "48"    , "dds"
"ui\common\game\mfd_btn\defenses_btn_over.dds"                                , "76"   , "48"    , "dds"
"ui\common\game\mfd_btn\defenses_btn_up.dds"                                  , "76"   , "48"    , "dds"
"ui\common\game\mfd_btn\economy_btn_dis.dds"                                  , "76"   , "48"    , "dds"
"ui\common\game\mfd_btn\economy_btn_down.dds"                                 , "76"   , "48"    , "dds"
"ui\common\game\mfd_btn\economy_btn_over.dds"                                 , "76"   , "48"    , "dds"
"ui\common\game\mfd_btn\economy_btn_up.dds"                                   , "76"   , "48"    , "dds"
"ui\common\game\mfd_btn\idle-engineer_btn_dis.dds"                            , "76"   , "48"    , "dds"
"ui\common\game\mfd_btn\idle-engineer_btn_down.dds"                           , "76"   , "48"    , "dds"
"ui\common\game\mfd_btn\idle-engineer_btn_over.dds"                           , "76"   , "48"    , "dds"
"ui\common\game\mfd_btn\idle-engineer_btn_up.dds"                             , "76"   , "48"    , "dds"
"ui\common\game\mfd_btn\idle-factory_btn_dis.dds"                             , "76"   , "48"    , "dds"
"ui\common\game\mfd_btn\idle-factory_btn_down.dds"                            , "76"   , "48"    , "dds"
"ui\common\game\mfd_btn\idle-factory_btn_over.dds"                            , "76"   , "48"    , "dds"
"ui\common\game\mfd_btn\idle-factory_btn_up.dds"                              , "76"   , "48"    , "dds"
"ui\common\game\mfd_btn\intelligence_btn_dis.dds"                             , "76"   , "48"    , "dds"
"ui\common\game\mfd_btn\intelligence_btn_down.dds"                            , "76"   , "48"    , "dds"
"ui\common\game\mfd_btn\intelligence_btn_over.dds"                            , "76"   , "48"    , "dds"
"ui\common\game\mfd_btn\intelligence_btn_up.dds"                              , "76"   , "48"    , "dds"
"ui\common\game\mfd_btn\mfd_btn_dis.dds"                                      , "76"   , "48"    , "dds"
"ui\common\game\mfd_btn\mfd_btn_down.dds"                                     , "76"   , "48"    , "dds"
"ui\common\game\mfd_btn\mfd_btn_over.dds"                                     , "76"   , "48"    , "dds"
"ui\common\game\mfd_btn\mfd_btn_up.dds"                                       , "76"   , "48"    , "dds"
"ui\common\game\mfd_btn\military_btn_dis.dds"                                 , "76"   , "48"    , "dds"
"ui\common\game\mfd_btn\military_btn_down.dds"                                , "76"   , "48"    , "dds"
"ui\common\game\mfd_btn\military_btn_over.dds"                                , "76"   , "48"    , "dds"
"ui\common\game\mfd_btn\military_btn_up.dds"                                  , "76"   , "48"    , "dds"
"ui\common\game\mfd_btn\ping_btn_dis.dds"                                     , "76"   , "48"    , "dds"
"ui\common\game\mfd_btn\ping_btn_down.dds"                                    , "76"   , "48"    , "dds"
"ui\common\game\mfd_btn\ping_btn_over.dds"                                    , "76"   , "48"    , "dds"
"ui\common\game\mfd_btn\ping_btn_up.dds"                                      , "76"   , "48"    , "dds"
"ui\common\game\mfd_btn\ping-alert_btn_dis.dds"                               , "76"   , "48"    , "dds"
"ui\common\game\mfd_btn\ping-alert_btn_down.dds"                              , "76"   , "48"    , "dds"
"ui\common\game\mfd_btn\ping-alert_btn_over.dds"                              , "76"   , "48"    , "dds"
"ui\common\game\mfd_btn\ping-alert_btn_up.dds"                                , "76"   , "48"    , "dds"
"ui\common\game\mfd_btn\ping-attack_btn_dis.dds"                              , "76"   , "48"    , "dds"
"ui\common\game\mfd_btn\ping-attack_btn_down.dds"                             , "76"   , "48"    , "dds"
"ui\common\game\mfd_btn\ping-attack_btn_over.dds"                             , "76"   , "48"    , "dds"
"ui\common\game\mfd_btn\ping-attack_btn_up.dds"                               , "76"   , "48"    , "dds"
"ui\common\game\mfd_btn\ping-marker_btn_dis.dds"                              , "76"   , "48"    , "dds"
"ui\common\game\mfd_btn\ping-marker_btn_down.dds"                             , "76"   , "48"    , "dds"
"ui\common\game\mfd_btn\ping-marker_btn_over.dds"                             , "76"   , "48"    , "dds"
"ui\common\game\mfd_btn\ping-marker_btn_up.dds"                               , "76"   , "48"    , "dds"
"ui\common\game\mfd_btn\ping-move_btn_dis.dds"                                , "76"   , "48"    , "dds"
"ui\common\game\mfd_btn\ping-move_btn_down.dds"                               , "76"   , "48"    , "dds"
"ui\common\game\mfd_btn\ping-move_btn_over.dds"                               , "76"   , "48"    , "dds"
"ui\common\game\mfd_btn\ping-move_btn_up.dds"                                 , "76"   , "48"    , "dds"
"ui\common\game\mfd_btn\team-color_btn_dis.dds"                               , "76"   , "48"    , "dds"
"ui\common\game\mfd_btn\team-color_btn_down.dds"                              , "76"   , "48"    , "dds"
"ui\common\game\mfd_btn\team-color_btn_over.dds"                              , "76"   , "48"    , "dds"
"ui\common\game\mfd_btn\team-color_btn_up.dds"                                , "76"   , "48"    , "dds"
"ui\common\game\mfd-vertical_bmp\mfd_bmp.dds"                                 , "244"  , "220"   , "dds"
"ui\common\game\mfd-vertical_bmp\mfd_button_bmp.dds"                          , "244"  , "56"    , "dds"
"ui\common\game\mfd-vertical_bmp\mfd_glow.dds"                                , "224"  , "224"   , "dds"
"ui\common\game\min-control-tab-btn\tab-close_btn_dis.dds"                    , "44"   , "24"    , "dds"
"ui\common\game\min-control-tab-btn\tab-close_btn_down.dds"                   , "44"   , "24"    , "dds"
"ui\common\game\min-control-tab-btn\tab-close_btn_over.dds"                   , "44"   , "24"    , "dds"
"ui\common\game\min-control-tab-btn\tab-close_btn_up.dds"                     , "44"   , "24"    , "dds"
"ui\common\game\min-control-tab-btn\tab-open_btn_dis.dds"                     , "44"   , "24"    , "dds"
"ui\common\game\min-control-tab-btn\tab-open_btn_down.dds"                    , "44"   , "24"    , "dds"
"ui\common\game\min-control-tab-btn\tab-open_btn_over.dds"                    , "44"   , "24"    , "dds"
"ui\common\game\min-control-tab-btn\tab-open_btn_up.dds"                      , "44"   , "24"    , "dds"
"ui\common\game\mini-filter-back_bmp\min-filter-back_bmp.dds"                 , "188"  , "32"    , "dds"
"ui\common\game\mini-map-brd01\mini-map_brd_horz_um.dds"                      , "12"   , "36"    , "dds"
"ui\common\game\mini-map-brd01\mini-map_brd_horz_um02.dds"                    , "12"   , "40"    , "dds"
"ui\common\game\mini-map-brd01\mini-map_brd_ll.dds"                           , "16"   , "16"    , "dds"
"ui\common\game\mini-map-brd01\mini-map_brd_lm.dds"                           , "12"   , "16"    , "dds"
"ui\common\game\mini-map-brd01\mini-map_brd_lr.dds"                           , "16"   , "16"    , "dds"
"ui\common\game\mini-map-brd01\mini-map_brd_m.dds"                            , "12"   , "12"    , "dds"
"ui\common\game\mini-map-brd01\mini-map_brd_ul.dds"                           , "36"   , "36"    , "dds"
"ui\common\game\mini-map-brd01\mini-map_brd_ul02.dds"                         , "40"   , "40"    , "dds"
"ui\common\game\mini-map-brd01\mini-map_brd_ur.dds"                           , "36"   , "36"    , "dds"
"ui\common\game\mini-map-brd01\mini-map_brd_ur02.dds"                         , "80"   , "40"    , "dds"
"ui\common\game\mini-map-brd01\mini-map_brd_vert_l.dds"                       , "16"   , "12"    , "dds"
"ui\common\game\mini-map-brd01\mini-map_brd_vert_r.dds"                       , "16"   , "12"    , "dds"
"ui\common\game\mini-map-brd01\mini-map-glow_bmp.dds"                         , "208"  , "208"   , "dds"
"ui\common\game\mini-map-glow-brd\mini-map-glow_brd_horz_um.dds"              , "8"    , "24"    , "dds"
"ui\common\game\mini-map-glow-brd\mini-map-glow_brd_ll.dds"                   , "40"   , "40"    , "dds"
"ui\common\game\mini-map-glow-brd\mini-map-glow_brd_lm.dds"                   , "8"    , "24"    , "dds"
"ui\common\game\mini-map-glow-brd\mini-map-glow_brd_lr.dds"                   , "40"   , "40"    , "dds"
"ui\common\game\mini-map-glow-brd\mini-map-glow_brd_ul.dds"                   , "40"   , "40"    , "dds"
"ui\common\game\mini-map-glow-brd\mini-map-glow_brd_ur.dds"                   , "40"   , "40"    , "dds"
"ui\common\game\mini-map-glow-brd\mini-map-glow_brd_vert_l.dds"               , "24"   , "8"     , "dds"
"ui\common\game\mini-map-glow-brd\mini-map-glow_brd_vert_r.dds"               , "24"   , "8"     , "dds"
"ui\common\game\mini-options-control-bar\mini-options-control-bar_bmp.dds"    , "288"  , "24"    , "dds"
"ui\common\game\mini-resource-back_bmp\center_bmp_l.dds"                      , "156"  , "52"    , "dds"
"ui\common\game\mini-resource-back_bmp\center_bmp_m.dds"                      , "8"    , "52"    , "dds"
"ui\common\game\mini-resource-back_bmp\center_bmp_r.dds"                      , "156"  , "52"    , "dds"
"ui\common\game\mini-scroll\arrow-left_scr_dis.dds"                           , "24"   , "48"    , "dds"
"ui\common\game\mini-scroll\arrow-left_scr_down.dds"                          , "24"   , "48"    , "dds"
"ui\common\game\mini-scroll\arrow-left_scr_over.dds"                          , "24"   , "48"    , "dds"
"ui\common\game\mini-scroll\arrow-left_scr_up.dds"                            , "24"   , "48"    , "dds"
"ui\common\game\mini-scroll\arrow-right_scr_dis.dds"                          , "24"   , "48"    , "dds"
"ui\common\game\mini-scroll\arrow-right_scr_down.dds"                         , "24"   , "48"    , "dds"
"ui\common\game\mini-scroll\arrow-right_scr_over.dds"                         , "24"   , "48"    , "dds"
"ui\common\game\mini-scroll\arrow-right_scr_up.dds"                           , "24"   , "48"    , "dds"
"ui\common\game\mini-ui-construct-que-back\back_bmp_l.dds"                    , "72"   , "56"    , "dds"
"ui\common\game\mini-ui-construct-que-back\back_bmp_m.dds"                    , "8"    , "56"    , "dds"
"ui\common\game\mini-ui-construct-que-back\back_bmp_r.dds"                    , "20"   , "56"    , "dds"
"ui\common\game\mini-ui-construct-que-back\unit-construct-que-back_bmp.dds"   , "340"  , "56"    , "dds"
"ui\common\game\mini-ui-orders-back\unit-over-back_bmp.dds"                   , "328"  , "120"   , "dds"
"ui\common\game\mini-ui-unit-over\build-over-back_bmp.dds"                    , "324"  , "120"   , "dds"
"ui\common\game\mini-ui-unit-over\unit-over-back_bmp.dds"                     , "324"  , "104"   , "dds"
"ui\common\game\options_brd\line-long_bmp.dds"                                , "200"  , "4"     , "dds"
"ui\common\game\options_brd\line-short_bmp.dds"                               , "228"  , "4"     , "dds"
"ui\common\game\options_brd\options_brd_horz_um.dds"                          , "12"   , "44"    , "dds"
"ui\common\game\options_brd\options_brd_ll.dds"                               , "44"   , "44"    , "dds"
"ui\common\game\options_brd\options_brd_lm.dds"                               , "12"   , "44"    , "dds"
"ui\common\game\options_brd\options_brd_lr.dds"                               , "44"   , "44"    , "dds"
"ui\common\game\options_brd\options_brd_m.dds"                                , "12"   , "12"    , "dds"
"ui\common\game\options_brd\options_brd_ul.dds"                               , "44"   , "44"    , "dds"
"ui\common\game\options_brd\options_brd_ur.dds"                               , "44"   , "44"    , "dds"
"ui\common\game\options_brd\options_brd_vert_l.dds"                           , "44"   , "12"    , "dds"
"ui\common\game\options_brd\options_brd_vert_r.dds"                           , "44"   , "12"    , "dds"
"ui\common\game\options_btn\diplomacy_btn_dis.dds"                            , "48"   , "48"    , "dds"
"ui\common\game\options_btn\diplomacy_btn_down.dds"                           , "48"   , "48"    , "dds"
"ui\common\game\options_btn\diplomacy_btn_over.dds"                           , "48"   , "48"    , "dds"
"ui\common\game\options_btn\diplomacy_btn_up.dds"                             , "48"   , "48"    , "dds"
"ui\common\game\options_btn\glow_bmp.dds"                                     , "48"   , "48"    , "dds"
"ui\common\game\options_btn\inbox_btn_dis.dds"                                , "48"   , "48"    , "dds"
"ui\common\game\options_btn\inbox_btn_down.dds"                               , "48"   , "48"    , "dds"
"ui\common\game\options_btn\inbox_btn_over.dds"                               , "48"   , "48"    , "dds"
"ui\common\game\options_btn\inbox_btn_up.dds"                                 , "48"   , "48"    , "dds"
"ui\common\game\options_btn\menu_btn_dis.dds"                                 , "48"   , "48"    , "dds"
"ui\common\game\options_btn\menu_btn_down.dds"                                , "48"   , "48"    , "dds"
"ui\common\game\options_btn\menu_btn_over.dds"                                , "48"   , "48"    , "dds"
"ui\common\game\options_btn\menu_btn_up.dds"                                  , "48"   , "48"    , "dds"
"ui\common\game\options_btn\objectives_btn_dis.dds"                           , "48"   , "48"    , "dds"
"ui\common\game\options_btn\objectives_btn_down.dds"                          , "48"   , "48"    , "dds"
"ui\common\game\options_btn\objectives_btn_over.dds"                          , "48"   , "48"    , "dds"
"ui\common\game\options_btn\objectives_btn_up.dds"                            , "48"   , "48"    , "dds"
"ui\common\game\options_btn\pause_btn_dis.dds"                                , "48"   , "48"    , "dds"
"ui\common\game\options_btn\pause_btn_down.dds"                               , "48"   , "48"    , "dds"
"ui\common\game\options_btn\pause_btn_over.dds"                               , "48"   , "48"    , "dds"
"ui\common\game\options_btn\pause_btn_up.dds"                                 , "48"   , "48"    , "dds"
"ui\common\game\options_btn\play_btn_dis.dds"                                 , "48"   , "48"    , "dds"
"ui\common\game\options_btn\play_btn_down.dds"                                , "48"   , "48"    , "dds"
"ui\common\game\options_btn\play_btn_over.dds"                                , "48"   , "48"    , "dds"
"ui\common\game\options_btn\play_btn_up.dds"                                  , "48"   , "48"    , "dds"
"ui\common\game\options_btn\score_btn_dis.dds"                                , "48"   , "48"    , "dds"
"ui\common\game\options_btn\score_btn_down.dds"                               , "48"   , "48"    , "dds"
"ui\common\game\options_btn\score_btn_over.dds"                               , "48"   , "48"    , "dds"
"ui\common\game\options_btn\score_btn_up.dds"                                 , "48"   , "48"    , "dds"
"ui\common\game\orderline\orderline_arrow-big.dds"                            , "64"   , "64"    , "dds"
"ui\common\game\orderline\orderline_arrow.dds"                                , "61"   , "59"    , "dds"
"ui\common\game\orderline\orderline_arrow02.dds"                              , "64"   , "64"    , "dds"
"ui\common\game\orderline\orderline_arrow03.dds"                              , "32"   , "32"    , "dds"
"ui\common\game\orderline\orderline_arrow04.dds"                              , "64"   , "64"    , "dds"
"ui\common\game\orderline\orderline_attack.dds"                               , "64"   , "64"    , "dds"
"ui\common\game\orderline\orderline_attack02.dds"                             , "64"   , "64"    , "dds"
"ui\common\game\orderline\orderline_generic.dds"                              , "64"   , "64"    , "dds"
"ui\common\game\orderline\orderline_move.dds"                                 , "64"   , "64"    , "dds"
"ui\common\game\orderline\orderline_patrol-ferry.dds"                         , "60"   , "40"    , "dds"
"ui\common\game\orderline\orderline_patrol.dds"                               , "64"   , "64"    , "dds"
"ui\common\game\orderline\orderline_standard.dds"                             , "60"   , "64"    , "dds"
"ui\common\game\orderline\orderline_teleport.dds"                             , "64"   , "48"    , "dds"
"ui\common\game\orderline\orderline.dds"                                      , "64"   , "64"    , "dds"
"ui\common\game\orders_bmp\orders_bmp.dds"                                    , "160"  , "220"   , "dds"
"ui\common\game\orders-vertical_bmp\orders-vertical_bmp.dds"                  , "244"  , "168"   , "dds"
"ui\common\game\orders\activate-weapon_btn_dis_sel.dds"                       , "48"   , "48"    , "dds"
"ui\common\game\orders\activate-weapon_btn_dis.dds"                           , "48"   , "48"    , "dds"
"ui\common\game\orders\activate-weapon_btn_down.dds"                          , "48"   , "48"    , "dds"
"ui\common\game\orders\activate-weapon_btn_over_sel.dds"                      , "48"   , "48"    , "dds"
"ui\common\game\orders\activate-weapon_btn_over.dds"                          , "48"   , "48"    , "dds"
"ui\common\game\orders\activate-weapon_btn_up_sel.dds"                        , "48"   , "48"    , "dds"
"ui\common\game\orders\activate-weapon_btn_up.dds"                            , "48"   , "48"    , "dds"
"ui\common\game\orders\advanced-empty_bmp.dds"                                , "48"   , "48"    , "dds"
"ui\common\game\orders\advanced-empty_btn_slot.dds"                           , "48"   , "48"    , "dds"
"ui\common\game\orders\area-assist_btn_dis_sel.dds"                           , "48"   , "48"    , "dds"
"ui\common\game\orders\area-assist_btn_dis.dds"                               , "48"   , "48"    , "dds"
"ui\common\game\orders\area-assist_btn_over_sel.dds"                          , "48"   , "48"    , "dds"
"ui\common\game\orders\area-assist_btn_over.dds"                              , "48"   , "48"    , "dds"
"ui\common\game\orders\area-assist_btn_up_sel.dds"                            , "48"   , "48"    , "dds"
"ui\common\game\orders\area-assist_btn_up.dds"                                , "48"   , "48"    , "dds"
"ui\common\game\orders\attack_btn_dis_sel.dds"                                , "48"   , "48"    , "dds"
"ui\common\game\orders\attack_btn_dis.dds"                                    , "48"   , "48"    , "dds"
"ui\common\game\orders\attack_btn_down .dds"                                  , "48"   , "48"    , "dds"
"ui\common\game\orders\attack_btn_down.dds"                                   , "48"   , "48"    , "dds"
"ui\common\game\orders\attack_btn_over_sel.dds"                               , "48"   , "48"    , "dds"
"ui\common\game\orders\attack_btn_over.dds"                                   , "48"   , "48"    , "dds"
"ui\common\game\orders\attack_btn_up_sel.dds"                                 , "48"   , "48"    , "dds"
"ui\common\game\orders\attack_btn_up.dds"                                     , "48"   , "48"    , "dds"
"ui\common\game\orders\autocast_bmp.dds"                                      , "48"   , "48"    , "dds"
"ui\common\game\orders\basic-empty_bmp.dds"                                   , "48"   , "48"    , "dds"
"ui\common\game\orders\basic-empty_btn_slot.dds"                              , "48"   , "48"    , "dds"
"ui\common\game\orders\convert_btn_dis_sel.dds"                               , "48"   , "48"    , "dds"
"ui\common\game\orders\convert_btn_dis.dds"                                   , "48"   , "48"    , "dds"
"ui\common\game\orders\convert_btn_down.dds"                                  , "48"   , "48"    , "dds"
"ui\common\game\orders\convert_btn_over_sel.dds"                              , "48"   , "48"    , "dds"
"ui\common\game\orders\convert_btn_over.dds"                                  , "48"   , "48"    , "dds"
"ui\common\game\orders\convert_btn_up_sel.dds"                                , "48"   , "48"    , "dds"
"ui\common\game\orders\convert_btn_up.dds"                                    , "48"   , "48"    , "dds"
"ui\common\game\orders\deploy_btn_dis_sel.dds"                                , "48"   , "48"    , "dds"
"ui\common\game\orders\deploy_btn_dis.dds"                                    , "48"   , "48"    , "dds"
"ui\common\game\orders\deploy_btn_over_sel.dds"                               , "48"   , "48"    , "dds"
"ui\common\game\orders\deploy_btn_over.dds"                                   , "48"   , "48"    , "dds"
"ui\common\game\orders\deploy_btn_up_sel.dds"                                 , "48"   , "48"    , "dds"
"ui\common\game\orders\deploy_btn_up.dds"                                     , "48"   , "48"    , "dds"
"ui\common\game\orders\dive_btn_dis_sel.dds"                                  , "48"   , "48"    , "dds"
"ui\common\game\orders\dive_btn_dis.dds"                                      , "48"   , "48"    , "dds"
"ui\common\game\orders\dive_btn_down.dds"                                     , "48"   , "48"    , "dds"
"ui\common\game\orders\dive_btn_over_sel.dds"                                 , "48"   , "48"    , "dds"
"ui\common\game\orders\dive_btn_over.dds"                                     , "48"   , "48"    , "dds"
"ui\common\game\orders\dive_btn_up_sel.dds"                                   , "48"   , "48"    , "dds"
"ui\common\game\orders\dive_btn_up.dds"                                       , "48"   , "48"    , "dds"
"ui\common\game\orders\dock_btn_dis_sel.dds"                                  , "48"   , "48"    , "dds"
"ui\common\game\orders\dock_btn_dis.dds"                                      , "48"   , "48"    , "dds"
"ui\common\game\orders\dock_btn_over_sel.dds"                                 , "48"   , "48"    , "dds"
"ui\common\game\orders\dock_btn_over.dds"                                     , "48"   , "48"    , "dds"
"ui\common\game\orders\dock_btn_up_sel.dds"                                   , "48"   , "48"    , "dds"
"ui\common\game\orders\dock_btn_up.dds"                                       , "48"   , "48"    , "dds"
"ui\common\game\orders\drone_btn_dis_sel.dds"                                 , "48"   , "48"    , "dds"
"ui\common\game\orders\drone_btn_dis.dds"                                     , "48"   , "48"    , "dds"
"ui\common\game\orders\drone_btn_over_sel.dds"                                , "48"   , "48"    , "dds"
"ui\common\game\orders\drone_btn_over.dds"                                    , "48"   , "48"    , "dds"
"ui\common\game\orders\drone_btn_up_sel.dds"                                  , "48"   , "48"    , "dds"
"ui\common\game\orders\drone_btn_up.dds"                                      , "48"   , "48"    , "dds"
"ui\common\game\orders\enhancement_btn_dis_sel.dds"                           , "48"   , "48"    , "dds"
"ui\common\game\orders\enhancement_btn_dis.dds"                               , "48"   , "48"    , "dds"
"ui\common\game\orders\enhancement_btn_down.dds"                              , "48"   , "48"    , "dds"
"ui\common\game\orders\enhancement_btn_over_sel.dds"                          , "48"   , "48"    , "dds"
"ui\common\game\orders\enhancement_btn_over.dds"                              , "48"   , "48"    , "dds"
"ui\common\game\orders\enhancement_btn_up_sel.dds"                            , "48"   , "48"    , "dds"
"ui\common\game\orders\enhancement_btn_up.dds"                                , "48"   , "48"    , "dds"
"ui\common\game\orders\ferry_btn_dis_sel.dds"                                 , "48"   , "48"    , "dds"
"ui\common\game\orders\ferry_btn_dis.dds"                                     , "48"   , "48"    , "dds"
"ui\common\game\orders\ferry_btn_down.dds"                                    , "48"   , "48"    , "dds"
"ui\common\game\orders\ferry_btn_over_sel.dds"                                , "48"   , "48"    , "dds"
"ui\common\game\orders\ferry_btn_over.dds"                                    , "48"   , "48"    , "dds"
"ui\common\game\orders\ferry_btn_up_sel.dds"                                  , "48"   , "48"    , "dds"
"ui\common\game\orders\ferry_btn_up.dds"                                      , "48"   , "48"    , "dds"
"ui\common\game\orders\glow-02_bmp.dds"                                       , "48"   , "48"    , "dds"
"ui\common\game\orders\guard_btn_dis_sel.dds"                                 , "48"   , "48"    , "dds"
"ui\common\game\orders\guard_btn_dis.dds"                                     , "48"   , "48"    , "dds"
"ui\common\game\orders\guard_btn_down.dds"                                    , "48"   , "48"    , "dds"
"ui\common\game\orders\guard_btn_over_sel.dds"                                , "48"   , "48"    , "dds"
"ui\common\game\orders\guard_btn_over.dds"                                    , "48"   , "48"    , "dds"
"ui\common\game\orders\guard_btn_up_sel.dds"                                  , "48"   , "48"    , "dds"
"ui\common\game\orders\guard_btn_up.dds"                                      , "48"   , "48"    , "dds"
"ui\common\game\orders\hold-fire_btn_dis_sel.dds"                             , "48"   , "48"    , "dds"
"ui\common\game\orders\hold-fire_btn_dis.dds"                                 , "48"   , "48"    , "dds"
"ui\common\game\orders\hold-fire_btn_down.dds"                                , "48"   , "48"    , "dds"
"ui\common\game\orders\hold-fire_btn_over_sel.dds"                            , "48"   , "48"    , "dds"
"ui\common\game\orders\hold-fire_btn_over.dds"                                , "48"   , "48"    , "dds"
"ui\common\game\orders\hold-fire_btn_up_sel.dds"                              , "48"   , "48"    , "dds"
"ui\common\game\orders\hold-fire_btn_up.dds"                                  , "48"   , "48"    , "dds"
"ui\common\game\orders\intel_btn_dis_sel.dds"                                 , "48"   , "48"    , "dds"
"ui\common\game\orders\intel_btn_dis.dds"                                     , "48"   , "48"    , "dds"
"ui\common\game\orders\intel_btn_down.dds"                                    , "48"   , "48"    , "dds"
"ui\common\game\orders\intel_btn_over_sel.dds"                                , "48"   , "48"    , "dds"
"ui\common\game\orders\intel_btn_over.dds"                                    , "48"   , "48"    , "dds"
"ui\common\game\orders\intel_btn_up_sel.dds"                                  , "48"   , "48"    , "dds"
"ui\common\game\orders\intel_btn_up.dds"                                      , "48"   , "48"    , "dds"
"ui\common\game\orders\intel-counter_btn_dis_sel.dds"                         , "48"   , "48"    , "dds"
"ui\common\game\orders\intel-counter_btn_dis.dds"                             , "48"   , "48"    , "dds"
"ui\common\game\orders\intel-counter_btn_down.dds"                            , "48"   , "48"    , "dds"
"ui\common\game\orders\intel-counter_btn_over_sel.dds"                        , "48"   , "48"    , "dds"
"ui\common\game\orders\intel-counter_btn_over.dds"                            , "48"   , "48"    , "dds"
"ui\common\game\orders\intel-counter_btn_up_sel.dds"                          , "48"   , "48"    , "dds"
"ui\common\game\orders\intel-counter_btn_up.dds"                              , "48"   , "48"    , "dds"
"ui\common\game\orders\intel-counter-disabled_btn_dis_sel.dds"                , "48"   , "48"    , "dds"
"ui\common\game\orders\intel-counter-disabled_btn_dis.dds"                    , "48"   , "48"    , "dds"
"ui\common\game\orders\intel-counter-disabled_btn_down.dds"                   , "48"   , "48"    , "dds"
"ui\common\game\orders\intel-counter-disabled_btn_over_sel.dds"               , "48"   , "48"    , "dds"
"ui\common\game\orders\intel-counter-disabled_btn_over.dds"                   , "48"   , "48"    , "dds"
"ui\common\game\orders\intel-counter-disabled_btn_up_sel.dds"                 , "48"   , "48"    , "dds"
"ui\common\game\orders\intel-counter-disabled_btn_up.dds"                     , "48"   , "48"    , "dds"
"ui\common\game\orders\intel-disabled_btn_dis_sel.dds"                        , "48"   , "48"    , "dds"
"ui\common\game\orders\intel-disabled_btn_dis.dds"                            , "48"   , "48"    , "dds"
"ui\common\game\orders\intel-disabled_btn_down.dds"                           , "48"   , "48"    , "dds"
"ui\common\game\orders\intel-disabled_btn_over_sel.dds"                       , "48"   , "48"    , "dds"
"ui\common\game\orders\intel-disabled_btn_over.dds"                           , "48"   , "48"    , "dds"
"ui\common\game\orders\intel-disabled_btn_up_sel.dds"                         , "48"   , "48"    , "dds"
"ui\common\game\orders\intel-disabled_btn_up.dds"                             , "48"   , "48"    , "dds"
"ui\common\game\orders\jamming_btn_dis_sel.dds"                               , "48"   , "48"    , "dds"
"ui\common\game\orders\jamming_btn_dis.dds"                                   , "48"   , "48"    , "dds"
"ui\common\game\orders\jamming_btn_down.dds"                                  , "48"   , "48"    , "dds"
"ui\common\game\orders\jamming_btn_over_sel.dds"                              , "48"   , "48"    , "dds"
"ui\common\game\orders\jamming_btn_over.dds"                                  , "48"   , "48"    , "dds"
"ui\common\game\orders\jamming_btn_up_sel.dds"                                , "48"   , "48"    , "dds"
"ui\common\game\orders\jamming_btn_up.dds"                                    , "48"   , "48"    , "dds"
"ui\common\game\orders\launch-nuke_btn_dis_sel.dds"                           , "48"   , "48"    , "dds"
"ui\common\game\orders\launch-nuke_btn_dis.dds"                               , "48"   , "48"    , "dds"
"ui\common\game\orders\launch-nuke_btn_down.dds"                              , "48"   , "48"    , "dds"
"ui\common\game\orders\launch-nuke_btn_over_sel.dds"                          , "48"   , "48"    , "dds"
"ui\common\game\orders\launch-nuke_btn_over.dds"                              , "48"   , "48"    , "dds"
"ui\common\game\orders\launch-nuke_btn_up_sel.dds"                            , "48"   , "48"    , "dds"
"ui\common\game\orders\launch-nuke_btn_up.dds"                                , "48"   , "48"    , "dds"
"ui\common\game\orders\launch-tactical_btn_dis_sel.dds"                       , "48"   , "48"    , "dds"
"ui\common\game\orders\launch-tactical_btn_dis.dds"                           , "48"   , "48"    , "dds"
"ui\common\game\orders\launch-tactical_btn_down.dds"                          , "48"   , "48"    , "dds"
"ui\common\game\orders\launch-tactical_btn_over_sel.dds"                      , "48"   , "48"    , "dds"
"ui\common\game\orders\launch-tactical_btn_over.dds"                          , "48"   , "48"    , "dds"
"ui\common\game\orders\launch-tactical_btn_up_sel.dds"                        , "48"   , "48"    , "dds"
"ui\common\game\orders\launch-tactical_btn_up.dds"                            , "48"   , "48"    , "dds"
"ui\common\game\orders\load_btn_dis_sel.dds"                                  , "48"   , "48"    , "dds"
"ui\common\game\orders\load_btn_dis.dds"                                      , "48"   , "48"    , "dds"
"ui\common\game\orders\load_btn_down.dds"                                     , "48"   , "48"    , "dds"
"ui\common\game\orders\load_btn_over_sel.dds"                                 , "48"   , "48"    , "dds"
"ui\common\game\orders\load_btn_over.dds"                                     , "48"   , "48"    , "dds"
"ui\common\game\orders\load_btn_up_sel.dds"                                   , "48"   , "48"    , "dds"
"ui\common\game\orders\load_btn_up.dds"                                       , "48"   , "48"    , "dds"
"ui\common\game\orders\move_btn_dis_sel.dds"                                  , "48"   , "48"    , "dds"
"ui\common\game\orders\move_btn_dis.dds"                                      , "48"   , "48"    , "dds"
"ui\common\game\orders\move_btn_down.dds"                                     , "48"   , "48"    , "dds"
"ui\common\game\orders\move_btn_over_sel.dds"                                 , "48"   , "48"    , "dds"
"ui\common\game\orders\move_btn_over.dds"                                     , "48"   , "48"    , "dds"
"ui\common\game\orders\move_btn_up_sel.dds"                                   , "48"   , "48"    , "dds"
"ui\common\game\orders\move_btn_up.dds"                                       , "48"   , "48"    , "dds"
"ui\common\game\orders\nuke_btn_dis_sel.dds"                                  , "48"   , "48"    , "dds"
"ui\common\game\orders\nuke_btn_dis.dds"                                      , "48"   , "48"    , "dds"
"ui\common\game\orders\nuke_btn_down.dds"                                     , "48"   , "48"    , "dds"
"ui\common\game\orders\nuke_btn_over_sel.dds"                                 , "48"   , "48"    , "dds"
"ui\common\game\orders\nuke_btn_over.dds"                                     , "48"   , "48"    , "dds"
"ui\common\game\orders\nuke_btn_up_sel.dds"                                   , "48"   , "48"    , "dds"
"ui\common\game\orders\nuke_btn_up.dds"                                       , "48"   , "48"    , "dds"
"ui\common\game\orders\omni_btn_dis_sel.dds"                                  , "48"   , "48"    , "dds"
"ui\common\game\orders\omni_btn_dis.dds"                                      , "48"   , "48"    , "dds"
"ui\common\game\orders\omni_btn_down.dds"                                     , "48"   , "48"    , "dds"
"ui\common\game\orders\omni_btn_over_sel.dds"                                 , "48"   , "48"    , "dds"
"ui\common\game\orders\omni_btn_over.dds"                                     , "48"   , "48"    , "dds"
"ui\common\game\orders\omni_btn_up_sel.dds"                                   , "48"   , "48"    , "dds"
"ui\common\game\orders\omni_btn_up.dds"                                       , "48"   , "48"    , "dds"
"ui\common\game\orders\overcharge_btn_dis_sel.dds"                            , "48"   , "48"    , "dds"
"ui\common\game\orders\overcharge_btn_dis.dds"                                , "48"   , "48"    , "dds"
"ui\common\game\orders\overcharge_btn_down.dds"                               , "48"   , "48"    , "dds"
"ui\common\game\orders\overcharge_btn_over_sel.dds"                           , "48"   , "48"    , "dds"
"ui\common\game\orders\overcharge_btn_over.dds"                               , "48"   , "48"    , "dds"
"ui\common\game\orders\overcharge_btn_up_sel.dds"                             , "48"   , "48"    , "dds"
"ui\common\game\orders\overcharge_btn_up.dds"                                 , "48"   , "48"    , "dds"
"ui\common\game\orders\patrol_btn_dis_sel.dds"                                , "48"   , "48"    , "dds"
"ui\common\game\orders\patrol_btn_dis.dds"                                    , "48"   , "48"    , "dds"
"ui\common\game\orders\patrol_btn_down.dds"                                   , "48"   , "48"    , "dds"
"ui\common\game\orders\patrol_btn_over_sel.dds"                               , "48"   , "48"    , "dds"
"ui\common\game\orders\patrol_btn_over.dds"                                   , "48"   , "48"    , "dds"
"ui\common\game\orders\patrol_btn_up_sel.dds"                                 , "48"   , "48"    , "dds"
"ui\common\game\orders\patrol_btn_up.dds"                                     , "48"   , "48"    , "dds"
"ui\common\game\orders\pause_btn_dis_sel.dds"                                 , "48"   , "48"    , "dds"
"ui\common\game\orders\pause_btn_dis.dds"                                     , "48"   , "48"    , "dds"
"ui\common\game\orders\pause_btn_down.dds"                                    , "48"   , "48"    , "dds"
"ui\common\game\orders\pause_btn_over_sel.dds"                                , "48"   , "48"    , "dds"
"ui\common\game\orders\pause_btn_over.dds"                                    , "48"   , "48"    , "dds"
"ui\common\game\orders\pause_btn_up_sel.dds"                                  , "48"   , "48"    , "dds"
"ui\common\game\orders\pause_btn_up.dds"                                      , "48"   , "48"    , "dds"
"ui\common\game\orders\production_btn_dis_sel.dds"                            , "48"   , "48"    , "dds"
"ui\common\game\orders\production_btn_dis.dds"                                , "48"   , "48"    , "dds"
"ui\common\game\orders\production_btn_down.dds"                               , "48"   , "48"    , "dds"
"ui\common\game\orders\production_btn_over_sel.dds"                           , "48"   , "48"    , "dds"
"ui\common\game\orders\production_btn_over.dds"                               , "48"   , "48"    , "dds"
"ui\common\game\orders\production_btn_up_sel.dds"                             , "48"   , "48"    , "dds"
"ui\common\game\orders\production_btn_up.dds"                                 , "48"   , "48"    , "dds"
"ui\common\game\orders\production-disabled_btn_dis_sel.dds"                   , "48"   , "48"    , "dds"
"ui\common\game\orders\production-disabled_btn_dis.dds"                       , "48"   , "48"    , "dds"
"ui\common\game\orders\production-disabled_btn_down.dds"                      , "48"   , "48"    , "dds"
"ui\common\game\orders\production-disabled_btn_over_sel.dds"                  , "48"   , "48"    , "dds"
"ui\common\game\orders\production-disabled_btn_over.dds"                      , "48"   , "48"    , "dds"
"ui\common\game\orders\production-disabled_btn_up_sel.dds"                    , "48"   , "48"    , "dds"
"ui\common\game\orders\production-disabled_btn_up.dds"                        , "48"   , "48"    , "dds"
"ui\common\game\orders\radar_btn_dis_sel.dds"                                 , "48"   , "48"    , "dds"
"ui\common\game\orders\radar_btn_dis.dds"                                     , "48"   , "48"    , "dds"
"ui\common\game\orders\radar_btn_down.dds"                                    , "48"   , "48"    , "dds"
"ui\common\game\orders\radar_btn_over_sel.dds"                                , "48"   , "48"    , "dds"
"ui\common\game\orders\radar_btn_over.dds"                                    , "48"   , "48"    , "dds"
"ui\common\game\orders\radar_btn_up_sel.dds"                                  , "48"   , "48"    , "dds"
"ui\common\game\orders\radar_btn_up.dds"                                      , "48"   , "48"    , "dds"
"ui\common\game\orders\reclaim_btn_dis_sel.dds"                               , "48"   , "48"    , "dds"
"ui\common\game\orders\reclaim_btn_dis.dds"                                   , "48"   , "48"    , "dds"
"ui\common\game\orders\reclaim_btn_down.dds"                                  , "48"   , "48"    , "dds"
"ui\common\game\orders\reclaim_btn_over_sel.dds"                              , "48"   , "48"    , "dds"
"ui\common\game\orders\reclaim_btn_over.dds"                                  , "48"   , "48"    , "dds"
"ui\common\game\orders\reclaim_btn_up_sel.dds"                                , "48"   , "48"    , "dds"
"ui\common\game\orders\reclaim_btn_up.dds"                                    , "48"   , "48"    , "dds"
"ui\common\game\orders\repair_btn_dis_sel.dds"                                , "48"   , "48"    , "dds"
"ui\common\game\orders\repair_btn_dis.dds"                                    , "48"   , "48"    , "dds"
"ui\common\game\orders\repair_btn_down.dds"                                   , "48"   , "48"    , "dds"
"ui\common\game\orders\repair_btn_over_sel.dds"                               , "48"   , "48"    , "dds"
"ui\common\game\orders\repair_btn_over.dds"                                   , "48"   , "48"    , "dds"
"ui\common\game\orders\repair_btn_up_sel.dds"                                 , "48"   , "48"    , "dds"
"ui\common\game\orders\repair_btn_up.dds"                                     , "48"   , "48"    , "dds"
"ui\common\game\orders\retaliate_btn_dis_sel.dds"                             , "48"   , "48"    , "dds"
"ui\common\game\orders\retaliate_btn_dis.dds"                                 , "48"   , "48"    , "dds"
"ui\common\game\orders\retaliate_btn_down.dds"                                , "48"   , "48"    , "dds"
"ui\common\game\orders\retaliate_btn_over_sel.dds"                            , "48"   , "48"    , "dds"
"ui\common\game\orders\retaliate_btn_over.dds"                                , "48"   , "48"    , "dds"
"ui\common\game\orders\retaliate_btn_up_sel.dds"                              , "48"   , "48"    , "dds"
"ui\common\game\orders\retaliate_btn_up.dds"                                  , "48"   , "48"    , "dds"
"ui\common\game\orders\return-fire_btn_dis_sel.dds"                           , "48"   , "48"    , "dds"
"ui\common\game\orders\return-fire_btn_dis.dds"                               , "48"   , "48"    , "dds"
"ui\common\game\orders\return-fire_btn_down.dds"                              , "48"   , "48"    , "dds"
"ui\common\game\orders\return-fire_btn_over_sel.dds"                          , "48"   , "48"    , "dds"
"ui\common\game\orders\return-fire_btn_over.dds"                              , "48"   , "48"    , "dds"
"ui\common\game\orders\return-fire_btn_up_sel.dds"                            , "48"   , "48"    , "dds"
"ui\common\game\orders\return-fire_btn_up.dds"                                , "48"   , "48"    , "dds"
"ui\common\game\orders\sacrifice_btn_dis_sel.dds"                             , "48"   , "48"    , "dds"
"ui\common\game\orders\sacrifice_btn_dis.dds"                                 , "48"   , "48"    , "dds"
"ui\common\game\orders\sacrifice_btn_down.dds"                                , "48"   , "48"    , "dds"
"ui\common\game\orders\sacrifice_btn_over_sel.dds"                            , "48"   , "48"    , "dds"
"ui\common\game\orders\sacrifice_btn_over.dds"                                , "48"   , "48"    , "dds"
"ui\common\game\orders\sacrifice_btn_up_sel.dds"                              , "48"   , "48"    , "dds"
"ui\common\game\orders\sacrifice_btn_up.dds"                                  , "48"   , "48"    , "dds"
"ui\common\game\orders\shield_btn_dis_sel.dds"                                , "48"   , "48"    , "dds"
"ui\common\game\orders\shield_btn_dis.dds"                                    , "48"   , "48"    , "dds"
"ui\common\game\orders\shield_btn_down.dds"                                   , "48"   , "48"    , "dds"
"ui\common\game\orders\shield_btn_over_sel.dds"                               , "48"   , "48"    , "dds"
"ui\common\game\orders\shield_btn_over.dds"                                   , "48"   , "48"    , "dds"
"ui\common\game\orders\shield_btn_up_sel.dds"                                 , "48"   , "48"    , "dds"
"ui\common\game\orders\shield_btn_up.dds"                                     , "48"   , "48"    , "dds"
"ui\common\game\orders\shield-disable_btn_dis_sel.dds"                        , "48"   , "48"    , "dds"
"ui\common\game\orders\shield-disable_btn_dis.dds"                            , "48"   , "48"    , "dds"
"ui\common\game\orders\shield-disable_btn_down.dds"                           , "48"   , "48"    , "dds"
"ui\common\game\orders\shield-disable_btn_over_sel.dds"                       , "48"   , "48"    , "dds"
"ui\common\game\orders\shield-disable_btn_over.dds"                           , "48"   , "48"    , "dds"
"ui\common\game\orders\shield-disable_btn_up_sel.dds"                         , "48"   , "48"    , "dds"
"ui\common\game\orders\shield-disable_btn_up.dds"                             , "48"   , "48"    , "dds"
"ui\common\game\orders\shield-dome_btn_dis_sel.dds"                           , "48"   , "48"    , "dds"
"ui\common\game\orders\shield-dome_btn_dis.dds"                               , "48"   , "48"    , "dds"
"ui\common\game\orders\shield-dome_btn_over_sel.dds"                          , "48"   , "48"    , "dds"
"ui\common\game\orders\shield-dome_btn_over.dds"                              , "48"   , "48"    , "dds"
"ui\common\game\orders\shield-dome_btn_up_sel.dds"                            , "48"   , "48"    , "dds"
"ui\common\game\orders\shield-dome_btn_up.dds"                                , "48"   , "48"    , "dds"
"ui\common\game\orders\shield-personal_btn_dis_sel.dds"                       , "48"   , "48"    , "dds"
"ui\common\game\orders\shield-personal_btn_dis.dds"                           , "48"   , "48"    , "dds"
"ui\common\game\orders\shield-personal_btn_over_sel.dds"                      , "48"   , "48"    , "dds"
"ui\common\game\orders\shield-personal_btn_over.dds"                          , "48"   , "48"    , "dds"
"ui\common\game\orders\shield-personal_btn_up_sel.dds"                        , "48"   , "48"    , "dds"
"ui\common\game\orders\shield-personal_btn_up.dds"                            , "48"   , "48"    , "dds"
"ui\common\game\orders\silo-build-nuke_btn_dis_sel.dds"                       , "48"   , "48"    , "dds"
"ui\common\game\orders\silo-build-nuke_btn_dis.dds"                           , "48"   , "48"    , "dds"
"ui\common\game\orders\silo-build-nuke_btn_down.dds"                          , "48"   , "48"    , "dds"
"ui\common\game\orders\silo-build-nuke_btn_over_sel.dds"                      , "48"   , "48"    , "dds"
"ui\common\game\orders\silo-build-nuke_btn_over.dds"                          , "48"   , "48"    , "dds"
"ui\common\game\orders\silo-build-nuke_btn_up_sel.dds"                        , "48"   , "48"    , "dds"
"ui\common\game\orders\silo-build-nuke_btn_up.dds"                            , "48"   , "48"    , "dds"
"ui\common\game\orders\silo-build-tactical_btn_dis_sel.dds"                   , "48"   , "48"    , "dds"
"ui\common\game\orders\silo-build-tactical_btn_dis.dds"                       , "48"   , "48"    , "dds"
"ui\common\game\orders\silo-build-tactical_btn_down.dds"                      , "48"   , "48"    , "dds"
"ui\common\game\orders\silo-build-tactical_btn_over_sel.dds"                  , "48"   , "48"    , "dds"
"ui\common\game\orders\silo-build-tactical_btn_over.dds"                      , "48"   , "48"    , "dds"
"ui\common\game\orders\silo-build-tactical_btn_up_sel.dds"                    , "48"   , "48"    , "dds"
"ui\common\game\orders\silo-build-tactical_btn_up.dds"                        , "48"   , "48"    , "dds"
"ui\common\game\orders\skry-target_btn_dis_sel.dds"                           , "48"   , "48"    , "dds"
"ui\common\game\orders\skry-target_btn_dis.dds"                               , "48"   , "48"    , "dds"
"ui\common\game\orders\skry-target_btn_over_sel.dds"                          , "48"   , "48"    , "dds"
"ui\common\game\orders\skry-target_btn_over.dds"                              , "48"   , "48"    , "dds"
"ui\common\game\orders\skry-target_btn_up_sel.dds"                            , "48"   , "48"    , "dds"
"ui\common\game\orders\skry-target_btn_up.dds"                                , "48"   , "48"    , "dds"
"ui\common\game\orders\skry-toggle_btn_dis_sel.dds"                           , "48"   , "48"    , "dds"
"ui\common\game\orders\skry-toggle_btn_dis.dds"                               , "48"   , "48"    , "dds"
"ui\common\game\orders\skry-toggle_btn_over_sel.dds"                          , "48"   , "48"    , "dds"
"ui\common\game\orders\skry-toggle_btn_over.dds"                              , "48"   , "48"    , "dds"
"ui\common\game\orders\skry-toggle_btn_up_sel.dds"                            , "48"   , "48"    , "dds"
"ui\common\game\orders\skry-toggle_btn_up.dds"                                , "48"   , "48"    , "dds"
"ui\common\game\orders\sonar_btn_dis_sel.dds"                                 , "48"   , "48"    , "dds"
"ui\common\game\orders\sonar_btn_dis.dds"                                     , "48"   , "48"    , "dds"
"ui\common\game\orders\sonar_btn_down.dds"                                    , "48"   , "48"    , "dds"
"ui\common\game\orders\sonar_btn_over_sel.dds"                                , "48"   , "48"    , "dds"
"ui\common\game\orders\sonar_btn_over.dds"                                    , "48"   , "48"    , "dds"
"ui\common\game\orders\sonar_btn_up_sel.dds"                                  , "48"   , "48"    , "dds"
"ui\common\game\orders\sonar_btn_up.dds"                                      , "48"   , "48"    , "dds"
"ui\common\game\orders\stand-ground_btn_dis_sel.dds"                          , "48"   , "48"    , "dds"
"ui\common\game\orders\stand-ground_btn_dis.dds"                              , "48"   , "48"    , "dds"
"ui\common\game\orders\stand-ground_btn_down.dds"                             , "48"   , "48"    , "dds"
"ui\common\game\orders\stand-ground_btn_over_sel.dds"                         , "48"   , "48"    , "dds"
"ui\common\game\orders\stand-ground_btn_over.dds"                             , "48"   , "48"    , "dds"
"ui\common\game\orders\stand-ground_btn_up_sel.dds"                           , "48"   , "48"    , "dds"
"ui\common\game\orders\stand-ground_btn_up.dds"                               , "48"   , "48"    , "dds"
"ui\common\game\orders\stealth_btn_dis_sel.dds"                               , "48"   , "48"    , "dds"
"ui\common\game\orders\stealth_btn_dis.dds"                                   , "48"   , "48"    , "dds"
"ui\common\game\orders\stealth_btn_down.dds"                                  , "48"   , "48"    , "dds"
"ui\common\game\orders\stealth_btn_over_sel.dds"                              , "48"   , "48"    , "dds"
"ui\common\game\orders\stealth_btn_over.dds"                                  , "48"   , "48"    , "dds"
"ui\common\game\orders\stealth_btn_up_sel.dds"                                , "48"   , "48"    , "dds"
"ui\common\game\orders\stealth_btn_up.dds"                                    , "48"   , "48"    , "dds"
"ui\common\game\orders\stealth-field_btn_dis_sel.dds"                         , "48"   , "48"    , "dds"
"ui\common\game\orders\stealth-field_btn_dis.dds"                             , "48"   , "48"    , "dds"
"ui\common\game\orders\stealth-field_btn_over_sel.dds"                        , "48"   , "48"    , "dds"
"ui\common\game\orders\stealth-field_btn_over.dds"                            , "48"   , "48"    , "dds"
"ui\common\game\orders\stealth-field_btn_up_sel.dds"                          , "48"   , "48"    , "dds"
"ui\common\game\orders\stealth-field_btn_up.dds"                              , "48"   , "48"    , "dds"
"ui\common\game\orders\stealth-personal_btn_dis_sel.dds"                      , "48"   , "48"    , "dds"
"ui\common\game\orders\stealth-personal_btn_dis.dds"                          , "48"   , "48"    , "dds"
"ui\common\game\orders\stealth-personal_btn_over_sel.dds"                     , "48"   , "48"    , "dds"
"ui\common\game\orders\stealth-personal_btn_over.dds"                         , "48"   , "48"    , "dds"
"ui\common\game\orders\stealth-personal_btn_up_sel.dds"                       , "48"   , "48"    , "dds"
"ui\common\game\orders\stealth-personal_btn_up.dds"                           , "48"   , "48"    , "dds"
"ui\common\game\orders\stop_btn_dis_sel.dds"                                  , "48"   , "48"    , "dds"
"ui\common\game\orders\stop_btn_dis.dds"                                      , "48"   , "48"    , "dds"
"ui\common\game\orders\stop_btn_down.dds"                                     , "48"   , "48"    , "dds"
"ui\common\game\orders\stop_btn_over_sel.dds"                                 , "48"   , "48"    , "dds"
"ui\common\game\orders\stop_btn_over.dds"                                     , "48"   , "48"    , "dds"
"ui\common\game\orders\stop_btn_up_sel.dds"                                   , "48"   , "48"    , "dds"
"ui\common\game\orders\stop_btn_up.dds"                                       , "48"   , "48"    , "dds"
"ui\common\game\orders\tactical_btn_dis_sel.dds"                              , "48"   , "48"    , "dds"
"ui\common\game\orders\tactical_btn_dis.dds"                                  , "48"   , "48"    , "dds"
"ui\common\game\orders\tactical_btn_down.dds"                                 , "48"   , "48"    , "dds"
"ui\common\game\orders\tactical_btn_over_sel.dds"                             , "48"   , "48"    , "dds"
"ui\common\game\orders\tactical_btn_over.dds"                                 , "48"   , "48"    , "dds"
"ui\common\game\orders\tactical_btn_up_sel.dds"                               , "48"   , "48"    , "dds"
"ui\common\game\orders\tactical_btn_up.dds"                                   , "48"   , "48"    , "dds"
"ui\common\game\orders\teleport_btn_dis_sel.dds"                              , "48"   , "48"    , "dds"
"ui\common\game\orders\teleport_btn_dis.dds"                                  , "48"   , "48"    , "dds"
"ui\common\game\orders\teleport_btn_down.dds"                                 , "48"   , "48"    , "dds"
"ui\common\game\orders\teleport_btn_over_sel.dds"                             , "48"   , "48"    , "dds"
"ui\common\game\orders\teleport_btn_over.dds"                                 , "48"   , "48"    , "dds"
"ui\common\game\orders\teleport_btn_up_sel.dds"                               , "48"   , "48"    , "dds"
"ui\common\game\orders\teleport_btn_up.dds"                                   , "48"   , "48"    , "dds"
"ui\common\game\orders\toggle-weapon_btn_dis_sel.dds"                         , "48"   , "48"    , "dds"
"ui\common\game\orders\toggle-weapon_btn_dis.dds"                             , "48"   , "48"    , "dds"
"ui\common\game\orders\toggle-weapon_btn_down_sel.dds"                        , "48"   , "48"    , "dds"
"ui\common\game\orders\toggle-weapon_btn_down.dds"                            , "48"   , "48"    , "dds"
"ui\common\game\orders\toggle-weapon_btn_over_sel.dds"                        , "48"   , "48"    , "dds"
"ui\common\game\orders\toggle-weapon_btn_over.dds"                            , "48"   , "48"    , "dds"
"ui\common\game\orders\toggle-weapon_btn_up_sel.dds"                          , "48"   , "48"    , "dds"
"ui\common\game\orders\toggle-weapon_btn_up.dds"                              , "48"   , "48"    , "dds"
"ui\common\game\orders\toggle-weapon-aa_btn_dis_sel.dds"                      , "48"   , "48"    , "dds"
"ui\common\game\orders\toggle-weapon-aa_btn_dis.dds"                          , "48"   , "48"    , "dds"
"ui\common\game\orders\toggle-weapon-aa_btn_down.dds"                         , "48"   , "48"    , "dds"
"ui\common\game\orders\toggle-weapon-aa_btn_over_sel.dds"                     , "48"   , "48"    , "dds"
"ui\common\game\orders\toggle-weapon-aa_btn_over.dds"                         , "48"   , "48"    , "dds"
"ui\common\game\orders\toggle-weapon-aa_btn_up_sel.dds"                       , "48"   , "48"    , "dds"
"ui\common\game\orders\toggle-weapon-aa_btn_up.dds"                           , "48"   , "48"    , "dds"
"ui\common\game\orders\toggle-weapon-air_btn_dis_sel.dds"                     , "48"   , "48"    , "dds"
"ui\common\game\orders\toggle-weapon-air_btn_dis.dds"                         , "48"   , "48"    , "dds"
"ui\common\game\orders\toggle-weapon-air_btn_over_sel.dds"                    , "48"   , "48"    , "dds"
"ui\common\game\orders\toggle-weapon-air_btn_over.dds"                        , "48"   , "48"    , "dds"
"ui\common\game\orders\toggle-weapon-air_btn_up_sel.dds"                      , "48"   , "48"    , "dds"
"ui\common\game\orders\toggle-weapon-air_btn_up.dds"                          , "48"   , "48"    , "dds"
"ui\common\game\orders\toggle-weapon-direct_btn_dis_sel.dds"                  , "48"   , "48"    , "dds"
"ui\common\game\orders\toggle-weapon-direct_btn_dis.dds"                      , "48"   , "48"    , "dds"
"ui\common\game\orders\toggle-weapon-direct_btn_down.dds"                     , "48"   , "48"    , "dds"
"ui\common\game\orders\toggle-weapon-direct_btn_over_sel.dds"                 , "48"   , "48"    , "dds"
"ui\common\game\orders\toggle-weapon-direct_btn_over.dds"                     , "48"   , "48"    , "dds"
"ui\common\game\orders\toggle-weapon-direct_btn_up_sel.dds"                   , "48"   , "48"    , "dds"
"ui\common\game\orders\toggle-weapon-direct_btn_up.dds"                       , "48"   , "48"    , "dds"
"ui\common\game\orders\unload_btn_dis_sel.dds"                                , "48"   , "48"    , "dds"
"ui\common\game\orders\unload_btn_dis.dds"                                    , "48"   , "48"    , "dds"
"ui\common\game\orders\unload_btn_down.dds"                                   , "48"   , "48"    , "dds"
"ui\common\game\orders\unload_btn_over_sel.dds"                               , "48"   , "48"    , "dds"
"ui\common\game\orders\unload_btn_over.dds"                                   , "48"   , "48"    , "dds"
"ui\common\game\orders\unload_btn_up_sel.dds"                                 , "48"   , "48"    , "dds"
"ui\common\game\orders\unload_btn_up.dds"                                     , "48"   , "48"    , "dds"
"ui\common\game\orders\unload02_btn_dis_sel.dds"                              , "48"   , "48"    , "dds"
"ui\common\game\orders\unload02_btn_dis.dds"                                  , "48"   , "48"    , "dds"
"ui\common\game\orders\unload02_btn_down.dds"                                 , "48"   , "48"    , "dds"
"ui\common\game\orders\unload02_btn_over_sel.dds"                             , "48"   , "48"    , "dds"
"ui\common\game\orders\unload02_btn_over.dds"                                 , "48"   , "48"    , "dds"
"ui\common\game\orders\unload02_btn_up_sel.dds"                               , "48"   , "48"    , "dds"
"ui\common\game\orders\unload02_btn_up.dds"                                   , "48"   , "48"    , "dds"
"ui\common\game\orders\vision_btn_dis_sel.dds"                                , "48"   , "48"    , "dds"
"ui\common\game\orders\vision_btn_dis.dds"                                    , "48"   , "48"    , "dds"
"ui\common\game\orders\vision_btn_over_sel.dds"                               , "48"   , "48"    , "dds"
"ui\common\game\orders\vision_btn_over.dds"                                   , "48"   , "48"    , "dds"
"ui\common\game\orders\vision_btn_up_sel.dds"                                 , "48"   , "48"    , "dds"
"ui\common\game\orders\vision_btn_up.dds"                                     , "48"   , "48"    , "dds"
"ui\common\game\pause_btn\pause_btn_dis.dds"                                  , "32"   , "36"    , "dds"
"ui\common\game\pause_btn\pause_btn_down.dds"                                 , "32"   , "36"    , "dds"
"ui\common\game\pause_btn\pause_btn_over.dds"                                 , "32"   , "36"    , "dds"
"ui\common\game\pause_btn\pause_btn_up.dds"                                   , "32"   , "36"    , "dds"
"ui\common\game\ping_edge\ping_edge_blue_b_down.dds"                          , "52"   , "52"    , "dds"
"ui\common\game\ping_edge\ping_edge_blue_b_over.dds"                          , "52"   , "52"    , "dds"
"ui\common\game\ping_edge\ping_edge_blue_b_up.dds"                            , "52"   , "52"    , "dds"
"ui\common\game\ping_edge\ping_edge_blue_bl_down.dds"                         , "52"   , "52"    , "dds"
"ui\common\game\ping_edge\ping_edge_blue_bl_over.dds"                         , "52"   , "52"    , "dds"
"ui\common\game\ping_edge\ping_edge_blue_bl_up.dds"                           , "52"   , "52"    , "dds"
"ui\common\game\ping_edge\ping_edge_blue_br_down.dds"                         , "52"   , "52"    , "dds"
"ui\common\game\ping_edge\ping_edge_blue_br_over.dds"                         , "52"   , "52"    , "dds"
"ui\common\game\ping_edge\ping_edge_blue_br_up.dds"                           , "52"   , "52"    , "dds"
"ui\common\game\ping_edge\ping_edge_blue_glow.dds"                            , "52"   , "52"    , "dds"
"ui\common\game\ping_edge\ping_edge_blue_l_down.dds"                          , "52"   , "52"    , "dds"
"ui\common\game\ping_edge\ping_edge_blue_l_over.dds"                          , "52"   , "52"    , "dds"
"ui\common\game\ping_edge\ping_edge_blue_l_up.dds"                            , "52"   , "52"    , "dds"
"ui\common\game\ping_edge\ping_edge_blue_r_down.dds"                          , "52"   , "52"    , "dds"
"ui\common\game\ping_edge\ping_edge_blue_r_over.dds"                          , "52"   , "52"    , "dds"
"ui\common\game\ping_edge\ping_edge_blue_r_up.dds"                            , "52"   , "52"    , "dds"
"ui\common\game\ping_edge\ping_edge_blue_t_down.dds"                          , "52"   , "52"    , "dds"
"ui\common\game\ping_edge\ping_edge_blue_t_over.dds"                          , "52"   , "52"    , "dds"
"ui\common\game\ping_edge\ping_edge_blue_t_up.dds"                            , "52"   , "52"    , "dds"
"ui\common\game\ping_edge\ping_edge_blue_tl_down.dds"                         , "52"   , "52"    , "dds"
"ui\common\game\ping_edge\ping_edge_blue_tl_over.dds"                         , "52"   , "52"    , "dds"
"ui\common\game\ping_edge\ping_edge_blue_tl_up.dds"                           , "52"   , "52"    , "dds"
"ui\common\game\ping_edge\ping_edge_blue_tr_down.dds"                         , "52"   , "52"    , "dds"
"ui\common\game\ping_edge\ping_edge_blue_tr_over.dds"                         , "52"   , "52"    , "dds"
"ui\common\game\ping_edge\ping_edge_blue_tr_up.dds"                           , "52"   , "52"    , "dds"
"ui\common\game\ping_edge\ping_edge_red_b_down.dds"                           , "52"   , "52"    , "dds"
"ui\common\game\ping_edge\ping_edge_red_b_over.dds"                           , "52"   , "52"    , "dds"
"ui\common\game\ping_edge\ping_edge_red_b_up.dds"                             , "52"   , "52"    , "dds"
"ui\common\game\ping_edge\ping_edge_red_bl_down.dds"                          , "52"   , "52"    , "dds"
"ui\common\game\ping_edge\ping_edge_red_bl_over.dds"                          , "52"   , "52"    , "dds"
"ui\common\game\ping_edge\ping_edge_red_bl_up.dds"                            , "52"   , "52"    , "dds"
"ui\common\game\ping_edge\ping_edge_red_br_down.dds"                          , "52"   , "52"    , "dds"
"ui\common\game\ping_edge\ping_edge_red_br_over.dds"                          , "52"   , "52"    , "dds"
"ui\common\game\ping_edge\ping_edge_red_br_up.dds"                            , "52"   , "52"    , "dds"
"ui\common\game\ping_edge\ping_edge_red_glow.dds"                             , "52"   , "52"    , "dds"
"ui\common\game\ping_edge\ping_edge_red_l_down.dds"                           , "52"   , "52"    , "dds"
"ui\common\game\ping_edge\ping_edge_red_l_over.dds"                           , "52"   , "52"    , "dds"
"ui\common\game\ping_edge\ping_edge_red_l_up.dds"                             , "52"   , "52"    , "dds"
"ui\common\game\ping_edge\ping_edge_red_r_down.dds"                           , "52"   , "52"    , "dds"
"ui\common\game\ping_edge\ping_edge_red_r_over.dds"                           , "52"   , "52"    , "dds"
"ui\common\game\ping_edge\ping_edge_red_r_up.dds"                             , "52"   , "52"    , "dds"
"ui\common\game\ping_edge\ping_edge_red_t_down.dds"                           , "52"   , "52"    , "dds"
"ui\common\game\ping_edge\ping_edge_red_t_over.dds"                           , "52"   , "52"    , "dds"
"ui\common\game\ping_edge\ping_edge_red_t_up.dds"                             , "52"   , "52"    , "dds"
"ui\common\game\ping_edge\ping_edge_red_tl_down.dds"                          , "52"   , "52"    , "dds"
"ui\common\game\ping_edge\ping_edge_red_tl_over.dds"                          , "52"   , "52"    , "dds"
"ui\common\game\ping_edge\ping_edge_red_tl_up.dds"                            , "52"   , "52"    , "dds"
"ui\common\game\ping_edge\ping_edge_red_tr_down.dds"                          , "52"   , "52"    , "dds"
"ui\common\game\ping_edge\ping_edge_red_tr_over.dds"                          , "52"   , "52"    , "dds"
"ui\common\game\ping_edge\ping_edge_red_tr_up.dds"                            , "52"   , "52"    , "dds"
"ui\common\game\ping_edge\ping_edge_yellow_b_down.dds"                        , "52"   , "52"    , "dds"
"ui\common\game\ping_edge\ping_edge_yellow_b_over.dds"                        , "52"   , "52"    , "dds"
"ui\common\game\ping_edge\ping_edge_yellow_b_up.dds"                          , "52"   , "52"    , "dds"
"ui\common\game\ping_edge\ping_edge_yellow_bl_down.dds"                       , "52"   , "52"    , "dds"
"ui\common\game\ping_edge\ping_edge_yellow_bl_over.dds"                       , "52"   , "52"    , "dds"
"ui\common\game\ping_edge\ping_edge_yellow_bl_up.dds"                         , "52"   , "52"    , "dds"
"ui\common\game\ping_edge\ping_edge_yellow_br_down.dds"                       , "52"   , "52"    , "dds"
"ui\common\game\ping_edge\ping_edge_yellow_br_over.dds"                       , "52"   , "52"    , "dds"
"ui\common\game\ping_edge\ping_edge_yellow_br_up.dds"                         , "52"   , "52"    , "dds"
"ui\common\game\ping_edge\ping_edge_yellow_glow.dds"                          , "52"   , "52"    , "dds"
"ui\common\game\ping_edge\ping_edge_yellow_l_down.dds"                        , "52"   , "52"    , "dds"
"ui\common\game\ping_edge\ping_edge_yellow_l_over.dds"                        , "52"   , "52"    , "dds"
"ui\common\game\ping_edge\ping_edge_yellow_l_up.dds"                          , "52"   , "52"    , "dds"
"ui\common\game\ping_edge\ping_edge_yellow_r_down.dds"                        , "52"   , "52"    , "dds"
"ui\common\game\ping_edge\ping_edge_yellow_r_over.dds"                        , "52"   , "52"    , "dds"
"ui\common\game\ping_edge\ping_edge_yellow_r_up.dds"                          , "52"   , "52"    , "dds"
"ui\common\game\ping_edge\ping_edge_yellow_t_down.dds"                        , "52"   , "52"    , "dds"
"ui\common\game\ping_edge\ping_edge_yellow_t_over.dds"                        , "52"   , "52"    , "dds"
"ui\common\game\ping_edge\ping_edge_yellow_t_up.dds"                          , "52"   , "52"    , "dds"
"ui\common\game\ping_edge\ping_edge_yellow_tl_down.dds"                       , "52"   , "52"    , "dds"
"ui\common\game\ping_edge\ping_edge_yellow_tl_over.dds"                       , "52"   , "52"    , "dds"
"ui\common\game\ping_edge\ping_edge_yellow_tl_up.dds"                         , "52"   , "52"    , "dds"
"ui\common\game\ping_edge\ping_edge_yellow_tr_down.dds"                       , "52"   , "52"    , "dds"
"ui\common\game\ping_edge\ping_edge_yellow_tr_over.dds"                       , "52"   , "52"    , "dds"
"ui\common\game\ping_edge\ping_edge_yellow_tr_up.dds"                         , "52"   , "52"    , "dds"
"ui\common\game\ping_marker\ping_marker-01.dds"                               , "20"   , "20"    , "dds"
"ui\common\game\ping_marker\ping_marker-02.dds"                               , "20"   , "20"    , "dds"
"ui\common\game\ping-info-panel\bg-left.dds"                                  , "24"   , "36"    , "dds"
"ui\common\game\ping-info-panel\bg-mid.dds"                                   , "32"   , "40"    , "dds"
"ui\common\game\ping-info-panel\bg-right.dds"                                 , "24"   , "36"    , "dds"
"ui\common\game\ping-info-panel\bg-stretch.dds"                               , "8"    , "36"    , "dds"
"ui\common\game\pinggroup\border-group.dds"                                   , "100"  , "100"   , "dds"
"ui\common\game\que_bmp\que_bmp_l.dds"                                        , "80"   , "80"    , "dds"
"ui\common\game\que_bmp\que_bmp_m.dds"                                        , "80"   , "80"    , "dds"
"ui\common\game\que_bmp\que_bmp_r.dds"                                        , "80"   , "80"    , "dds"
"ui\common\game\que_bmp\que-02_bmp_l.dds"                                     , "80"   , "80"    , "dds"
"ui\common\game\que_bmp\que-02_bmp_m.dds"                                     , "80"   , "80"    , "dds"
"ui\common\game\que_bmp\que-02_bmp_r.dds"                                     , "80"   , "80"    , "dds"
"ui\common\game\que_bmp\scroll-back_bmp.dds"                                  , "64"   , "32"    , "dds"
"ui\common\game\que-vertical_bmp\que_bmp_b.dds"                               , "236"  , "16"    , "dds"
"ui\common\game\que-vertical_bmp\que_bmp_m.dds"                               , "236"  , "16"    , "dds"
"ui\common\game\que-vertical_bmp\que_bmp_t.dds"                               , "236"  , "16"    , "dds"
"ui\common\game\que-vertical_bmp\que-02_bmp_b.dds"                            , "236"  , "16"    , "dds"
"ui\common\game\que-vertical_bmp\que-02_bmp_m.dds"                            , "236"  , "16"    , "dds"
"ui\common\game\que-vertical_bmp\que-02_bmp_t.dds"                            , "236"  , "16"    , "dds"
"ui\common\game\que-vertical_bmp\scroll-back_bmp.dds"                         , "60"   , "28"    , "dds"
"ui\common\game\replay-vertical\panel_bmp.dds"                                , "220"  , "160"   , "dds"
"ui\common\game\replay\game-speed-bmp.dds"                                    , "116"  , "20"    , "dds"
"ui\common\game\replay\panel_bmp.dds"                                         , "160"  , "220"   , "dds"
"ui\common\game\replay\slider-ticks_bmp.dds"                                  , "104"  , "8"     , "dds"
"ui\common\game\resource-mini-bars\mini-energy-bar_bmp.dds"                   , "76"   , "16"    , "dds"
"ui\common\game\resource-mini-bars\mini-energy-bar-back_bmp.dds"              , "76"   , "16"    , "dds"
"ui\common\game\resource-mini-bars\mini-mass-bar_bmp.dds"                     , "76"   , "16"    , "dds"
"ui\common\game\resource-mini-bars\mini-mass-bar-back_bmp.dds"                , "76"   , "16"    , "dds"
"ui\common\game\resource-tutorial\resource_tutorial_bmp.dds"                  , "664"  , "140"   , "dds"
"ui\common\game\resources\center_bmp_l.dds"                                   , "8"    , "36"    , "dds"
"ui\common\game\resources\center_bmp_m.dds"                                   , "268"  , "44"    , "dds"
"ui\common\game\resources\center_bmp_r.dds"                                   , "8"    , "36"    , "dds"
"ui\common\game\resources\center02_bmp_l.dds"                                 , "4"    , "36"    , "dds"
"ui\common\game\resources\center02_bmp_m.dds"                                 , "276"  , "48"    , "dds"
"ui\common\game\resources\center02_bmp_r.dds"                                 , "4"    , "36"    , "dds"
"ui\common\game\resources\energy_btn_dis.dds"                                 , "60"   , "60"    , "dds"
"ui\common\game\resources\energy_btn_down.dds"                                , "72"   , "64"    , "dds"
"ui\common\game\resources\energy_btn_over.dds"                                , "68"   , "60"    , "dds"
"ui\common\game\resources\energy_btn_up.dds"                                  , "56"   , "56"    , "dds"
"ui\common\game\resources\energy-advanced_bmp.dds"                            , "48"   , "36"    , "dds"
"ui\common\game\resources\energy-back_bmp.dds"                                , "392"  , "60"    , "dds"
"ui\common\game\resources\energy-bar_bmp.dds"                                 , "192"  , "12"    , "dds"
"ui\common\game\resources\energy-bar-back_bmp.dds"                            , "192"  , "12"    , "dds"
"ui\common\game\resources\energy-bar-edge_bmp.dds"                            , "140"  , "40"    , "dds"
"ui\common\game\resources\mass_btn_dis.dds"                                   , "64"   , "56"    , "dds"
"ui\common\game\resources\mass_btn_down.dds"                                  , "68"   , "60"    , "dds"
"ui\common\game\resources\mass_btn_over.dds"                                  , "68"   , "60"    , "dds"
"ui\common\game\resources\mass_btn_up.dds"                                    , "72"   , "60"    , "dds"
"ui\common\game\resources\mass-advanced_bmp.dds"                              , "48"   , "36"    , "dds"
"ui\common\game\resources\mass-advanced_over_bmp.dds"                         , "52"   , "36"    , "dds"
"ui\common\game\resources\mass-back_bmp.dds"                                  , "396"  , "48"    , "dds"
"ui\common\game\resources\mass-bar_bmp.dds"                                   , "192"  , "12"    , "dds"
"ui\common\game\resources\mass-bar-back_bmp.dds"                              , "192"  , "12"    , "dds"
"ui\common\game\resources\mass-bar-edge_bmp.dds"                              , "52"   , "40"    , "dds"
"ui\common\game\resources\resource_rate_bmp.dds"                              , "72"   , "40"    , "dds"
"ui\common\game\resources\resource_rate_over_bmp.dds"                         , "72"   , "40"    , "dds"
"ui\common\game\selection-bracket\selection-bracket_bmp.dds"                  , "48"   , "44"    , "dds"
"ui\common\game\selection-bracket\selection-bracket-glow_bmp.dds"             , "64"   , "64"    , "dds"
"ui\common\game\selection-bracket\selection-bracket-white_bmp.dds"            , "48"   , "44"    , "dds"
"ui\common\game\selection\selection_brackets_enemy_highlighted.dds"           , "128"  , "128"   , "dds"
"ui\common\game\selection\selection_brackets_enemy.dds"                       , "128"  , "128"   , "dds"
"ui\common\game\selection\selection_brackets_neutral_highlighted.dds"         , "128"  , "128"   , "dds"
"ui\common\game\selection\selection_brackets_neutral.dds"                     , "128"  , "128"   , "dds"
"ui\common\game\selection\selection_brackets_player_highlighted.dds"          , "128"  , "128"   , "dds"
"ui\common\game\selection\selection_brackets_player.dds"                      , "128"  , "128"   , "dds"
"ui\common\game\selection\selection.dds"                                      , "100"  , "100"   , "dds"
"ui\common\game\seraphim-enhancements\adss_btn_down.dds"                      , "64"   , "64"    , "dds"
"ui\common\game\seraphim-enhancements\adss_btn_over.dds"                      , "64"   , "64"    , "dds"
"ui\common\game\seraphim-enhancements\adss_btn_sel.dds"                       , "64"   , "64"    , "dds"
"ui\common\game\seraphim-enhancements\adss_btn_up.dds"                        , "64"   , "64"    , "dds"
"ui\common\game\seraphim-enhancements\aes_btn_down.dds"                       , "64"   , "64"    , "dds"
"ui\common\game\seraphim-enhancements\aes_btn_over.dds"                       , "64"   , "64"    , "dds"
"ui\common\game\seraphim-enhancements\aes_btn_sel.dds"                        , "64"   , "64"    , "dds"
"ui\common\game\seraphim-enhancements\aes_btn_up.dds"                         , "64"   , "64"    , "dds"
"ui\common\game\seraphim-enhancements\anrf_btn_down.dds"                      , "64"   , "64"    , "dds"
"ui\common\game\seraphim-enhancements\anrf_btn_over.dds"                      , "64"   , "64"    , "dds"
"ui\common\game\seraphim-enhancements\anrf_btn_sel.dds"                       , "64"   , "64"    , "dds"
"ui\common\game\seraphim-enhancements\anrf_btn_up.dds"                        , "64"   , "64"    , "dds"
"ui\common\game\seraphim-enhancements\cba_btn_down.dds"                       , "64"   , "64"    , "dds"
"ui\common\game\seraphim-enhancements\cba_btn_over.dds"                       , "64"   , "64"    , "dds"
"ui\common\game\seraphim-enhancements\cba_btn_sel.dds"                        , "64"   , "64"    , "dds"
"ui\common\game\seraphim-enhancements\cba_btn_up.dds"                         , "64"   , "64"    , "dds"
"ui\common\game\seraphim-enhancements\dss_btn_down.dds"                       , "64"   , "64"    , "dds"
"ui\common\game\seraphim-enhancements\dss_btn_over.dds"                       , "64"   , "64"    , "dds"
"ui\common\game\seraphim-enhancements\dss_btn_sel.dds"                        , "64"   , "64"    , "dds"
"ui\common\game\seraphim-enhancements\dss_btn_up.dds"                         , "64"   , "64"    , "dds"
"ui\common\game\seraphim-enhancements\ees_btn_down.dds"                       , "64"   , "64"    , "dds"
"ui\common\game\seraphim-enhancements\ees_btn_over.dds"                       , "64"   , "64"    , "dds"
"ui\common\game\seraphim-enhancements\ees_btn_sel.dds"                        , "64"   , "64"    , "dds"
"ui\common\game\seraphim-enhancements\ees_btn_up.dds"                         , "64"   , "64"    , "dds"
"ui\common\game\seraphim-enhancements\efm_btn_down.dds"                       , "64"   , "64"    , "dds"
"ui\common\game\seraphim-enhancements\efm_btn_over.dds"                       , "64"   , "64"    , "dds"
"ui\common\game\seraphim-enhancements\efm_btn_sel.dds"                        , "64"   , "64"    , "dds"
"ui\common\game\seraphim-enhancements\efm_btn_up.dds"                         , "64"   , "64"    , "dds"
"ui\common\game\seraphim-enhancements\eras_btn_down.dds"                      , "64"   , "64"    , "dds"
"ui\common\game\seraphim-enhancements\eras_btn_over.dds"                      , "64"   , "64"    , "dds"
"ui\common\game\seraphim-enhancements\eras_btn_sel.dds"                       , "64"   , "64"    , "dds"
"ui\common\game\seraphim-enhancements\eras_btn_up.dds"                        , "64"   , "64"    , "dds"
"ui\common\game\seraphim-enhancements\hsa_btn_down.dds"                       , "64"   , "64"    , "dds"
"ui\common\game\seraphim-enhancements\hsa_btn_over.dds"                       , "64"   , "64"    , "dds"
"ui\common\game\seraphim-enhancements\hsa_btn_sel.dds"                        , "64"   , "64"    , "dds"
"ui\common\game\seraphim-enhancements\hsa_btn_up.dds"                         , "64"   , "64"    , "dds"
"ui\common\game\seraphim-enhancements\nrf_btn_down.dds"                       , "64"   , "64"    , "dds"
"ui\common\game\seraphim-enhancements\nrf_btn_over.dds"                       , "64"   , "64"    , "dds"
"ui\common\game\seraphim-enhancements\nrf_btn_sel.dds"                        , "64"   , "64"    , "dds"
"ui\common\game\seraphim-enhancements\nrf_btn_up.dds"                         , "64"   , "64"    , "dds"
"ui\common\game\seraphim-enhancements\oc_btn_down.dds"                        , "64"   , "64"    , "dds"
"ui\common\game\seraphim-enhancements\oc_btn_over.dds"                        , "64"   , "64"    , "dds"
"ui\common\game\seraphim-enhancements\oc_btn_sel.dds"                         , "64"   , "64"    , "dds"
"ui\common\game\seraphim-enhancements\oc_btn_up.dds"                          , "64"   , "64"    , "dds"
"ui\common\game\seraphim-enhancements\pqt_btn_down.dds"                       , "64"   , "64"    , "dds"
"ui\common\game\seraphim-enhancements\pqt_btn_over.dds"                       , "64"   , "64"    , "dds"
"ui\common\game\seraphim-enhancements\pqt_btn_sel.dds"                        , "64"   , "64"    , "dds"
"ui\common\game\seraphim-enhancements\pqt_btn_up.dds"                         , "64"   , "64"    , "dds"
"ui\common\game\seraphim-enhancements\ras_btn_down.dds"                       , "64"   , "64"    , "dds"
"ui\common\game\seraphim-enhancements\ras_btn_over.dds"                       , "64"   , "64"    , "dds"
"ui\common\game\seraphim-enhancements\ras_btn_sel.dds"                        , "64"   , "64"    , "dds"
"ui\common\game\seraphim-enhancements\ras_btn_up.dds"                         , "64"   , "64"    , "dds"
"ui\common\game\seraphim-enhancements\sp_btn_down.dds"                        , "64"   , "64"    , "dds"
"ui\common\game\seraphim-enhancements\sp_btn_over.dds"                        , "64"   , "64"    , "dds"
"ui\common\game\seraphim-enhancements\sp_btn_sel.dds"                         , "64"   , "64"    , "dds"
"ui\common\game\seraphim-enhancements\sp_btn_up.dds"                          , "64"   , "64"    , "dds"
"ui\common\game\seraphim-enhancements\sre_btn_down.dds"                       , "64"   , "64"    , "dds"
"ui\common\game\seraphim-enhancements\sre_btn_over.dds"                       , "64"   , "64"    , "dds"
"ui\common\game\seraphim-enhancements\sre_btn_sel.dds"                        , "64"   , "64"    , "dds"
"ui\common\game\seraphim-enhancements\sre_btn_up.dds"                         , "64"   , "64"    , "dds"
"ui\common\game\seraphim-enhancements\ss_btn_down.dds"                        , "64"   , "64"    , "dds"
"ui\common\game\seraphim-enhancements\ss_btn_over.dds"                        , "64"   , "64"    , "dds"
"ui\common\game\seraphim-enhancements\ss_btn_sel.dds"                         , "64"   , "64"    , "dds"
"ui\common\game\seraphim-enhancements\ss_btn_up.dds"                          , "64"   , "64"    , "dds"
"ui\common\game\seraphim-enhancements\tml_btn_down.dds"                       , "64"   , "64"    , "dds"
"ui\common\game\seraphim-enhancements\tml_btn_over.dds"                       , "64"   , "64"    , "dds"
"ui\common\game\seraphim-enhancements\tml_btn_sel.dds"                        , "64"   , "64"    , "dds"
"ui\common\game\seraphim-enhancements\tml_btn_up.dds"                         , "64"   , "64"    , "dds"
"ui\common\game\seraphim-enhancements\tmu_btn_down.dds"                       , "64"   , "64"    , "dds"
"ui\common\game\seraphim-enhancements\tmu_btn_over.dds"                       , "64"   , "64"    , "dds"
"ui\common\game\seraphim-enhancements\tmu_btn_sel.dds"                        , "64"   , "64"    , "dds"
"ui\common\game\seraphim-enhancements\tmu_btn_up.dds"                         , "64"   , "64"    , "dds"
"ui\common\game\small-side_scr\arrow-left_scr_dis.dds"                        , "36"   , "36"    , "dds"
"ui\common\game\small-side_scr\arrow-left_scr_down.dds"                       , "36"   , "36"    , "dds"
"ui\common\game\small-side_scr\arrow-left_scr_over.dds"                       , "36"   , "36"    , "dds"
"ui\common\game\small-side_scr\arrow-left_scr_up.dds"                         , "36"   , "36"    , "dds"
"ui\common\game\small-side_scr\arrow-right_scr_dis.dds"                       , "36"   , "36"    , "dds"
"ui\common\game\small-side_scr\arrow-right_scr_down.dds"                      , "36"   , "36"    , "dds"
"ui\common\game\small-side_scr\arrow-right_scr_over.dds"                      , "36"   , "36"    , "dds"
"ui\common\game\small-side_scr\arrow-right_scr_up.dds"                        , "36"   , "36"    , "dds"
"ui\common\game\small-vert_scr\arrow-down_scr_dis.dds"                        , "36"   , "36"    , "dds"
"ui\common\game\small-vert_scr\arrow-down_scr_down.dds"                       , "36"   , "36"    , "dds"
"ui\common\game\small-vert_scr\arrow-down_scr_over.dds"                       , "36"   , "36"    , "dds"
"ui\common\game\small-vert_scr\arrow-down_scr_up.dds"                         , "36"   , "36"    , "dds"
"ui\common\game\small-vert_scr\arrow-up_scr_dis.dds"                          , "36"   , "36"    , "dds"
"ui\common\game\small-vert_scr\arrow-up_scr_down.dds"                         , "36"   , "36"    , "dds"
"ui\common\game\small-vert_scr\arrow-up_scr_over.dds"                         , "36"   , "36"    , "dds"
"ui\common\game\small-vert_scr\arrow-up_scr_up.dds"                           , "36"   , "36"    , "dds"
"ui\common\game\strategicicons\icon_bomber_antinavy_over.dds"                 , "20"   , "12"    , "dds"
"ui\common\game\strategicicons\icon_bomber_antinavy_rest.dds"                 , "20"   , "12"    , "dds"
"ui\common\game\strategicicons\icon_bomber_antinavy_selected.dds"             , "24"   , "16"    , "dds"
"ui\common\game\strategicicons\icon_bomber_antinavy_selectedover.dds"         , "24"   , "16"    , "dds"
"ui\common\game\strategicicons\icon_bomber_directfire_over.dds"               , "20"   , "12"    , "dds"
"ui\common\game\strategicicons\icon_bomber_directfire_rest.dds"               , "20"   , "12"    , "dds"
"ui\common\game\strategicicons\icon_bomber_directfire_selected.dds"           , "24"   , "16"    , "dds"
"ui\common\game\strategicicons\icon_bomber_directfire_selectedover.dds"       , "24"   , "16"    , "dds"
"ui\common\game\strategicicons\icon_bomber_generic_over.dds"                  , "20"   , "12"    , "dds"
"ui\common\game\strategicicons\icon_bomber_generic_rest.dds"                  , "20"   , "12"    , "dds"
"ui\common\game\strategicicons\icon_bomber_generic_selected.dds"              , "24"   , "16"    , "dds"
"ui\common\game\strategicicons\icon_bomber_generic_selectedover.dds"          , "24"   , "16"    , "dds"
"ui\common\game\strategicicons\icon_bomber1_antinavy_over.dds"                , "20"   , "16"    , "dds"
"ui\common\game\strategicicons\icon_bomber1_antinavy_rest.dds"                , "20"   , "16"    , "dds"
"ui\common\game\strategicicons\icon_bomber1_antinavy_selected.dds"            , "24"   , "16"    , "dds"
"ui\common\game\strategicicons\icon_bomber1_antinavy_selectedover.dds"        , "24"   , "16"    , "dds"
"ui\common\game\strategicicons\icon_bomber1_directfire_over.dds"              , "20"   , "16"    , "dds"
"ui\common\game\strategicicons\icon_bomber1_directfire_rest.dds"              , "20"   , "16"    , "dds"
"ui\common\game\strategicicons\icon_bomber1_directfire_selected.dds"          , "24"   , "16"    , "dds"
"ui\common\game\strategicicons\icon_bomber1_directfire_selectedover.dds"      , "24"   , "16"    , "dds"
"ui\common\game\strategicicons\icon_bomber1_generic_over.dds"                 , "20"   , "16"    , "dds"
"ui\common\game\strategicicons\icon_bomber1_generic_rest.dds"                 , "20"   , "16"    , "dds"
"ui\common\game\strategicicons\icon_bomber1_generic_selected.dds"             , "24"   , "16"    , "dds"
"ui\common\game\strategicicons\icon_bomber1_generic_selectedover.dds"         , "24"   , "16"    , "dds"
"ui\common\game\strategicicons\icon_bomber2_antinavy_over.dds"                , "20"   , "16"    , "dds"
"ui\common\game\strategicicons\icon_bomber2_antinavy_rest.dds"                , "20"   , "16"    , "dds"
"ui\common\game\strategicicons\icon_bomber2_antinavy_selected.dds"            , "24"   , "16"    , "dds"
"ui\common\game\strategicicons\icon_bomber2_antinavy_selectedover.dds"        , "24"   , "16"    , "dds"
"ui\common\game\strategicicons\icon_bomber2_directfire_over.dds"              , "20"   , "16"    , "dds"
"ui\common\game\strategicicons\icon_bomber2_directfire_rest.dds"              , "20"   , "16"    , "dds"
"ui\common\game\strategicicons\icon_bomber2_directfire_selected.dds"          , "24"   , "16"    , "dds"
"ui\common\game\strategicicons\icon_bomber2_directfire_selectedover.dds"      , "24"   , "16"    , "dds"
"ui\common\game\strategicicons\icon_bomber2_generic_over.dds"                 , "20"   , "16"    , "dds"
"ui\common\game\strategicicons\icon_bomber2_generic_rest.dds"                 , "20"   , "16"    , "dds"
"ui\common\game\strategicicons\icon_bomber2_generic_selected.dds"             , "24"   , "16"    , "dds"
"ui\common\game\strategicicons\icon_bomber2_generic_selectedover.dds"         , "24"   , "16"    , "dds"
"ui\common\game\strategicicons\icon_bomber3_antinavy_over.dds"                , "20"   , "16"    , "dds"
"ui\common\game\strategicicons\icon_bomber3_antinavy_rest.dds"                , "20"   , "16"    , "dds"
"ui\common\game\strategicicons\icon_bomber3_antinavy_selected.dds"            , "24"   , "16"    , "dds"
"ui\common\game\strategicicons\icon_bomber3_antinavy_selectedover.dds"        , "24"   , "16"    , "dds"
"ui\common\game\strategicicons\icon_bomber3_directfire_over.dds"              , "20"   , "16"    , "dds"
"ui\common\game\strategicicons\icon_bomber3_directfire_rest.dds"              , "20"   , "16"    , "dds"
"ui\common\game\strategicicons\icon_bomber3_directfire_selected.dds"          , "24"   , "16"    , "dds"
"ui\common\game\strategicicons\icon_bomber3_directfire_selectedover.dds"      , "24"   , "16"    , "dds"
"ui\common\game\strategicicons\icon_bomber3_generic_over.dds"                 , "20"   , "16"    , "dds"
"ui\common\game\strategicicons\icon_bomber3_generic_rest.dds"                 , "20"   , "16"    , "dds"
"ui\common\game\strategicicons\icon_bomber3_generic_selected.dds"             , "24"   , "16"    , "dds"
"ui\common\game\strategicicons\icon_bomber3_generic_selectedover.dds"         , "24"   , "16"    , "dds"
"ui\common\game\strategicicons\icon_bot_antiair_over.dds"                     , "16"   , "12"    , "dds"
"ui\common\game\strategicicons\icon_bot_antiair_rest.dds"                     , "16"   , "12"    , "dds"
"ui\common\game\strategicicons\icon_bot_antiair_selected.dds"                 , "20"   , "16"    , "dds"
"ui\common\game\strategicicons\icon_bot_antiair_selectedover.dds"             , "20"   , "16"    , "dds"
"ui\common\game\strategicicons\icon_bot_artillery_over.dds"                   , "16"   , "12"    , "dds"
"ui\common\game\strategicicons\icon_bot_artillery_rest.dds"                   , "16"   , "12"    , "dds"
"ui\common\game\strategicicons\icon_bot_artillery_selected.dds"               , "20"   , "16"    , "dds"
"ui\common\game\strategicicons\icon_bot_artillery_selectedover.dds"           , "20"   , "16"    , "dds"
"ui\common\game\strategicicons\icon_bot_directfire_over.dds"                  , "16"   , "12"    , "dds"
"ui\common\game\strategicicons\icon_bot_directfire_rest.dds"                  , "16"   , "12"    , "dds"
"ui\common\game\strategicicons\icon_bot_directfire_selected.dds"              , "20"   , "16"    , "dds"
"ui\common\game\strategicicons\icon_bot_directfire_selectedover.dds"          , "20"   , "16"    , "dds"
"ui\common\game\strategicicons\icon_bot_engineer_over.dds"                    , "16"   , "12"    , "dds"
"ui\common\game\strategicicons\icon_bot_engineer_rest.dds"                    , "16"   , "12"    , "dds"
"ui\common\game\strategicicons\icon_bot_engineer_selected.dds"                , "20"   , "16"    , "dds"
"ui\common\game\strategicicons\icon_bot_engineer_selectedover.dds"            , "20"   , "16"    , "dds"
"ui\common\game\strategicicons\icon_bot_generic_over.dds"                     , "16"   , "12"    , "dds"
"ui\common\game\strategicicons\icon_bot_generic_rest.dds"                     , "16"   , "12"    , "dds"
"ui\common\game\strategicicons\icon_bot_generic_selected.dds"                 , "20"   , "16"    , "dds"
"ui\common\game\strategicicons\icon_bot_generic_selectedover.dds"             , "20"   , "16"    , "dds"
"ui\common\game\strategicicons\icon_bot_intel_over.dds"                       , "16"   , "12"    , "dds"
"ui\common\game\strategicicons\icon_bot_intel_rest.dds"                       , "16"   , "12"    , "dds"
"ui\common\game\strategicicons\icon_bot_intel_selected.dds"                   , "20"   , "16"    , "dds"
"ui\common\game\strategicicons\icon_bot_intel_selectedover.dds"               , "20"   , "16"    , "dds"
"ui\common\game\strategicicons\icon_bot1_antiair_over.dds"                    , "16"   , "12"    , "dds"
"ui\common\game\strategicicons\icon_bot1_antiair_rest.dds"                    , "16"   , "12"    , "dds"
"ui\common\game\strategicicons\icon_bot1_antiair_selected.dds"                , "20"   , "16"    , "dds"
"ui\common\game\strategicicons\icon_bot1_antiair_selectedover.dds"            , "20"   , "16"    , "dds"
"ui\common\game\strategicicons\icon_bot1_artillery_over.dds"                  , "16"   , "12"    , "dds"
"ui\common\game\strategicicons\icon_bot1_artillery_rest.dds"                  , "16"   , "12"    , "dds"
"ui\common\game\strategicicons\icon_bot1_artillery_selected.dds"              , "20"   , "16"    , "dds"
"ui\common\game\strategicicons\icon_bot1_artillery_selectedover.dds"          , "20"   , "16"    , "dds"
"ui\common\game\strategicicons\icon_bot1_directfire_over.dds"                 , "16"   , "12"    , "dds"
"ui\common\game\strategicicons\icon_bot1_directfire_rest.dds"                 , "16"   , "12"    , "dds"
"ui\common\game\strategicicons\icon_bot1_directfire_selected.dds"             , "20"   , "16"    , "dds"
"ui\common\game\strategicicons\icon_bot1_directfire_selectedover.dds"         , "20"   , "16"    , "dds"
"ui\common\game\strategicicons\icon_bot1_engineer_over.dds"                   , "16"   , "12"    , "dds"
"ui\common\game\strategicicons\icon_bot1_engineer_rest.dds"                   , "16"   , "12"    , "dds"
"ui\common\game\strategicicons\icon_bot1_engineer_selected.dds"               , "20"   , "16"    , "dds"
"ui\common\game\strategicicons\icon_bot1_engineer_selectedover.dds"           , "20"   , "16"    , "dds"
"ui\common\game\strategicicons\icon_bot1_generic_over.dds"                    , "16"   , "12"    , "dds"
"ui\common\game\strategicicons\icon_bot1_generic_rest.dds"                    , "16"   , "12"    , "dds"
"ui\common\game\strategicicons\icon_bot1_generic_selected.dds"                , "20"   , "16"    , "dds"
"ui\common\game\strategicicons\icon_bot1_generic_selectedover.dds"            , "20"   , "16"    , "dds"
"ui\common\game\strategicicons\icon_bot1_intel_over.dds"                      , "16"   , "12"    , "dds"
"ui\common\game\strategicicons\icon_bot1_intel_rest.dds"                      , "16"   , "12"    , "dds"
"ui\common\game\strategicicons\icon_bot1_intel_selected.dds"                  , "20"   , "16"    , "dds"
"ui\common\game\strategicicons\icon_bot1_intel_selectedover.dds"              , "20"   , "16"    , "dds"
"ui\common\game\strategicicons\icon_bot2_antiair_over.dds"                    , "16"   , "12"    , "dds"
"ui\common\game\strategicicons\icon_bot2_antiair_rest.dds"                    , "16"   , "12"    , "dds"
"ui\common\game\strategicicons\icon_bot2_antiair_selected.dds"                , "20"   , "16"    , "dds"
"ui\common\game\strategicicons\icon_bot2_antiair_selectedover.dds"            , "20"   , "16"    , "dds"
"ui\common\game\strategicicons\icon_bot2_artillery_over.dds"                  , "16"   , "12"    , "dds"
"ui\common\game\strategicicons\icon_bot2_artillery_rest.dds"                  , "16"   , "12"    , "dds"
"ui\common\game\strategicicons\icon_bot2_artillery_selected.dds"              , "20"   , "16"    , "dds"
"ui\common\game\strategicicons\icon_bot2_artillery_selectedover.dds"          , "20"   , "16"    , "dds"
"ui\common\game\strategicicons\icon_bot2_directfire_over.dds"                 , "16"   , "12"    , "dds"
"ui\common\game\strategicicons\icon_bot2_directfire_rest.dds"                 , "16"   , "12"    , "dds"
"ui\common\game\strategicicons\icon_bot2_directfire_selected.dds"             , "20"   , "16"    , "dds"
"ui\common\game\strategicicons\icon_bot2_directfire_selectedover.dds"         , "20"   , "16"    , "dds"
"ui\common\game\strategicicons\icon_bot2_engineer_over.dds"                   , "16"   , "12"    , "dds"
"ui\common\game\strategicicons\icon_bot2_engineer_rest.dds"                   , "16"   , "12"    , "dds"
"ui\common\game\strategicicons\icon_bot2_engineer_selected.dds"               , "20"   , "16"    , "dds"
"ui\common\game\strategicicons\icon_bot2_engineer_selectedover.dds"           , "20"   , "16"    , "dds"
"ui\common\game\strategicicons\icon_bot2_generic_over.dds"                    , "16"   , "12"    , "dds"
"ui\common\game\strategicicons\icon_bot2_generic_rest.dds"                    , "16"   , "12"    , "dds"
"ui\common\game\strategicicons\icon_bot2_generic_selected.dds"                , "20"   , "16"    , "dds"
"ui\common\game\strategicicons\icon_bot2_generic_selectedover.dds"            , "20"   , "16"    , "dds"
"ui\common\game\strategicicons\icon_bot2_intel_over.dds"                      , "16"   , "12"    , "dds"
"ui\common\game\strategicicons\icon_bot2_intel_rest.dds"                      , "16"   , "12"    , "dds"
"ui\common\game\strategicicons\icon_bot2_intel_selected.dds"                  , "20"   , "16"    , "dds"
"ui\common\game\strategicicons\icon_bot2_intel_selectedover.dds"              , "20"   , "16"    , "dds"
"ui\common\game\strategicicons\icon_bot3_antiair_over.dds"                    , "16"   , "12"    , "dds"
"ui\common\game\strategicicons\icon_bot3_antiair_rest.dds"                    , "16"   , "12"    , "dds"
"ui\common\game\strategicicons\icon_bot3_antiair_selected.dds"                , "20"   , "16"    , "dds"
"ui\common\game\strategicicons\icon_bot3_antiair_selectedover.dds"            , "20"   , "16"    , "dds"
"ui\common\game\strategicicons\icon_bot3_artillery_over.dds"                  , "16"   , "12"    , "dds"
"ui\common\game\strategicicons\icon_bot3_artillery_rest.dds"                  , "16"   , "12"    , "dds"
"ui\common\game\strategicicons\icon_bot3_artillery_selected.dds"              , "20"   , "16"    , "dds"
"ui\common\game\strategicicons\icon_bot3_artillery_selectedover.dds"          , "20"   , "16"    , "dds"
"ui\common\game\strategicicons\icon_bot3_directfire_over.dds"                 , "16"   , "12"    , "dds"
"ui\common\game\strategicicons\icon_bot3_directfire_rest.dds"                 , "16"   , "12"    , "dds"
"ui\common\game\strategicicons\icon_bot3_directfire_selected.dds"             , "20"   , "16"    , "dds"
"ui\common\game\strategicicons\icon_bot3_directfire_selectedover.dds"         , "20"   , "16"    , "dds"
"ui\common\game\strategicicons\icon_bot3_engineer_over.dds"                   , "16"   , "12"    , "dds"
"ui\common\game\strategicicons\icon_bot3_engineer_rest.dds"                   , "16"   , "12"    , "dds"
"ui\common\game\strategicicons\icon_bot3_engineer_selected.dds"               , "20"   , "16"    , "dds"
"ui\common\game\strategicicons\icon_bot3_engineer_selectedover.dds"           , "20"   , "16"    , "dds"
"ui\common\game\strategicicons\icon_bot3_generic_over.dds"                    , "16"   , "12"    , "dds"
"ui\common\game\strategicicons\icon_bot3_generic_rest.dds"                    , "16"   , "12"    , "dds"
"ui\common\game\strategicicons\icon_bot3_generic_selected.dds"                , "20"   , "16"    , "dds"
"ui\common\game\strategicicons\icon_bot3_generic_selectedover.dds"            , "20"   , "16"    , "dds"
"ui\common\game\strategicicons\icon_bot3_intel_over.dds"                      , "16"   , "12"    , "dds"
"ui\common\game\strategicicons\icon_bot3_intel_rest.dds"                      , "16"   , "12"    , "dds"
"ui\common\game\strategicicons\icon_bot3_intel_selected.dds"                  , "20"   , "16"    , "dds"
"ui\common\game\strategicicons\icon_bot3_intel_selectedover.dds"              , "20"   , "16"    , "dds"
"ui\common\game\strategicicons\icon_commander_generic_over.dds"               , "12"   , "12"    , "dds"
"ui\common\game\strategicicons\icon_commander_generic_rest.dds"               , "12"   , "12"    , "dds"
"ui\common\game\strategicicons\icon_commander_generic_selected.dds"           , "16"   , "16"    , "dds"
"ui\common\game\strategicicons\icon_commander_generic_selectedover.dds"       , "16"   , "16"    , "dds"
"ui\common\game\strategicicons\icon_experimental_generic_over.dds"            , "12"   , "12"    , "dds"
"ui\common\game\strategicicons\icon_experimental_generic_rest.dds"            , "12"   , "12"    , "dds"
"ui\common\game\strategicicons\icon_experimental_generic_selected.dds"        , "16"   , "16"    , "dds"
"ui\common\game\strategicicons\icon_experimental_generic_selectedover.dds"    , "16"   , "16"    , "dds"
"ui\common\game\strategicicons\icon_factory_air_over.dds"                     , "16"   , "12"    , "dds"
"ui\common\game\strategicicons\icon_factory_air_rest.dds"                     , "16"   , "12"    , "dds"
"ui\common\game\strategicicons\icon_factory_air_selected.dds"                 , "20"   , "16"    , "dds"
"ui\common\game\strategicicons\icon_factory_air_selectedover.dds"             , "20"   , "16"    , "dds"
"ui\common\game\strategicicons\icon_factory_generic_over.dds"                 , "16"   , "12"    , "dds"
"ui\common\game\strategicicons\icon_factory_generic_rest.dds"                 , "16"   , "12"    , "dds"
"ui\common\game\strategicicons\icon_factory_generic_selected.dds"             , "20"   , "16"    , "dds"
"ui\common\game\strategicicons\icon_factory_generic_selectedover.dds"         , "20"   , "16"    , "dds"
"ui\common\game\strategicicons\icon_factory_land_over.dds"                    , "16"   , "12"    , "dds"
"ui\common\game\strategicicons\icon_factory_land_rest.dds"                    , "16"   , "12"    , "dds"
"ui\common\game\strategicicons\icon_factory_land_selected.dds"                , "20"   , "16"    , "dds"
"ui\common\game\strategicicons\icon_factory_land_selectedover.dds"            , "20"   , "16"    , "dds"
"ui\common\game\strategicicons\icon_factory_naval_over.dds"                   , "16"   , "12"    , "dds"
"ui\common\game\strategicicons\icon_factory_naval_rest.dds"                   , "16"   , "12"    , "dds"
"ui\common\game\strategicicons\icon_factory_naval_selected.dds"               , "20"   , "16"    , "dds"
"ui\common\game\strategicicons\icon_factory_naval_selectedover.dds"           , "20"   , "16"    , "dds"
"ui\common\game\strategicicons\icon_factory1_air_over.dds"                    , "16"   , "12"    , "dds"
"ui\common\game\strategicicons\icon_factory1_air_rest.dds"                    , "16"   , "12"    , "dds"
"ui\common\game\strategicicons\icon_factory1_air_selected.dds"                , "20"   , "16"    , "dds"
"ui\common\game\strategicicons\icon_factory1_air_selectedover.dds"            , "20"   , "16"    , "dds"
"ui\common\game\strategicicons\icon_factory1_generic_over.dds"                , "16"   , "12"    , "dds"
"ui\common\game\strategicicons\icon_factory1_generic_rest.dds"                , "16"   , "12"    , "dds"
"ui\common\game\strategicicons\icon_factory1_generic_selected.dds"            , "20"   , "16"    , "dds"
"ui\common\game\strategicicons\icon_factory1_generic_selectedover.dds"        , "20"   , "16"    , "dds"
"ui\common\game\strategicicons\icon_factory1_land_over.dds"                   , "16"   , "12"    , "dds"
"ui\common\game\strategicicons\icon_factory1_land_rest.dds"                   , "16"   , "12"    , "dds"
"ui\common\game\strategicicons\icon_factory1_land_selected.dds"               , "20"   , "16"    , "dds"
"ui\common\game\strategicicons\icon_factory1_land_selectedover.dds"           , "20"   , "16"    , "dds"
"ui\common\game\strategicicons\icon_factory1_naval_over.dds"                  , "16"   , "12"    , "dds"
"ui\common\game\strategicicons\icon_factory1_naval_rest.dds"                  , "16"   , "12"    , "dds"
"ui\common\game\strategicicons\icon_factory1_naval_selected.dds"              , "20"   , "16"    , "dds"
"ui\common\game\strategicicons\icon_factory1_naval_selectedover.dds"          , "20"   , "16"    , "dds"
"ui\common\game\strategicicons\icon_factory2_air_over.dds"                    , "16"   , "12"    , "dds"
"ui\common\game\strategicicons\icon_factory2_air_rest.dds"                    , "16"   , "12"    , "dds"
"ui\common\game\strategicicons\icon_factory2_air_selected.dds"                , "20"   , "16"    , "dds"
"ui\common\game\strategicicons\icon_factory2_air_selectedover.dds"            , "20"   , "16"    , "dds"
"ui\common\game\strategicicons\icon_factory2_generic_over.dds"                , "16"   , "12"    , "dds"
"ui\common\game\strategicicons\icon_factory2_generic_rest.dds"                , "16"   , "12"    , "dds"
"ui\common\game\strategicicons\icon_factory2_generic_selected.dds"            , "20"   , "16"    , "dds"
"ui\common\game\strategicicons\icon_factory2_generic_selectedover.dds"        , "20"   , "16"    , "dds"
"ui\common\game\strategicicons\icon_factory2_land_over.dds"                   , "16"   , "12"    , "dds"
"ui\common\game\strategicicons\icon_factory2_land_rest.dds"                   , "16"   , "12"    , "dds"
"ui\common\game\strategicicons\icon_factory2_land_selected.dds"               , "20"   , "16"    , "dds"
"ui\common\game\strategicicons\icon_factory2_land_selectedover.dds"           , "20"   , "16"    , "dds"
"ui\common\game\strategicicons\icon_factory2_naval_over.dds"                  , "16"   , "12"    , "dds"
"ui\common\game\strategicicons\icon_factory2_naval_rest.dds"                  , "16"   , "12"    , "dds"
"ui\common\game\strategicicons\icon_factory2_naval_selected.dds"              , "20"   , "16"    , "dds"
"ui\common\game\strategicicons\icon_factory2_naval_selectedover.dds"          , "20"   , "16"    , "dds"
"ui\common\game\strategicicons\icon_factory3_air_over.dds"                    , "16"   , "12"    , "dds"
"ui\common\game\strategicicons\icon_factory3_air_rest.dds"                    , "16"   , "12"    , "dds"
"ui\common\game\strategicicons\icon_factory3_air_selected.dds"                , "20"   , "16"    , "dds"
"ui\common\game\strategicicons\icon_factory3_air_selectedover.dds"            , "20"   , "16"    , "dds"
"ui\common\game\strategicicons\icon_factory3_generic_over.dds"                , "16"   , "12"    , "dds"
"ui\common\game\strategicicons\icon_factory3_generic_rest.dds"                , "16"   , "12"    , "dds"
"ui\common\game\strategicicons\icon_factory3_generic_selected.dds"            , "20"   , "16"    , "dds"
"ui\common\game\strategicicons\icon_factory3_generic_selectedover.dds"        , "20"   , "16"    , "dds"
"ui\common\game\strategicicons\icon_factory3_land_over.dds"                   , "16"   , "12"    , "dds"
"ui\common\game\strategicicons\icon_factory3_land_rest.dds"                   , "16"   , "12"    , "dds"
"ui\common\game\strategicicons\icon_factory3_land_selected.dds"               , "20"   , "16"    , "dds"
"ui\common\game\strategicicons\icon_factory3_land_selectedover.dds"           , "20"   , "16"    , "dds"
"ui\common\game\strategicicons\icon_factory3_naval_over.dds"                  , "16"   , "12"    , "dds"
"ui\common\game\strategicicons\icon_factory3_naval_rest.dds"                  , "16"   , "12"    , "dds"
"ui\common\game\strategicicons\icon_factory3_naval_selected.dds"              , "20"   , "16"    , "dds"
"ui\common\game\strategicicons\icon_factory3_naval_selectedover.dds"          , "20"   , "16"    , "dds"
"ui\common\game\strategicicons\icon_fighter_antiair_over.dds"                 , "16"   , "16"    , "dds"
"ui\common\game\strategicicons\icon_fighter_antiair_rest.dds"                 , "16"   , "16"    , "dds"
"ui\common\game\strategicicons\icon_fighter_antiair_selected.dds"             , "20"   , "20"    , "dds"
"ui\common\game\strategicicons\icon_fighter_antiair_selectedover.dds"         , "20"   , "20"    , "dds"
"ui\common\game\strategicicons\icon_fighter_bomb_over.dds"                    , "16"   , "16"    , "dds"
"ui\common\game\strategicicons\icon_fighter_bomb_rest.dds"                    , "16"   , "16"    , "dds"
"ui\common\game\strategicicons\icon_fighter_bomb_selected.dds"                , "20"   , "20"    , "dds"
"ui\common\game\strategicicons\icon_fighter_bomb_selectedover.dds"            , "20"   , "20"    , "dds"
"ui\common\game\strategicicons\icon_fighter_directfire_over.dds"              , "16"   , "16"    , "dds"
"ui\common\game\strategicicons\icon_fighter_directfire_rest.dds"              , "16"   , "16"    , "dds"
"ui\common\game\strategicicons\icon_fighter_directfire_selected.dds"          , "20"   , "20"    , "dds"
"ui\common\game\strategicicons\icon_fighter_directfire_selectedover.dds"      , "20"   , "20"    , "dds"
"ui\common\game\strategicicons\icon_fighter_generic_over.dds"                 , "16"   , "16"    , "dds"
"ui\common\game\strategicicons\icon_fighter_generic_rest.dds"                 , "16"   , "16"    , "dds"
"ui\common\game\strategicicons\icon_fighter_generic_selected.dds"             , "20"   , "20"    , "dds"
"ui\common\game\strategicicons\icon_fighter_generic_selectedover.dds"         , "20"   , "20"    , "dds"
"ui\common\game\strategicicons\icon_fighter_intel_over.dds"                   , "16"   , "16"    , "dds"
"ui\common\game\strategicicons\icon_fighter_intel_rest.dds"                   , "16"   , "16"    , "dds"
"ui\common\game\strategicicons\icon_fighter_intel_selected.dds"               , "20"   , "20"    , "dds"
"ui\common\game\strategicicons\icon_fighter_intel_selectedover.dds"           , "20"   , "20"    , "dds"
"ui\common\game\strategicicons\icon_fighter_missile_over.dds"                 , "16"   , "16"    , "dds"
"ui\common\game\strategicicons\icon_fighter_missile_rest.dds"                 , "16"   , "16"    , "dds"
"ui\common\game\strategicicons\icon_fighter_missile_selected.dds"             , "20"   , "20"    , "dds"
"ui\common\game\strategicicons\icon_fighter_missile_selectedover.dds"         , "20"   , "20"    , "dds"
"ui\common\game\strategicicons\icon_fighter1_antiair_over.dds"                , "16"   , "20"    , "dds"
"ui\common\game\strategicicons\icon_fighter1_antiair_rest.dds"                , "16"   , "20"    , "dds"
"ui\common\game\strategicicons\icon_fighter1_antiair_selected.dds"            , "20"   , "24"    , "dds"
"ui\common\game\strategicicons\icon_fighter1_antiair_selectedover.dds"        , "20"   , "24"    , "dds"
"ui\common\game\strategicicons\icon_fighter1_bomb_over.dds"                   , "16"   , "20"    , "dds"
"ui\common\game\strategicicons\icon_fighter1_bomb_rest.dds"                   , "16"   , "20"    , "dds"
"ui\common\game\strategicicons\icon_fighter1_bomb_selected.dds"               , "20"   , "24"    , "dds"
"ui\common\game\strategicicons\icon_fighter1_bomb_selectedover.dds"           , "20"   , "24"    , "dds"
"ui\common\game\strategicicons\icon_fighter1_directfire_over.dds"             , "16"   , "20"    , "dds"
"ui\common\game\strategicicons\icon_fighter1_directfire_rest.dds"             , "16"   , "20"    , "dds"
"ui\common\game\strategicicons\icon_fighter1_directfire_selected.dds"         , "20"   , "24"    , "dds"
"ui\common\game\strategicicons\icon_fighter1_directfire_selectedover.dds"     , "20"   , "24"    , "dds"
"ui\common\game\strategicicons\icon_fighter1_generic_over.dds"                , "16"   , "20"    , "dds"
"ui\common\game\strategicicons\icon_fighter1_generic_rest.dds"                , "16"   , "20"    , "dds"
"ui\common\game\strategicicons\icon_fighter1_generic_selected.dds"            , "20"   , "24"    , "dds"
"ui\common\game\strategicicons\icon_fighter1_generic_selectedover.dds"        , "20"   , "24"    , "dds"
"ui\common\game\strategicicons\icon_fighter1_intel_over.dds"                  , "16"   , "20"    , "dds"
"ui\common\game\strategicicons\icon_fighter1_intel_rest.dds"                  , "16"   , "20"    , "dds"
"ui\common\game\strategicicons\icon_fighter1_intel_selected.dds"              , "20"   , "24"    , "dds"
"ui\common\game\strategicicons\icon_fighter1_intel_selectedover.dds"          , "20"   , "24"    , "dds"
"ui\common\game\strategicicons\icon_fighter1_missile_over.dds"                , "16"   , "20"    , "dds"
"ui\common\game\strategicicons\icon_fighter1_missile_rest.dds"                , "16"   , "20"    , "dds"
"ui\common\game\strategicicons\icon_fighter1_missile_selected.dds"            , "20"   , "24"    , "dds"
"ui\common\game\strategicicons\icon_fighter1_missile_selectedover.dds"        , "20"   , "24"    , "dds"
"ui\common\game\strategicicons\icon_fighter2_antiair_over.dds"                , "16"   , "20"    , "dds"
"ui\common\game\strategicicons\icon_fighter2_antiair_rest.dds"                , "16"   , "20"    , "dds"
"ui\common\game\strategicicons\icon_fighter2_antiair_selected.dds"            , "20"   , "24"    , "dds"
"ui\common\game\strategicicons\icon_fighter2_antiair_selectedover.dds"        , "20"   , "24"    , "dds"
"ui\common\game\strategicicons\icon_fighter2_bomb_over.dds"                   , "16"   , "20"    , "dds"
"ui\common\game\strategicicons\icon_fighter2_bomb_rest.dds"                   , "16"   , "20"    , "dds"
"ui\common\game\strategicicons\icon_fighter2_bomb_selected.dds"               , "20"   , "24"    , "dds"
"ui\common\game\strategicicons\icon_fighter2_bomb_selectedover.dds"           , "20"   , "24"    , "dds"
"ui\common\game\strategicicons\icon_fighter2_directfire_over.dds"             , "16"   , "20"    , "dds"
"ui\common\game\strategicicons\icon_fighter2_directfire_rest.dds"             , "16"   , "20"    , "dds"
"ui\common\game\strategicicons\icon_fighter2_directfire_selected.dds"         , "20"   , "24"    , "dds"
"ui\common\game\strategicicons\icon_fighter2_directfire_selectedover.dds"     , "20"   , "24"    , "dds"
"ui\common\game\strategicicons\icon_fighter2_generic_over.dds"                , "16"   , "20"    , "dds"
"ui\common\game\strategicicons\icon_fighter2_generic_rest.dds"                , "16"   , "20"    , "dds"
"ui\common\game\strategicicons\icon_fighter2_generic_selected.dds"            , "20"   , "24"    , "dds"
"ui\common\game\strategicicons\icon_fighter2_generic_selectedover.dds"        , "20"   , "24"    , "dds"
"ui\common\game\strategicicons\icon_fighter2_intel_over.dds"                  , "16"   , "20"    , "dds"
"ui\common\game\strategicicons\icon_fighter2_intel_rest.dds"                  , "16"   , "20"    , "dds"
"ui\common\game\strategicicons\icon_fighter2_intel_selected.dds"              , "20"   , "24"    , "dds"
"ui\common\game\strategicicons\icon_fighter2_intel_selectedover.dds"          , "20"   , "24"    , "dds"
"ui\common\game\strategicicons\icon_fighter2_missile_over.dds"                , "16"   , "20"    , "dds"
"ui\common\game\strategicicons\icon_fighter2_missile_rest.dds"                , "16"   , "20"    , "dds"
"ui\common\game\strategicicons\icon_fighter2_missile_selected.dds"            , "20"   , "24"    , "dds"
"ui\common\game\strategicicons\icon_fighter2_missile_selectedover.dds"        , "20"   , "24"    , "dds"
"ui\common\game\strategicicons\icon_fighter3_antiair_over.dds"                , "16"   , "20"    , "dds"
"ui\common\game\strategicicons\icon_fighter3_antiair_rest.dds"                , "16"   , "20"    , "dds"
"ui\common\game\strategicicons\icon_fighter3_antiair_selected.dds"            , "20"   , "24"    , "dds"
"ui\common\game\strategicicons\icon_fighter3_antiair_selectedover.dds"        , "20"   , "24"    , "dds"
"ui\common\game\strategicicons\icon_fighter3_bomb_over.dds"                   , "16"   , "20"    , "dds"
"ui\common\game\strategicicons\icon_fighter3_bomb_rest.dds"                   , "16"   , "20"    , "dds"
"ui\common\game\strategicicons\icon_fighter3_bomb_selected.dds"               , "20"   , "24"    , "dds"
"ui\common\game\strategicicons\icon_fighter3_bomb_selectedover.dds"           , "20"   , "24"    , "dds"
"ui\common\game\strategicicons\icon_fighter3_directfire_over.dds"             , "16"   , "20"    , "dds"
"ui\common\game\strategicicons\icon_fighter3_directfire_rest.dds"             , "16"   , "20"    , "dds"
"ui\common\game\strategicicons\icon_fighter3_directfire_selected.dds"         , "20"   , "24"    , "dds"
"ui\common\game\strategicicons\icon_fighter3_directfire_selectedover.dds"     , "20"   , "24"    , "dds"
"ui\common\game\strategicicons\icon_fighter3_generic_over.dds"                , "16"   , "20"    , "dds"
"ui\common\game\strategicicons\icon_fighter3_generic_rest.dds"                , "16"   , "20"    , "dds"
"ui\common\game\strategicicons\icon_fighter3_generic_selected.dds"            , "20"   , "24"    , "dds"
"ui\common\game\strategicicons\icon_fighter3_generic_selectedover.dds"        , "20"   , "24"    , "dds"
"ui\common\game\strategicicons\icon_fighter3_intel_over.dds"                  , "16"   , "20"    , "dds"
"ui\common\game\strategicicons\icon_fighter3_intel_rest.dds"                  , "16"   , "20"    , "dds"
"ui\common\game\strategicicons\icon_fighter3_intel_selected.dds"              , "20"   , "24"    , "dds"
"ui\common\game\strategicicons\icon_fighter3_intel_selectedover.dds"          , "20"   , "24"    , "dds"
"ui\common\game\strategicicons\icon_fighter3_missile_over.dds"                , "16"   , "20"    , "dds"
"ui\common\game\strategicicons\icon_fighter3_missile_rest.dds"                , "16"   , "20"    , "dds"
"ui\common\game\strategicicons\icon_fighter3_missile_selected.dds"            , "20"   , "24"    , "dds"
"ui\common\game\strategicicons\icon_fighter3_missile_selectedover.dds"        , "20"   , "24"    , "dds"
"ui\common\game\strategicicons\icon_gunship_antiair_over.dds"                 , "16"   , "12"    , "dds"
"ui\common\game\strategicicons\icon_gunship_antiair_rest.dds"                 , "16"   , "12"    , "dds"
"ui\common\game\strategicicons\icon_gunship_antiair_selected.dds"             , "20"   , "16"    , "dds"
"ui\common\game\strategicicons\icon_gunship_antiair_selectedover.dds"         , "20"   , "16"    , "dds"
"ui\common\game\strategicicons\icon_gunship_directfire_over.dds"              , "16"   , "12"    , "dds"
"ui\common\game\strategicicons\icon_gunship_directfire_rest.dds"              , "16"   , "12"    , "dds"
"ui\common\game\strategicicons\icon_gunship_directfire_selected.dds"          , "20"   , "16"    , "dds"
"ui\common\game\strategicicons\icon_gunship_directfire_selectedover.dds"      , "20"   , "16"    , "dds"
"ui\common\game\strategicicons\icon_gunship_generic_over.dds"                 , "16"   , "12"    , "dds"
"ui\common\game\strategicicons\icon_gunship_generic_rest.dds"                 , "16"   , "12"    , "dds"
"ui\common\game\strategicicons\icon_gunship_generic_selected.dds"             , "20"   , "16"    , "dds"
"ui\common\game\strategicicons\icon_gunship_generic_selectedover.dds"         , "20"   , "16"    , "dds"
"ui\common\game\strategicicons\icon_gunship_transport_over.dds"               , "16"   , "12"    , "dds"
"ui\common\game\strategicicons\icon_gunship_transport_rest.dds"               , "16"   , "12"    , "dds"
"ui\common\game\strategicicons\icon_gunship_transport_selected.dds"           , "20"   , "16"    , "dds"
"ui\common\game\strategicicons\icon_gunship_transport_selectedover.dds"       , "20"   , "16"    , "dds"
"ui\common\game\strategicicons\icon_gunship1_antiair_over.dds"                , "16"   , "12"    , "dds"
"ui\common\game\strategicicons\icon_gunship1_antiair_rest.dds"                , "16"   , "12"    , "dds"
"ui\common\game\strategicicons\icon_gunship1_antiair_selected.dds"            , "20"   , "16"    , "dds"
"ui\common\game\strategicicons\icon_gunship1_antiair_selectedover.dds"        , "20"   , "16"    , "dds"
"ui\common\game\strategicicons\icon_gunship1_directfire_over.dds"             , "16"   , "12"    , "dds"
"ui\common\game\strategicicons\icon_gunship1_directfire_rest.dds"             , "16"   , "12"    , "dds"
"ui\common\game\strategicicons\icon_gunship1_directfire_selected.dds"         , "20"   , "16"    , "dds"
"ui\common\game\strategicicons\icon_gunship1_directfire_selectedover.dds"     , "20"   , "16"    , "dds"
"ui\common\game\strategicicons\icon_gunship1_generic_over.dds"                , "16"   , "12"    , "dds"
"ui\common\game\strategicicons\icon_gunship1_generic_rest.dds"                , "16"   , "12"    , "dds"
"ui\common\game\strategicicons\icon_gunship1_generic_selected.dds"            , "20"   , "16"    , "dds"
"ui\common\game\strategicicons\icon_gunship1_generic_selectedover.dds"        , "20"   , "16"    , "dds"
"ui\common\game\strategicicons\icon_gunship1_transport_over.dds"              , "16"   , "12"    , "dds"
"ui\common\game\strategicicons\icon_gunship1_transport_rest.dds"              , "16"   , "12"    , "dds"
"ui\common\game\strategicicons\icon_gunship1_transport_selected.dds"          , "20"   , "16"    , "dds"
"ui\common\game\strategicicons\icon_gunship1_transport_selectedover.dds"      , "20"   , "16"    , "dds"
"ui\common\game\strategicicons\icon_gunship2_antiair_over.dds"                , "16"   , "12"    , "dds"
"ui\common\game\strategicicons\icon_gunship2_antiair_rest.dds"                , "16"   , "12"    , "dds"
"ui\common\game\strategicicons\icon_gunship2_antiair_selected.dds"            , "20"   , "16"    , "dds"
"ui\common\game\strategicicons\icon_gunship2_antiair_selectedover.dds"        , "20"   , "16"    , "dds"
"ui\common\game\strategicicons\icon_gunship2_directfire_over.dds"             , "16"   , "12"    , "dds"
"ui\common\game\strategicicons\icon_gunship2_directfire_rest.dds"             , "16"   , "12"    , "dds"
"ui\common\game\strategicicons\icon_gunship2_directfire_selected.dds"         , "20"   , "16"    , "dds"
"ui\common\game\strategicicons\icon_gunship2_directfire_selectedover.dds"     , "20"   , "16"    , "dds"
"ui\common\game\strategicicons\icon_gunship2_generic_over.dds"                , "16"   , "12"    , "dds"
"ui\common\game\strategicicons\icon_gunship2_generic_rest.dds"                , "16"   , "12"    , "dds"
"ui\common\game\strategicicons\icon_gunship2_generic_selected.dds"            , "20"   , "16"    , "dds"
"ui\common\game\strategicicons\icon_gunship2_generic_selectedover.dds"        , "20"   , "16"    , "dds"
"ui\common\game\strategicicons\icon_gunship2_transport_over.dds"              , "16"   , "12"    , "dds"
"ui\common\game\strategicicons\icon_gunship2_transport_rest.dds"              , "16"   , "12"    , "dds"
"ui\common\game\strategicicons\icon_gunship2_transport_selected.dds"          , "20"   , "16"    , "dds"
"ui\common\game\strategicicons\icon_gunship2_transport_selectedover.dds"      , "20"   , "16"    , "dds"
"ui\common\game\strategicicons\icon_gunship3_antiair_over.dds"                , "16"   , "12"    , "dds"
"ui\common\game\strategicicons\icon_gunship3_antiair_rest.dds"                , "16"   , "12"    , "dds"
"ui\common\game\strategicicons\icon_gunship3_antiair_selected.dds"            , "20"   , "16"    , "dds"
"ui\common\game\strategicicons\icon_gunship3_antiair_selectedover.dds"        , "20"   , "16"    , "dds"
"ui\common\game\strategicicons\icon_gunship3_directfire_over.dds"             , "16"   , "12"    , "dds"
"ui\common\game\strategicicons\icon_gunship3_directfire_rest.dds"             , "16"   , "12"    , "dds"
"ui\common\game\strategicicons\icon_gunship3_directfire_selected.dds"         , "20"   , "16"    , "dds"
"ui\common\game\strategicicons\icon_gunship3_directfire_selectedover.dds"     , "20"   , "16"    , "dds"
"ui\common\game\strategicicons\icon_gunship3_generic_over.dds"                , "16"   , "12"    , "dds"
"ui\common\game\strategicicons\icon_gunship3_generic_rest.dds"                , "16"   , "12"    , "dds"
"ui\common\game\strategicicons\icon_gunship3_generic_selected.dds"            , "20"   , "16"    , "dds"
"ui\common\game\strategicicons\icon_gunship3_generic_selectedover.dds"        , "20"   , "16"    , "dds"
"ui\common\game\strategicicons\icon_gunship3_transport_over.dds"              , "16"   , "12"    , "dds"
"ui\common\game\strategicicons\icon_gunship3_transport_rest.dds"              , "16"   , "12"    , "dds"
"ui\common\game\strategicicons\icon_gunship3_transport_selected.dds"          , "20"   , "16"    , "dds"
"ui\common\game\strategicicons\icon_gunship3_transport_selectedover.dds"      , "20"   , "16"    , "dds"
"ui\common\game\strategicicons\icon_land_antiair_over.dds"                    , "16"   , "16"    , "dds"
"ui\common\game\strategicicons\icon_land_antiair_rest.dds"                    , "16"   , "16"    , "dds"
"ui\common\game\strategicicons\icon_land_antiair_selected.dds"                , "20"   , "20"    , "dds"
"ui\common\game\strategicicons\icon_land_antiair_selectedover.dds"            , "20"   , "20"    , "dds"
"ui\common\game\strategicicons\icon_land_antishield_over.dds"                 , "16"   , "16"    , "dds"
"ui\common\game\strategicicons\icon_land_antishield_rest.dds"                 , "16"   , "16"    , "dds"
"ui\common\game\strategicicons\icon_land_antishield_selected.dds"             , "20"   , "20"    , "dds"
"ui\common\game\strategicicons\icon_land_antishield_selectedover.dds"         , "20"   , "20"    , "dds"
"ui\common\game\strategicicons\icon_land_artillery_over.dds"                  , "16"   , "16"    , "dds"
"ui\common\game\strategicicons\icon_land_artillery_rest.dds"                  , "16"   , "16"    , "dds"
"ui\common\game\strategicicons\icon_land_artillery_selected.dds"              , "20"   , "20"    , "dds"
"ui\common\game\strategicicons\icon_land_artillery_selectedover.dds"          , "20"   , "20"    , "dds"
"ui\common\game\strategicicons\icon_land_bomb_over.dds"                       , "16"   , "16"    , "dds"
"ui\common\game\strategicicons\icon_land_bomb_rest.dds"                       , "16"   , "16"    , "dds"
"ui\common\game\strategicicons\icon_land_bomb_selected.dds"                   , "20"   , "20"    , "dds"
"ui\common\game\strategicicons\icon_land_bomb_selectedover.dds"               , "20"   , "20"    , "dds"
"ui\common\game\strategicicons\icon_land_counterintel_over.dds"               , "16"   , "16"    , "dds"
"ui\common\game\strategicicons\icon_land_counterintel_rest.dds"               , "16"   , "16"    , "dds"
"ui\common\game\strategicicons\icon_land_counterintel_selected.dds"           , "20"   , "20"    , "dds"
"ui\common\game\strategicicons\icon_land_counterintel_selectedover.dds"       , "20"   , "20"    , "dds"
"ui\common\game\strategicicons\icon_land_directfire_over.dds"                 , "16"   , "16"    , "dds"
"ui\common\game\strategicicons\icon_land_directfire_rest.dds"                 , "16"   , "16"    , "dds"
"ui\common\game\strategicicons\icon_land_directfire_selected.dds"             , "20"   , "20"    , "dds"
"ui\common\game\strategicicons\icon_land_directfire_selectedover.dds"         , "20"   , "20"    , "dds"
"ui\common\game\strategicicons\icon_land_engineer_over.dds"                   , "16"   , "16"    , "dds"
"ui\common\game\strategicicons\icon_land_engineer_rest.dds"                   , "16"   , "16"    , "dds"
"ui\common\game\strategicicons\icon_land_engineer_selected.dds"               , "20"   , "20"    , "dds"
"ui\common\game\strategicicons\icon_land_engineer_selectedover.dds"           , "20"   , "20"    , "dds"
"ui\common\game\strategicicons\icon_land_generic_over.dds"                    , "16"   , "16"    , "dds"
"ui\common\game\strategicicons\icon_land_generic_rest.dds"                    , "16"   , "16"    , "dds"
"ui\common\game\strategicicons\icon_land_generic_selected.dds"                , "20"   , "20"    , "dds"
"ui\common\game\strategicicons\icon_land_generic_selectedover.dds"            , "20"   , "20"    , "dds"
"ui\common\game\strategicicons\icon_land_intel_over.dds"                      , "16"   , "16"    , "dds"
"ui\common\game\strategicicons\icon_land_intel_rest.dds"                      , "16"   , "16"    , "dds"
"ui\common\game\strategicicons\icon_land_intel_selected.dds"                  , "20"   , "20"    , "dds"
"ui\common\game\strategicicons\icon_land_intel_selectedover.dds"              , "20"   , "20"    , "dds"
"ui\common\game\strategicicons\icon_land_missile_over.dds"                    , "16"   , "16"    , "dds"
"ui\common\game\strategicicons\icon_land_missile_rest.dds"                    , "16"   , "16"    , "dds"
"ui\common\game\strategicicons\icon_land_missile_selected.dds"                , "20"   , "20"    , "dds"
"ui\common\game\strategicicons\icon_land_missile_selectedover.dds"            , "20"   , "20"    , "dds"
"ui\common\game\strategicicons\icon_land_shield_over.dds"                     , "16"   , "16"    , "dds"
"ui\common\game\strategicicons\icon_land_shield_rest.dds"                     , "16"   , "16"    , "dds"
"ui\common\game\strategicicons\icon_land_shield_selected.dds"                 , "20"   , "20"    , "dds"
"ui\common\game\strategicicons\icon_land_shield_selectedover.dds"             , "20"   , "20"    , "dds"
"ui\common\game\strategicicons\icon_land1_antiair_over.dds"                   , "16"   , "16"    , "dds"
"ui\common\game\strategicicons\icon_land1_antiair_rest.dds"                   , "16"   , "16"    , "dds"
"ui\common\game\strategicicons\icon_land1_antiair_selected.dds"               , "20"   , "20"    , "dds"
"ui\common\game\strategicicons\icon_land1_antiair_selectedover.dds"           , "20"   , "20"    , "dds"
"ui\common\game\strategicicons\icon_land1_antishield_over.dds"                , "16"   , "16"    , "dds"
"ui\common\game\strategicicons\icon_land1_antishield_rest.dds"                , "16"   , "24"    , "dds"
"ui\common\game\strategicicons\icon_land1_antishield_selected.dds"            , "20"   , "20"    , "dds"
"ui\common\game\strategicicons\icon_land1_antishield_selectedover.dds"        , "20"   , "20"    , "dds"
"ui\common\game\strategicicons\icon_land1_artillery_over.dds"                 , "16"   , "16"    , "dds"
"ui\common\game\strategicicons\icon_land1_artillery_rest.dds"                 , "16"   , "16"    , "dds"
"ui\common\game\strategicicons\icon_land1_artillery_selected.dds"             , "20"   , "20"    , "dds"
"ui\common\game\strategicicons\icon_land1_artillery_selectedover.dds"         , "20"   , "20"    , "dds"
"ui\common\game\strategicicons\icon_land1_bomb_over.dds"                      , "16"   , "16"    , "dds"
"ui\common\game\strategicicons\icon_land1_bomb_rest.dds"                      , "16"   , "16"    , "dds"
"ui\common\game\strategicicons\icon_land1_bomb_selected.dds"                  , "20"   , "20"    , "dds"
"ui\common\game\strategicicons\icon_land1_bomb_selectedover.dds"              , "20"   , "20"    , "dds"
"ui\common\game\strategicicons\icon_land1_counterintel_over.dds"              , "16"   , "16"    , "dds"
"ui\common\game\strategicicons\icon_land1_counterintel_rest.dds"              , "16"   , "16"    , "dds"
"ui\common\game\strategicicons\icon_land1_counterintel_selected.dds"          , "20"   , "20"    , "dds"
"ui\common\game\strategicicons\icon_land1_counterintel_selectedover.dds"      , "20"   , "20"    , "dds"
"ui\common\game\strategicicons\icon_land1_directfire_over.dds"                , "16"   , "16"    , "dds"
"ui\common\game\strategicicons\icon_land1_directfire_rest.dds"                , "16"   , "16"    , "dds"
"ui\common\game\strategicicons\icon_land1_directfire_selected.dds"            , "20"   , "20"    , "dds"
"ui\common\game\strategicicons\icon_land1_directfire_selectedover.dds"        , "20"   , "20"    , "dds"
"ui\common\game\strategicicons\icon_land1_engineer_over.dds"                  , "16"   , "16"    , "dds"
"ui\common\game\strategicicons\icon_land1_engineer_rest.dds"                  , "16"   , "16"    , "dds"
"ui\common\game\strategicicons\icon_land1_engineer_selected.dds"              , "20"   , "20"    , "dds"
"ui\common\game\strategicicons\icon_land1_engineer_selectedover.dds"          , "20"   , "20"    , "dds"
"ui\common\game\strategicicons\icon_land1_generic_over.dds"                   , "16"   , "16"    , "dds"
"ui\common\game\strategicicons\icon_land1_generic_rest.dds"                   , "16"   , "16"    , "dds"
"ui\common\game\strategicicons\icon_land1_generic_selected.dds"               , "20"   , "20"    , "dds"
"ui\common\game\strategicicons\icon_land1_generic_selectedover.dds"           , "20"   , "20"    , "dds"
"ui\common\game\strategicicons\icon_land1_intel_over.dds"                     , "16"   , "16"    , "dds"
"ui\common\game\strategicicons\icon_land1_intel_rest.dds"                     , "16"   , "16"    , "dds"
"ui\common\game\strategicicons\icon_land1_intel_selected.dds"                 , "20"   , "20"    , "dds"
"ui\common\game\strategicicons\icon_land1_intel_selectedover.dds"             , "20"   , "20"    , "dds"
"ui\common\game\strategicicons\icon_land1_missile_over.dds"                   , "16"   , "16"    , "dds"
"ui\common\game\strategicicons\icon_land1_missile_rest.dds"                   , "16"   , "16"    , "dds"
"ui\common\game\strategicicons\icon_land1_missile_selected.dds"               , "20"   , "20"    , "dds"
"ui\common\game\strategicicons\icon_land1_missile_selectedover.dds"           , "20"   , "20"    , "dds"
"ui\common\game\strategicicons\icon_land1_shield_over.dds"                    , "16"   , "16"    , "dds"
"ui\common\game\strategicicons\icon_land1_shield_rest.dds"                    , "16"   , "16"    , "dds"
"ui\common\game\strategicicons\icon_land1_shield_selected.dds"                , "20"   , "20"    , "dds"
"ui\common\game\strategicicons\icon_land1_shield_selectedover.dds"            , "20"   , "20"    , "dds"
"ui\common\game\strategicicons\icon_land2_antiair_over.dds"                   , "16"   , "16"    , "dds"
"ui\common\game\strategicicons\icon_land2_antiair_rest.dds"                   , "16"   , "16"    , "dds"
"ui\common\game\strategicicons\icon_land2_antiair_selected.dds"               , "20"   , "20"    , "dds"
"ui\common\game\strategicicons\icon_land2_antiair_selectedover.dds"           , "20"   , "20"    , "dds"
"ui\common\game\strategicicons\icon_land2_antishield_over.dds"                , "16"   , "16"    , "dds"
"ui\common\game\strategicicons\icon_land2_antishield_rest.dds"                , "20"   , "24"    , "dds"
"ui\common\game\strategicicons\icon_land2_antishield_selected.dds"            , "20"   , "20"    , "dds"
"ui\common\game\strategicicons\icon_land2_antishield_selectedover.dds"        , "20"   , "20"    , "dds"
"ui\common\game\strategicicons\icon_land2_artillery_over.dds"                 , "16"   , "16"    , "dds"
"ui\common\game\strategicicons\icon_land2_artillery_rest.dds"                 , "16"   , "16"    , "dds"
"ui\common\game\strategicicons\icon_land2_artillery_selected.dds"             , "20"   , "20"    , "dds"
"ui\common\game\strategicicons\icon_land2_artillery_selectedover.dds"         , "20"   , "20"    , "dds"
"ui\common\game\strategicicons\icon_land2_bomb_over.dds"                      , "16"   , "16"    , "dds"
"ui\common\game\strategicicons\icon_land2_bomb_rest.dds"                      , "16"   , "16"    , "dds"
"ui\common\game\strategicicons\icon_land2_bomb_selected.dds"                  , "20"   , "20"    , "dds"
"ui\common\game\strategicicons\icon_land2_bomb_selectedover.dds"              , "20"   , "20"    , "dds"
"ui\common\game\strategicicons\icon_land2_counterintel_over.dds"              , "16"   , "16"    , "dds"
"ui\common\game\strategicicons\icon_land2_counterintel_rest.dds"              , "16"   , "16"    , "dds"
"ui\common\game\strategicicons\icon_land2_counterintel_selected.dds"          , "20"   , "20"    , "dds"
"ui\common\game\strategicicons\icon_land2_counterintel_selectedover.dds"      , "20"   , "20"    , "dds"
"ui\common\game\strategicicons\icon_land2_directfire_over.dds"                , "16"   , "16"    , "dds"
"ui\common\game\strategicicons\icon_land2_directfire_rest.dds"                , "16"   , "16"    , "dds"
"ui\common\game\strategicicons\icon_land2_directfire_selected.dds"            , "20"   , "20"    , "dds"
"ui\common\game\strategicicons\icon_land2_directfire_selectedover.dds"        , "20"   , "20"    , "dds"
"ui\common\game\strategicicons\icon_land2_engineer_over.dds"                  , "16"   , "16"    , "dds"
"ui\common\game\strategicicons\icon_land2_engineer_rest.dds"                  , "16"   , "16"    , "dds"
"ui\common\game\strategicicons\icon_land2_engineer_selected.dds"              , "20"   , "20"    , "dds"
"ui\common\game\strategicicons\icon_land2_engineer_selectedover.dds"          , "20"   , "20"    , "dds"
"ui\common\game\strategicicons\icon_land2_generic_over.dds"                   , "16"   , "16"    , "dds"
"ui\common\game\strategicicons\icon_land2_generic_rest.dds"                   , "16"   , "16"    , "dds"
"ui\common\game\strategicicons\icon_land2_generic_selected.dds"               , "20"   , "20"    , "dds"
"ui\common\game\strategicicons\icon_land2_generic_selectedover.dds"           , "20"   , "20"    , "dds"
"ui\common\game\strategicicons\icon_land2_intel_over.dds"                     , "16"   , "16"    , "dds"
"ui\common\game\strategicicons\icon_land2_intel_rest.dds"                     , "16"   , "16"    , "dds"
"ui\common\game\strategicicons\icon_land2_intel_selected.dds"                 , "20"   , "20"    , "dds"
"ui\common\game\strategicicons\icon_land2_intel_selectedover.dds"             , "20"   , "20"    , "dds"
"ui\common\game\strategicicons\icon_land2_missile_over.dds"                   , "16"   , "16"    , "dds"
"ui\common\game\strategicicons\icon_land2_missile_rest.dds"                   , "16"   , "16"    , "dds"
"ui\common\game\strategicicons\icon_land2_missile_selected.dds"               , "20"   , "20"    , "dds"
"ui\common\game\strategicicons\icon_land2_missile_selectedover.dds"           , "20"   , "20"    , "dds"
"ui\common\game\strategicicons\icon_land2_shield_over.dds"                    , "16"   , "16"    , "dds"
"ui\common\game\strategicicons\icon_land2_shield_rest.dds"                    , "16"   , "16"    , "dds"
"ui\common\game\strategicicons\icon_land2_shield_selected.dds"                , "20"   , "20"    , "dds"
"ui\common\game\strategicicons\icon_land2_shield_selectedover.dds"            , "20"   , "20"    , "dds"
"ui\common\game\strategicicons\icon_land3_antiair_over.dds"                   , "16"   , "16"    , "dds"
"ui\common\game\strategicicons\icon_land3_antiair_rest.dds"                   , "16"   , "16"    , "dds"
"ui\common\game\strategicicons\icon_land3_antiair_selected.dds"               , "20"   , "20"    , "dds"
"ui\common\game\strategicicons\icon_land3_antiair_selectedover.dds"           , "20"   , "20"    , "dds"
"ui\common\game\strategicicons\icon_land3_antishield_over.dds"                , "16"   , "16"    , "dds"
"ui\common\game\strategicicons\icon_land3_antishield_rest.dds"                , "20"   , "24"    , "dds"
"ui\common\game\strategicicons\icon_land3_antishield_selected.dds"            , "20"   , "20"    , "dds"
"ui\common\game\strategicicons\icon_land3_antishield_selectedover.dds"        , "20"   , "20"    , "dds"
"ui\common\game\strategicicons\icon_land3_artillery_over.dds"                 , "16"   , "16"    , "dds"
"ui\common\game\strategicicons\icon_land3_artillery_rest.dds"                 , "16"   , "16"    , "dds"
"ui\common\game\strategicicons\icon_land3_artillery_selected.dds"             , "20"   , "20"    , "dds"
"ui\common\game\strategicicons\icon_land3_artillery_selectedover.dds"         , "20"   , "20"    , "dds"
"ui\common\game\strategicicons\icon_land3_bomb_over.dds"                      , "16"   , "16"    , "dds"
"ui\common\game\strategicicons\icon_land3_bomb_rest.dds"                      , "16"   , "16"    , "dds"
"ui\common\game\strategicicons\icon_land3_bomb_selected.dds"                  , "20"   , "20"    , "dds"
"ui\common\game\strategicicons\icon_land3_bomb_selectedover.dds"              , "20"   , "20"    , "dds"
"ui\common\game\strategicicons\icon_land3_counterintel_over.dds"              , "16"   , "16"    , "dds"
"ui\common\game\strategicicons\icon_land3_counterintel_rest.dds"              , "16"   , "16"    , "dds"
"ui\common\game\strategicicons\icon_land3_counterintel_selected.dds"          , "20"   , "20"    , "dds"
"ui\common\game\strategicicons\icon_land3_counterintel_selectedover.dds"      , "20"   , "20"    , "dds"
"ui\common\game\strategicicons\icon_land3_directfire_over.dds"                , "16"   , "16"    , "dds"
"ui\common\game\strategicicons\icon_land3_directfire_rest.dds"                , "16"   , "16"    , "dds"
"ui\common\game\strategicicons\icon_land3_directfire_selected.dds"            , "20"   , "20"    , "dds"
"ui\common\game\strategicicons\icon_land3_directfire_selectedover.dds"        , "20"   , "20"    , "dds"
"ui\common\game\strategicicons\icon_land3_engineer_over.dds"                  , "16"   , "16"    , "dds"
"ui\common\game\strategicicons\icon_land3_engineer_rest.dds"                  , "16"   , "16"    , "dds"
"ui\common\game\strategicicons\icon_land3_engineer_selected.dds"              , "20"   , "20"    , "dds"
"ui\common\game\strategicicons\icon_land3_engineer_selectedover.dds"          , "20"   , "20"    , "dds"
"ui\common\game\strategicicons\icon_land3_generic_over.dds"                   , "16"   , "16"    , "dds"
"ui\common\game\strategicicons\icon_land3_generic_rest.dds"                   , "16"   , "16"    , "dds"
"ui\common\game\strategicicons\icon_land3_generic_selected.dds"               , "20"   , "20"    , "dds"
"ui\common\game\strategicicons\icon_land3_generic_selectedover.dds"           , "20"   , "20"    , "dds"
"ui\common\game\strategicicons\icon_land3_intel_over.dds"                     , "16"   , "16"    , "dds"
"ui\common\game\strategicicons\icon_land3_intel_rest.dds"                     , "16"   , "16"    , "dds"
"ui\common\game\strategicicons\icon_land3_intel_selected.dds"                 , "20"   , "20"    , "dds"
"ui\common\game\strategicicons\icon_land3_intel_selectedover.dds"             , "20"   , "20"    , "dds"
"ui\common\game\strategicicons\icon_land3_missile_over.dds"                   , "16"   , "16"    , "dds"
"ui\common\game\strategicicons\icon_land3_missile_rest.dds"                   , "16"   , "16"    , "dds"
"ui\common\game\strategicicons\icon_land3_missile_selected.dds"               , "20"   , "20"    , "dds"
"ui\common\game\strategicicons\icon_land3_missile_selectedover.dds"           , "20"   , "20"    , "dds"
"ui\common\game\strategicicons\icon_land3_shield_over.dds"                    , "16"   , "16"    , "dds"
"ui\common\game\strategicicons\icon_land3_shield_rest.dds"                    , "16"   , "16"    , "dds"
"ui\common\game\strategicicons\icon_land3_shield_selected.dds"                , "20"   , "20"    , "dds"
"ui\common\game\strategicicons\icon_land3_shield_selectedover.dds"            , "20"   , "20"    , "dds"
"ui\common\game\strategicicons\icon_objective_over.dds"                       , "32"   , "32"    , "dds"
"ui\common\game\strategicicons\icon_objective_primary_over.dds"               , "28"   , "28"    , "dds"
"ui\common\game\strategicicons\icon_objective_primary_rest.dds"               , "28"   , "28"    , "dds"
"ui\common\game\strategicicons\icon_objective_primary_selected.dds"           , "28"   , "28"    , "dds"
"ui\common\game\strategicicons\icon_objective_primary_selectedover.dds"       , "28"   , "28"    , "dds"
"ui\common\game\strategicicons\icon_objective_rest.dds"                       , "32"   , "32"    , "dds"
"ui\common\game\strategicicons\icon_objective_secondary_over.dds"             , "28"   , "28"    , "dds"
"ui\common\game\strategicicons\icon_objective_secondary_rest.dds"             , "28"   , "28"    , "dds"
"ui\common\game\strategicicons\icon_objective_secondary_selected.dds"         , "28"   , "28"    , "dds"
"ui\common\game\strategicicons\icon_objective_secondary_selectedover.dds"     , "28"   , "28"    , "dds"
"ui\common\game\strategicicons\icon_objective_selected.dds"                   , "32"   , "32"    , "dds"
"ui\common\game\strategicicons\icon_objective_selectedover.dds"               , "32"   , "32"    , "dds"
"ui\common\game\strategicicons\icon_ship_air_over.dds"                        , "16"   , "12"    , "dds"
"ui\common\game\strategicicons\icon_ship_air_rest.dds"                        , "16"   , "12"    , "dds"
"ui\common\game\strategicicons\icon_ship_air_selected.dds"                    , "20"   , "16"    , "dds"
"ui\common\game\strategicicons\icon_ship_air_selectedover.dds"                , "20"   , "16"    , "dds"
"ui\common\game\strategicicons\icon_ship_antiair_over.dds"                    , "16"   , "12"    , "dds"
"ui\common\game\strategicicons\icon_ship_antiair_rest.dds"                    , "16"   , "12"    , "dds"
"ui\common\game\strategicicons\icon_ship_antiair_selected.dds"                , "20"   , "16"    , "dds"
"ui\common\game\strategicicons\icon_ship_antiair_selectedover.dds"            , "20"   , "16"    , "dds"
"ui\common\game\strategicicons\icon_ship_antinavy_over.dds"                   , "16"   , "12"    , "dds"
"ui\common\game\strategicicons\icon_ship_antinavy_rest.dds"                   , "16"   , "12"    , "dds"
"ui\common\game\strategicicons\icon_ship_antinavy_selected.dds"               , "20"   , "16"    , "dds"
"ui\common\game\strategicicons\icon_ship_antinavy_selectedover.dds"           , "20"   , "16"    , "dds"
"ui\common\game\strategicicons\icon_ship_counterintel_over.dds"               , "16"   , "12"    , "dds"
"ui\common\game\strategicicons\icon_ship_counterintel_rest.dds"               , "16"   , "12"    , "dds"
"ui\common\game\strategicicons\icon_ship_counterintel_selected.dds"           , "20"   , "16"    , "dds"
"ui\common\game\strategicicons\icon_ship_counterintel_selectedover.dds"       , "20"   , "16"    , "dds"
"ui\common\game\strategicicons\icon_ship_directfire_over.dds"                 , "16"   , "12"    , "dds"
"ui\common\game\strategicicons\icon_ship_directfire_rest.dds"                 , "16"   , "12"    , "dds"
"ui\common\game\strategicicons\icon_ship_directfire_selected.dds"             , "20"   , "16"    , "dds"
"ui\common\game\strategicicons\icon_ship_directfire_selectedover.dds"         , "20"   , "16"    , "dds"
"ui\common\game\strategicicons\icon_ship_generic_over.dds"                    , "16"   , "12"    , "dds"
"ui\common\game\strategicicons\icon_ship_generic_rest.dds"                    , "16"   , "12"    , "dds"
"ui\common\game\strategicicons\icon_ship_generic_selected.dds"                , "20"   , "16"    , "dds"
"ui\common\game\strategicicons\icon_ship_generic_selectedover.dds"            , "20"   , "16"    , "dds"
"ui\common\game\strategicicons\icon_ship_intel_over.dds"                      , "16"   , "12"    , "dds"
"ui\common\game\strategicicons\icon_ship_intel_rest.dds"                      , "16"   , "12"    , "dds"
"ui\common\game\strategicicons\icon_ship_intel_selected.dds"                  , "20"   , "16"    , "dds"
"ui\common\game\strategicicons\icon_ship_intel_selectedover.dds"              , "20"   , "16"    , "dds"
"ui\common\game\strategicicons\icon_ship_missile_over.dds"                    , "16"   , "12"    , "dds"
"ui\common\game\strategicicons\icon_ship_missile_rest.dds"                    , "16"   , "12"    , "dds"
"ui\common\game\strategicicons\icon_ship_missile_selected.dds"                , "20"   , "16"    , "dds"
"ui\common\game\strategicicons\icon_ship_missile_selectedover.dds"            , "20"   , "16"    , "dds"
"ui\common\game\strategicicons\icon_ship_shield_over.dds"                     , "16"   , "12"    , "dds"
"ui\common\game\strategicicons\icon_ship_shield_rest.dds"                     , "16"   , "12"    , "dds"
"ui\common\game\strategicicons\icon_ship_shield_selected.dds"                 , "20"   , "16"    , "dds"
"ui\common\game\strategicicons\icon_ship_shield_selectedover.dds"             , "20"   , "16"    , "dds"
"ui\common\game\strategicicons\icon_ship1_air_over.dds"                       , "16"   , "16"    , "dds"
"ui\common\game\strategicicons\icon_ship1_air_rest.dds"                       , "16"   , "16"    , "dds"
"ui\common\game\strategicicons\icon_ship1_air_selected.dds"                   , "20"   , "16"    , "dds"
"ui\common\game\strategicicons\icon_ship1_air_selectedover.dds"               , "20"   , "16"    , "dds"
"ui\common\game\strategicicons\icon_ship1_antiair_over.dds"                   , "16"   , "16"    , "dds"
"ui\common\game\strategicicons\icon_ship1_antiair_rest.dds"                   , "16"   , "16"    , "dds"
"ui\common\game\strategicicons\icon_ship1_antiair_selected.dds"               , "20"   , "16"    , "dds"
"ui\common\game\strategicicons\icon_ship1_antiair_selectedover.dds"           , "20"   , "16"    , "dds"
"ui\common\game\strategicicons\icon_ship1_antinavy_over.dds"                  , "16"   , "16"    , "dds"
"ui\common\game\strategicicons\icon_ship1_antinavy_rest.dds"                  , "16"   , "16"    , "dds"
"ui\common\game\strategicicons\icon_ship1_antinavy_selected.dds"              , "20"   , "16"    , "dds"
"ui\common\game\strategicicons\icon_ship1_antinavy_selectedover.dds"          , "20"   , "16"    , "dds"
"ui\common\game\strategicicons\icon_ship1_counterintel_over.dds"              , "16"   , "16"    , "dds"
"ui\common\game\strategicicons\icon_ship1_counterintel_rest.dds"              , "16"   , "16"    , "dds"
"ui\common\game\strategicicons\icon_ship1_counterintel_selected.dds"          , "20"   , "16"    , "dds"
"ui\common\game\strategicicons\icon_ship1_counterintel_selectedover.dds"      , "20"   , "16"    , "dds"
"ui\common\game\strategicicons\icon_ship1_directfire_over.dds"                , "16"   , "16"    , "dds"
"ui\common\game\strategicicons\icon_ship1_directfire_rest.dds"                , "16"   , "16"    , "dds"
"ui\common\game\strategicicons\icon_ship1_directfire_selected.dds"            , "20"   , "16"    , "dds"
"ui\common\game\strategicicons\icon_ship1_directfire_selectedover.dds"        , "20"   , "16"    , "dds"
"ui\common\game\strategicicons\icon_ship1_generic_over.dds"                   , "16"   , "16"    , "dds"
"ui\common\game\strategicicons\icon_ship1_generic_rest.dds"                   , "16"   , "16"    , "dds"
"ui\common\game\strategicicons\icon_ship1_generic_selected.dds"               , "20"   , "16"    , "dds"
"ui\common\game\strategicicons\icon_ship1_generic_selectedover.dds"           , "20"   , "16"    , "dds"
"ui\common\game\strategicicons\icon_ship1_intel_over.dds"                     , "16"   , "16"    , "dds"
"ui\common\game\strategicicons\icon_ship1_intel_rest.dds"                     , "16"   , "16"    , "dds"
"ui\common\game\strategicicons\icon_ship1_intel_selected.dds"                 , "20"   , "16"    , "dds"
"ui\common\game\strategicicons\icon_ship1_intel_selectedover.dds"             , "20"   , "16"    , "dds"
"ui\common\game\strategicicons\icon_ship1_missile_over.dds"                   , "16"   , "16"    , "dds"
"ui\common\game\strategicicons\icon_ship1_missile_rest.dds"                   , "16"   , "16"    , "dds"
"ui\common\game\strategicicons\icon_ship1_missile_selected.dds"               , "20"   , "16"    , "dds"
"ui\common\game\strategicicons\icon_ship1_missile_selectedover.dds"           , "20"   , "16"    , "dds"
"ui\common\game\strategicicons\icon_ship1_shield_over.dds"                    , "16"   , "16"    , "dds"
"ui\common\game\strategicicons\icon_ship1_shield_rest.dds"                    , "16"   , "16"    , "dds"
"ui\common\game\strategicicons\icon_ship1_shield_selected.dds"                , "20"   , "16"    , "dds"
"ui\common\game\strategicicons\icon_ship1_shield_selectedover.dds"            , "20"   , "16"    , "dds"
"ui\common\game\strategicicons\icon_ship2_air_over.dds"                       , "16"   , "16"    , "dds"
"ui\common\game\strategicicons\icon_ship2_air_rest.dds"                       , "16"   , "16"    , "dds"
"ui\common\game\strategicicons\icon_ship2_air_selected.dds"                   , "20"   , "16"    , "dds"
"ui\common\game\strategicicons\icon_ship2_air_selectedover.dds"               , "20"   , "16"    , "dds"
"ui\common\game\strategicicons\icon_ship2_antiair_over.dds"                   , "16"   , "16"    , "dds"
"ui\common\game\strategicicons\icon_ship2_antiair_rest.dds"                   , "16"   , "16"    , "dds"
"ui\common\game\strategicicons\icon_ship2_antiair_selected.dds"               , "20"   , "16"    , "dds"
"ui\common\game\strategicicons\icon_ship2_antiair_selectedover.dds"           , "20"   , "16"    , "dds"
"ui\common\game\strategicicons\icon_ship2_antinavy_over.dds"                  , "16"   , "16"    , "dds"
"ui\common\game\strategicicons\icon_ship2_antinavy_rest.dds"                  , "16"   , "16"    , "dds"
"ui\common\game\strategicicons\icon_ship2_antinavy_selected.dds"              , "20"   , "16"    , "dds"
"ui\common\game\strategicicons\icon_ship2_antinavy_selectedover.dds"          , "20"   , "16"    , "dds"
"ui\common\game\strategicicons\icon_ship2_counterintel_over.dds"              , "16"   , "16"    , "dds"
"ui\common\game\strategicicons\icon_ship2_counterintel_rest.dds"              , "16"   , "16"    , "dds"
"ui\common\game\strategicicons\icon_ship2_counterintel_selected.dds"          , "20"   , "16"    , "dds"
"ui\common\game\strategicicons\icon_ship2_counterintel_selectedover.dds"      , "20"   , "16"    , "dds"
"ui\common\game\strategicicons\icon_ship2_directfire_over.dds"                , "16"   , "16"    , "dds"
"ui\common\game\strategicicons\icon_ship2_directfire_rest.dds"                , "16"   , "16"    , "dds"
"ui\common\game\strategicicons\icon_ship2_directfire_selected.dds"            , "20"   , "16"    , "dds"
"ui\common\game\strategicicons\icon_ship2_directfire_selectedover.dds"        , "20"   , "16"    , "dds"
"ui\common\game\strategicicons\icon_ship2_generic_over.dds"                   , "16"   , "16"    , "dds"
"ui\common\game\strategicicons\icon_ship2_generic_rest.dds"                   , "16"   , "16"    , "dds"
"ui\common\game\strategicicons\icon_ship2_generic_selected.dds"               , "20"   , "16"    , "dds"
"ui\common\game\strategicicons\icon_ship2_generic_selectedover.dds"           , "20"   , "16"    , "dds"
"ui\common\game\strategicicons\icon_ship2_intel_over.dds"                     , "16"   , "16"    , "dds"
"ui\common\game\strategicicons\icon_ship2_intel_rest.dds"                     , "16"   , "16"    , "dds"
"ui\common\game\strategicicons\icon_ship2_intel_selected.dds"                 , "20"   , "16"    , "dds"
"ui\common\game\strategicicons\icon_ship2_intel_selectedover.dds"             , "20"   , "16"    , "dds"
"ui\common\game\strategicicons\icon_ship2_missile_over.dds"                   , "16"   , "16"    , "dds"
"ui\common\game\strategicicons\icon_ship2_missile_rest.dds"                   , "16"   , "16"    , "dds"
"ui\common\game\strategicicons\icon_ship2_missile_selected.dds"               , "20"   , "16"    , "dds"
"ui\common\game\strategicicons\icon_ship2_missile_selectedover.dds"           , "20"   , "16"    , "dds"
"ui\common\game\strategicicons\icon_ship2_shield_over.dds"                    , "16"   , "16"    , "dds"
"ui\common\game\strategicicons\icon_ship2_shield_rest.dds"                    , "16"   , "16"    , "dds"
"ui\common\game\strategicicons\icon_ship2_shield_selected.dds"                , "20"   , "16"    , "dds"
"ui\common\game\strategicicons\icon_ship2_shield_selectedover.dds"            , "20"   , "16"    , "dds"
"ui\common\game\strategicicons\icon_ship3_air_over.dds"                       , "16"   , "16"    , "dds"
"ui\common\game\strategicicons\icon_ship3_air_rest.dds"                       , "16"   , "16"    , "dds"
"ui\common\game\strategicicons\icon_ship3_air_selected.dds"                   , "20"   , "16"    , "dds"
"ui\common\game\strategicicons\icon_ship3_air_selectedover.dds"               , "20"   , "16"    , "dds"
"ui\common\game\strategicicons\icon_ship3_antiair_over.dds"                   , "16"   , "16"    , "dds"
"ui\common\game\strategicicons\icon_ship3_antiair_rest.dds"                   , "16"   , "16"    , "dds"
"ui\common\game\strategicicons\icon_ship3_antiair_selected.dds"               , "20"   , "16"    , "dds"
"ui\common\game\strategicicons\icon_ship3_antiair_selectedover.dds"           , "20"   , "16"    , "dds"
"ui\common\game\strategicicons\icon_ship3_antinavy_over.dds"                  , "16"   , "16"    , "dds"
"ui\common\game\strategicicons\icon_ship3_antinavy_rest.dds"                  , "16"   , "16"    , "dds"
"ui\common\game\strategicicons\icon_ship3_antinavy_selected.dds"              , "20"   , "16"    , "dds"
"ui\common\game\strategicicons\icon_ship3_antinavy_selectedover.dds"          , "20"   , "16"    , "dds"
"ui\common\game\strategicicons\icon_ship3_counterintel_over.dds"              , "16"   , "16"    , "dds"
"ui\common\game\strategicicons\icon_ship3_counterintel_rest.dds"              , "16"   , "16"    , "dds"
"ui\common\game\strategicicons\icon_ship3_counterintel_selected.dds"          , "20"   , "16"    , "dds"
"ui\common\game\strategicicons\icon_ship3_counterintel_selectedover.dds"      , "20"   , "16"    , "dds"
"ui\common\game\strategicicons\icon_ship3_directfire_over.dds"                , "16"   , "16"    , "dds"
"ui\common\game\strategicicons\icon_ship3_directfire_rest.dds"                , "16"   , "16"    , "dds"
"ui\common\game\strategicicons\icon_ship3_directfire_selected.dds"            , "20"   , "16"    , "dds"
"ui\common\game\strategicicons\icon_ship3_directfire_selectedover.dds"        , "20"   , "16"    , "dds"
"ui\common\game\strategicicons\icon_ship3_generic_over.dds"                   , "16"   , "16"    , "dds"
"ui\common\game\strategicicons\icon_ship3_generic_rest.dds"                   , "16"   , "16"    , "dds"
"ui\common\game\strategicicons\icon_ship3_generic_selected.dds"               , "20"   , "16"    , "dds"
"ui\common\game\strategicicons\icon_ship3_generic_selectedover.dds"           , "20"   , "16"    , "dds"
"ui\common\game\strategicicons\icon_ship3_intel_over.dds"                     , "16"   , "16"    , "dds"
"ui\common\game\strategicicons\icon_ship3_intel_rest.dds"                     , "16"   , "16"    , "dds"
"ui\common\game\strategicicons\icon_ship3_intel_selected.dds"                 , "20"   , "16"    , "dds"
"ui\common\game\strategicicons\icon_ship3_intel_selectedover.dds"             , "20"   , "16"    , "dds"
"ui\common\game\strategicicons\icon_ship3_missile_over.dds"                   , "16"   , "16"    , "dds"
"ui\common\game\strategicicons\icon_ship3_missile_rest.dds"                   , "16"   , "16"    , "dds"
"ui\common\game\strategicicons\icon_ship3_missile_selected.dds"               , "20"   , "16"    , "dds"
"ui\common\game\strategicicons\icon_ship3_missile_selectedover.dds"           , "20"   , "16"    , "dds"
"ui\common\game\strategicicons\icon_ship3_shield_over.dds"                    , "16"   , "16"    , "dds"
"ui\common\game\strategicicons\icon_ship3_shield_rest.dds"                    , "16"   , "16"    , "dds"
"ui\common\game\strategicicons\icon_ship3_shield_selected.dds"                , "20"   , "16"    , "dds"
"ui\common\game\strategicicons\icon_ship3_shield_selectedover.dds"            , "20"   , "16"    , "dds"
"ui\common\game\strategicicons\icon_strategic_antinuke.dds"                   , "12"   , "12"    , "dds"
"ui\common\game\strategicicons\icon_strategic_artillery.dds"                  , "4"    , "4"     , "dds"
"ui\common\game\strategicicons\icon_strategic_ferrypoint_over.dds"            , "16"   , "16"    , "dds"
"ui\common\game\strategicicons\icon_strategic_ferrypoint_rest.dds"            , "16"   , "16"    , "dds"
"ui\common\game\strategicicons\icon_strategic_ferrypoint_selected.dds"        , "16"   , "16"    , "dds"
"ui\common\game\strategicicons\icon_strategic_ferrypoint_selectedover.dds"    , "16"   , "16"    , "dds"
"ui\common\game\strategicicons\icon_strategic_nuclear.dds"                    , "20"   , "20"    , "dds"
"ui\common\game\strategicicons\icon_strategic_nuke.dds"                       , "20"   , "20"    , "dds"
"ui\common\game\strategicicons\icon_structure_air_over.dds"                   , "12"   , "12"    , "dds"
"ui\common\game\strategicicons\icon_structure_air_rest.dds"                   , "12"   , "12"    , "dds"
"ui\common\game\strategicicons\icon_structure_air_selected.dds"               , "16"   , "16"    , "dds"
"ui\common\game\strategicicons\icon_structure_air_selectedover.dds"           , "16"   , "16"    , "dds"
"ui\common\game\strategicicons\icon_structure_antiair_over.dds"               , "12"   , "12"    , "dds"
"ui\common\game\strategicicons\icon_structure_antiair_rest.dds"               , "12"   , "12"    , "dds"
"ui\common\game\strategicicons\icon_structure_antiair_selected.dds"           , "16"   , "16"    , "dds"
"ui\common\game\strategicicons\icon_structure_antiair_selectedover.dds"       , "16"   , "16"    , "dds"
"ui\common\game\strategicicons\icon_structure_antiartillery_over.dds"         , "12"   , "12"    , "dds"
"ui\common\game\strategicicons\icon_structure_antiartillery_rest.dds"         , "12"   , "12"    , "dds"
"ui\common\game\strategicicons\icon_structure_antiartillery_selected.dds"     , "16"   , "16"    , "dds"
"ui\common\game\strategicicons\icon_structure_antiartillery_selectedover.dds" , "16"   , "16"    , "dds"
"ui\common\game\strategicicons\icon_structure_antimissile_over.dds"           , "12"   , "12"    , "dds"
"ui\common\game\strategicicons\icon_structure_antimissile_rest.dds"           , "12"   , "12"    , "dds"
"ui\common\game\strategicicons\icon_structure_antimissile_selected.dds"       , "16"   , "16"    , "dds"
"ui\common\game\strategicicons\icon_structure_antimissile_selectedover.dds"   , "16"   , "16"    , "dds"
"ui\common\game\strategicicons\icon_structure_antinavy_over.dds"              , "12"   , "12"    , "dds"
"ui\common\game\strategicicons\icon_structure_antinavy_rest.dds"              , "12"   , "12"    , "dds"
"ui\common\game\strategicicons\icon_structure_antinavy_selected.dds"          , "16"   , "16"    , "dds"
"ui\common\game\strategicicons\icon_structure_antinavy_selectedover.dds"      , "16"   , "16"    , "dds"
"ui\common\game\strategicicons\icon_structure_artillery_over.dds"             , "12"   , "12"    , "dds"
"ui\common\game\strategicicons\icon_structure_artillery_rest.dds"             , "12"   , "12"    , "dds"
"ui\common\game\strategicicons\icon_structure_artillery_selected.dds"         , "16"   , "16"    , "dds"
"ui\common\game\strategicicons\icon_structure_artillery_selectedover.dds"     , "16"   , "16"    , "dds"
"ui\common\game\strategicicons\icon_structure_counterintel_over.dds"          , "12"   , "12"    , "dds"
"ui\common\game\strategicicons\icon_structure_counterintel_rest.dds"          , "12"   , "12"    , "dds"
"ui\common\game\strategicicons\icon_structure_counterintel_selected.dds"      , "16"   , "16"    , "dds"
"ui\common\game\strategicicons\icon_structure_counterintel_selectedover.dds"  , "16"   , "16"    , "dds"
"ui\common\game\strategicicons\icon_structure_directfire_over.dds"            , "12"   , "12"    , "dds"
"ui\common\game\strategicicons\icon_structure_directfire_rest.dds"            , "12"   , "12"    , "dds"
"ui\common\game\strategicicons\icon_structure_directfire_selected.dds"        , "16"   , "16"    , "dds"
"ui\common\game\strategicicons\icon_structure_directfire_selectedover.dds"    , "16"   , "16"    , "dds"
"ui\common\game\strategicicons\icon_structure_energy_over.dds"                , "12"   , "12"    , "dds"
"ui\common\game\strategicicons\icon_structure_energy_rest.dds"                , "12"   , "12"    , "dds"
"ui\common\game\strategicicons\icon_structure_energy_selected.dds"            , "16"   , "16"    , "dds"
"ui\common\game\strategicicons\icon_structure_energy_selectedover.dds"        , "16"   , "16"    , "dds"
"ui\common\game\strategicicons\icon_structure_engineer_over.dds"              , "12"   , "12"    , "dds"
"ui\common\game\strategicicons\icon_structure_engineer_rest.dds"              , "12"   , "12"    , "dds"
"ui\common\game\strategicicons\icon_structure_engineer_selected.dds"          , "16"   , "16"    , "dds"
"ui\common\game\strategicicons\icon_structure_engineer_selectedover.dds"      , "16"   , "16"    , "dds"
"ui\common\game\strategicicons\icon_structure_generic_over.dds"               , "12"   , "12"    , "dds"
"ui\common\game\strategicicons\icon_structure_generic_rest.dds"               , "12"   , "12"    , "dds"
"ui\common\game\strategicicons\icon_structure_generic_selected.dds"           , "16"   , "16"    , "dds"
"ui\common\game\strategicicons\icon_structure_generic_selectedover.dds"       , "16"   , "16"    , "dds"
"ui\common\game\strategicicons\icon_structure_intel_over.dds"                 , "12"   , "12"    , "dds"
"ui\common\game\strategicicons\icon_structure_intel_rest.dds"                 , "12"   , "12"    , "dds"
"ui\common\game\strategicicons\icon_structure_intel_selected.dds"             , "16"   , "16"    , "dds"
"ui\common\game\strategicicons\icon_structure_intel_selectedover.dds"         , "16"   , "16"    , "dds"
"ui\common\game\strategicicons\icon_structure_land_over.dds"                  , "12"   , "12"    , "dds"
"ui\common\game\strategicicons\icon_structure_land_rest.dds"                  , "12"   , "12"    , "dds"
"ui\common\game\strategicicons\icon_structure_land_selected.dds"              , "16"   , "16"    , "dds"
"ui\common\game\strategicicons\icon_structure_land_selectedover.dds"          , "16"   , "16"    , "dds"
"ui\common\game\strategicicons\icon_structure_mass_over.dds"                  , "12"   , "12"    , "dds"
"ui\common\game\strategicicons\icon_structure_mass_rest.dds"                  , "12"   , "12"    , "dds"
"ui\common\game\strategicicons\icon_structure_mass_selected.dds"              , "16"   , "16"    , "dds"
"ui\common\game\strategicicons\icon_structure_mass_selectedover.dds"          , "16"   , "16"    , "dds"
"ui\common\game\strategicicons\icon_structure_missile_over.dds"               , "12"   , "12"    , "dds"
"ui\common\game\strategicicons\icon_structure_missile_rest.dds"               , "12"   , "12"    , "dds"
"ui\common\game\strategicicons\icon_structure_missile_selected.dds"           , "16"   , "16"    , "dds"
"ui\common\game\strategicicons\icon_structure_missile_selectedover.dds"       , "16"   , "16"    , "dds"
"ui\common\game\strategicicons\icon_structure_naval_over.dds"                 , "12"   , "12"    , "dds"
"ui\common\game\strategicicons\icon_structure_naval_rest.dds"                 , "12"   , "12"    , "dds"
"ui\common\game\strategicicons\icon_structure_naval_selected.dds"             , "16"   , "16"    , "dds"
"ui\common\game\strategicicons\icon_structure_naval_selectedover.dds"         , "16"   , "16"    , "dds"
"ui\common\game\strategicicons\icon_structure_shield_over.dds"                , "12"   , "12"    , "dds"
"ui\common\game\strategicicons\icon_structure_shield_rest.dds"                , "12"   , "12"    , "dds"
"ui\common\game\strategicicons\icon_structure_shield_selected.dds"            , "16"   , "16"    , "dds"
"ui\common\game\strategicicons\icon_structure_shield_selectedover.dds"        , "16"   , "16"    , "dds"
"ui\common\game\strategicicons\icon_structure_transport_over.dds"             , "12"   , "12"    , "dds"
"ui\common\game\strategicicons\icon_structure_transport_rest.dds"             , "12"   , "12"    , "dds"
"ui\common\game\strategicicons\icon_structure_transport_selected.dds"         , "16"   , "16"    , "dds"
"ui\common\game\strategicicons\icon_structure_transport_selectedover.dds"     , "16"   , "16"    , "dds"
"ui\common\game\strategicicons\icon_structure_wall_over.dds"                  , "8"    , "8"     , "dds"
"ui\common\game\strategicicons\icon_structure_wall_rest.dds"                  , "8"    , "8"     , "dds"
"ui\common\game\strategicicons\icon_structure_wall_selected.dds"              , "12"   , "12"    , "dds"
"ui\common\game\strategicicons\icon_structure_wall_selectedover.dds"          , "12"   , "12"    , "dds"
"ui\common\game\strategicicons\icon_structure1_air_over.dds"                  , "12"   , "16"    , "dds"
"ui\common\game\strategicicons\icon_structure1_air_rest.dds"                  , "12"   , "16"    , "dds"
"ui\common\game\strategicicons\icon_structure1_air_selected.dds"              , "16"   , "20"    , "dds"
"ui\common\game\strategicicons\icon_structure1_air_selectedover.dds"          , "16"   , "20"    , "dds"
"ui\common\game\strategicicons\icon_structure1_antiair_over.dds"              , "12"   , "16"    , "dds"
"ui\common\game\strategicicons\icon_structure1_antiair_rest.dds"              , "12"   , "16"    , "dds"
"ui\common\game\strategicicons\icon_structure1_antiair_selected.dds"          , "16"   , "20"    , "dds"
"ui\common\game\strategicicons\icon_structure1_antiair_selectedover.dds"      , "16"   , "20"    , "dds"
"ui\common\game\strategicicons\icon_structure1_antiartillery_over.dds"        , "12"   , "16"    , "dds"
"ui\common\game\strategicicons\icon_structure1_antiartillery_rest.dds"        , "12"   , "16"    , "dds"
"ui\common\game\strategicicons\icon_structure1_antiartillery_selected.dds"    , "16"   , "20"    , "dds"
"ui\common\game\strategicicons\icon_structure1_antiartillery_selectedover.dds", "16"   , "20"    , "dds"
"ui\common\game\strategicicons\icon_structure1_antimissile_over.dds"          , "12"   , "16"    , "dds"
"ui\common\game\strategicicons\icon_structure1_antimissile_rest.dds"          , "12"   , "16"    , "dds"
"ui\common\game\strategicicons\icon_structure1_antimissile_selected.dds"      , "16"   , "20"    , "dds"
"ui\common\game\strategicicons\icon_structure1_antimissile_selectedover.dds"  , "16"   , "20"    , "dds"
"ui\common\game\strategicicons\icon_structure1_antinavy_over.dds"             , "12"   , "16"    , "dds"
"ui\common\game\strategicicons\icon_structure1_antinavy_rest.dds"             , "12"   , "16"    , "dds"
"ui\common\game\strategicicons\icon_structure1_antinavy_selected.dds"         , "16"   , "20"    , "dds"
"ui\common\game\strategicicons\icon_structure1_antinavy_selectedover.dds"     , "16"   , "20"    , "dds"
"ui\common\game\strategicicons\icon_structure1_artillery_over.dds"            , "12"   , "16"    , "dds"
"ui\common\game\strategicicons\icon_structure1_artillery_rest.dds"            , "12"   , "16"    , "dds"
"ui\common\game\strategicicons\icon_structure1_artillery_selected.dds"        , "16"   , "20"    , "dds"
"ui\common\game\strategicicons\icon_structure1_artillery_selectedover.dds"    , "16"   , "20"    , "dds"
"ui\common\game\strategicicons\icon_structure1_counterintel_over.dds"         , "12"   , "16"    , "dds"
"ui\common\game\strategicicons\icon_structure1_counterintel_rest.dds"         , "12"   , "16"    , "dds"
"ui\common\game\strategicicons\icon_structure1_counterintel_selected.dds"     , "16"   , "20"    , "dds"
"ui\common\game\strategicicons\icon_structure1_counterintel_selectedover.dds" , "16"   , "20"    , "dds"
"ui\common\game\strategicicons\icon_structure1_directfire_over.dds"           , "12"   , "16"    , "dds"
"ui\common\game\strategicicons\icon_structure1_directfire_rest.dds"           , "12"   , "16"    , "dds"
"ui\common\game\strategicicons\icon_structure1_directfire_selected.dds"       , "16"   , "20"    , "dds"
"ui\common\game\strategicicons\icon_structure1_directfire_selectedover.dds"   , "16"   , "20"    , "dds"
"ui\common\game\strategicicons\icon_structure1_energy_over.dds"               , "12"   , "16"    , "dds"
"ui\common\game\strategicicons\icon_structure1_energy_rest.dds"               , "12"   , "16"    , "dds"
"ui\common\game\strategicicons\icon_structure1_energy_selected.dds"           , "16"   , "20"    , "dds"
"ui\common\game\strategicicons\icon_structure1_energy_selectedover.dds"       , "16"   , "20"    , "dds"
"ui\common\game\strategicicons\icon_structure1_engineer_over.dds"             , "16"   , "20"    , "dds"
"ui\common\game\strategicicons\icon_structure1_engineer_rest.dds"             , "12"   , "16"    , "dds"
"ui\common\game\strategicicons\icon_structure1_engineer_selected.dds"         , "16"   , "20"    , "dds"
"ui\common\game\strategicicons\icon_structure1_engineer_selectedover.dds"     , "16"   , "20"    , "dds"
"ui\common\game\strategicicons\icon_structure1_generic_over.dds"              , "12"   , "16"    , "dds"
"ui\common\game\strategicicons\icon_structure1_generic_rest.dds"              , "12"   , "16"    , "dds"
"ui\common\game\strategicicons\icon_structure1_generic_selected.dds"          , "16"   , "20"    , "dds"
"ui\common\game\strategicicons\icon_structure1_generic_selectedover.dds"      , "16"   , "20"    , "dds"
"ui\common\game\strategicicons\icon_structure1_intel_over.dds"                , "12"   , "16"    , "dds"
"ui\common\game\strategicicons\icon_structure1_intel_rest.dds"                , "12"   , "16"    , "dds"
"ui\common\game\strategicicons\icon_structure1_intel_selected.dds"            , "16"   , "20"    , "dds"
"ui\common\game\strategicicons\icon_structure1_intel_selectedover.dds"        , "16"   , "20"    , "dds"
"ui\common\game\strategicicons\icon_structure1_land_over.dds"                 , "12"   , "16"    , "dds"
"ui\common\game\strategicicons\icon_structure1_land_rest.dds"                 , "12"   , "16"    , "dds"
"ui\common\game\strategicicons\icon_structure1_land_selected.dds"             , "16"   , "20"    , "dds"
"ui\common\game\strategicicons\icon_structure1_land_selectedover.dds"         , "16"   , "20"    , "dds"
"ui\common\game\strategicicons\icon_structure1_mass_over.dds"                 , "12"   , "16"    , "dds"
"ui\common\game\strategicicons\icon_structure1_mass_rest.dds"                 , "12"   , "16"    , "dds"
"ui\common\game\strategicicons\icon_structure1_mass_selected.dds"             , "16"   , "20"    , "dds"
"ui\common\game\strategicicons\icon_structure1_mass_selectedover.dds"         , "16"   , "20"    , "dds"
"ui\common\game\strategicicons\icon_structure1_missile_over.dds"              , "12"   , "16"    , "dds"
"ui\common\game\strategicicons\icon_structure1_missile_rest.dds"              , "12"   , "16"    , "dds"
"ui\common\game\strategicicons\icon_structure1_missile_selected.dds"          , "16"   , "20"    , "dds"
"ui\common\game\strategicicons\icon_structure1_missile_selectedover.dds"      , "16"   , "20"    , "dds"
"ui\common\game\strategicicons\icon_structure1_naval_over.dds"                , "12"   , "16"    , "dds"
"ui\common\game\strategicicons\icon_structure1_naval_rest.dds"                , "12"   , "16"    , "dds"
"ui\common\game\strategicicons\icon_structure1_naval_selected.dds"            , "16"   , "20"    , "dds"
"ui\common\game\strategicicons\icon_structure1_naval_selectedover.dds"        , "16"   , "20"    , "dds"
"ui\common\game\strategicicons\icon_structure1_shield_over.dds"               , "12"   , "16"    , "dds"
"ui\common\game\strategicicons\icon_structure1_shield_rest.dds"               , "12"   , "16"    , "dds"
"ui\common\game\strategicicons\icon_structure1_shield_selected.dds"           , "16"   , "20"    , "dds"
"ui\common\game\strategicicons\icon_structure1_shield_selectedover.dds"       , "16"   , "20"    , "dds"
"ui\common\game\strategicicons\icon_structure1_transport_over.dds"            , "12"   , "16"    , "dds"
"ui\common\game\strategicicons\icon_structure1_transport_rest.dds"            , "12"   , "16"    , "dds"
"ui\common\game\strategicicons\icon_structure1_transport_selected.dds"        , "16"   , "20"    , "dds"
"ui\common\game\strategicicons\icon_structure1_transport_selectedover.dds"    , "16"   , "20"    , "dds"
"ui\common\game\strategicicons\icon_structure2_air_over.dds"                  , "12"   , "16"    , "dds"
"ui\common\game\strategicicons\icon_structure2_air_rest.dds"                  , "12"   , "16"    , "dds"
"ui\common\game\strategicicons\icon_structure2_air_selected.dds"              , "16"   , "20"    , "dds"
"ui\common\game\strategicicons\icon_structure2_air_selectedover.dds"          , "16"   , "20"    , "dds"
"ui\common\game\strategicicons\icon_structure2_antiair_over.dds"              , "12"   , "16"    , "dds"
"ui\common\game\strategicicons\icon_structure2_antiair_rest.dds"              , "12"   , "16"    , "dds"
"ui\common\game\strategicicons\icon_structure2_antiair_selected.dds"          , "16"   , "20"    , "dds"
"ui\common\game\strategicicons\icon_structure2_antiair_selectedover.dds"      , "16"   , "20"    , "dds"
"ui\common\game\strategicicons\icon_structure2_antiartillery_over.dds"        , "12"   , "16"    , "dds"
"ui\common\game\strategicicons\icon_structure2_antiartillery_rest.dds"        , "12"   , "16"    , "dds"
"ui\common\game\strategicicons\icon_structure2_antiartillery_selected.dds"    , "16"   , "20"    , "dds"
"ui\common\game\strategicicons\icon_structure2_antiartillery_selectedover.dds", "16"   , "20"    , "dds"
"ui\common\game\strategicicons\icon_structure2_antimissile_over.dds"          , "12"   , "16"    , "dds"
"ui\common\game\strategicicons\icon_structure2_antimissile_rest.dds"          , "12"   , "16"    , "dds"
"ui\common\game\strategicicons\icon_structure2_antimissile_selected.dds"      , "16"   , "20"    , "dds"
"ui\common\game\strategicicons\icon_structure2_antimissile_selectedover.dds"  , "16"   , "20"    , "dds"
"ui\common\game\strategicicons\icon_structure2_antinavy_over.dds"             , "12"   , "16"    , "dds"
"ui\common\game\strategicicons\icon_structure2_antinavy_rest.dds"             , "12"   , "16"    , "dds"
"ui\common\game\strategicicons\icon_structure2_antinavy_selected.dds"         , "16"   , "20"    , "dds"
"ui\common\game\strategicicons\icon_structure2_antinavy_selectedover.dds"     , "16"   , "20"    , "dds"
"ui\common\game\strategicicons\icon_structure2_artillery_over.dds"            , "12"   , "16"    , "dds"
"ui\common\game\strategicicons\icon_structure2_artillery_rest.dds"            , "12"   , "16"    , "dds"
"ui\common\game\strategicicons\icon_structure2_artillery_selected.dds"        , "16"   , "20"    , "dds"
"ui\common\game\strategicicons\icon_structure2_artillery_selectedover.dds"    , "16"   , "20"    , "dds"
"ui\common\game\strategicicons\icon_structure2_counterintel_over.dds"         , "12"   , "16"    , "dds"
"ui\common\game\strategicicons\icon_structure2_counterintel_rest.dds"         , "12"   , "16"    , "dds"
"ui\common\game\strategicicons\icon_structure2_counterintel_selected.dds"     , "16"   , "20"    , "dds"
"ui\common\game\strategicicons\icon_structure2_counterintel_selectedover.dds" , "16"   , "20"    , "dds"
"ui\common\game\strategicicons\icon_structure2_directfire_over.dds"           , "12"   , "16"    , "dds"
"ui\common\game\strategicicons\icon_structure2_directfire_rest.dds"           , "12"   , "16"    , "dds"
"ui\common\game\strategicicons\icon_structure2_directfire_selected.dds"       , "16"   , "20"    , "dds"
"ui\common\game\strategicicons\icon_structure2_directfire_selectedover.dds"   , "16"   , "20"    , "dds"
"ui\common\game\strategicicons\icon_structure2_energy_over.dds"               , "12"   , "16"    , "dds"
"ui\common\game\strategicicons\icon_structure2_energy_rest.dds"               , "12"   , "16"    , "dds"
"ui\common\game\strategicicons\icon_structure2_energy_selected.dds"           , "16"   , "20"    , "dds"
"ui\common\game\strategicicons\icon_structure2_energy_selectedover.dds"       , "16"   , "20"    , "dds"
"ui\common\game\strategicicons\icon_structure2_engineer_over.dds"             , "16"   , "20"    , "dds"
"ui\common\game\strategicicons\icon_structure2_engineer_rest.dds"             , "12"   , "16"    , "dds"
"ui\common\game\strategicicons\icon_structure2_engineer_selected.dds"         , "16"   , "20"    , "dds"
"ui\common\game\strategicicons\icon_structure2_engineer_selectedover.dds"     , "16"   , "20"    , "dds"
"ui\common\game\strategicicons\icon_structure2_generic_over.dds"              , "12"   , "16"    , "dds"
"ui\common\game\strategicicons\icon_structure2_generic_rest.dds"              , "12"   , "16"    , "dds"
"ui\common\game\strategicicons\icon_structure2_generic_selected.dds"          , "16"   , "20"    , "dds"
"ui\common\game\strategicicons\icon_structure2_generic_selectedover.dds"      , "16"   , "20"    , "dds"
"ui\common\game\strategicicons\icon_structure2_intel_over.dds"                , "12"   , "16"    , "dds"
"ui\common\game\strategicicons\icon_structure2_intel_rest.dds"                , "12"   , "16"    , "dds"
"ui\common\game\strategicicons\icon_structure2_intel_selected.dds"            , "16"   , "20"    , "dds"
"ui\common\game\strategicicons\icon_structure2_intel_selectedover.dds"        , "16"   , "20"    , "dds"
"ui\common\game\strategicicons\icon_structure2_land_over.dds"                 , "12"   , "16"    , "dds"
"ui\common\game\strategicicons\icon_structure2_land_rest.dds"                 , "12"   , "16"    , "dds"
"ui\common\game\strategicicons\icon_structure2_land_selected.dds"             , "16"   , "20"    , "dds"
"ui\common\game\strategicicons\icon_structure2_land_selectedover.dds"         , "16"   , "20"    , "dds"
"ui\common\game\strategicicons\icon_structure2_mass_over.dds"                 , "12"   , "16"    , "dds"
"ui\common\game\strategicicons\icon_structure2_mass_rest.dds"                 , "12"   , "16"    , "dds"
"ui\common\game\strategicicons\icon_structure2_mass_selected.dds"             , "16"   , "20"    , "dds"
"ui\common\game\strategicicons\icon_structure2_mass_selectedover.dds"         , "16"   , "20"    , "dds"
"ui\common\game\strategicicons\icon_structure2_missile_over.dds"              , "12"   , "16"    , "dds"
"ui\common\game\strategicicons\icon_structure2_missile_rest.dds"              , "12"   , "16"    , "dds"
"ui\common\game\strategicicons\icon_structure2_missile_selected.dds"          , "16"   , "20"    , "dds"
"ui\common\game\strategicicons\icon_structure2_missile_selectedover.dds"      , "16"   , "20"    , "dds"
"ui\common\game\strategicicons\icon_structure2_naval_over.dds"                , "12"   , "16"    , "dds"
"ui\common\game\strategicicons\icon_structure2_naval_rest.dds"                , "12"   , "16"    , "dds"
"ui\common\game\strategicicons\icon_structure2_naval_selected.dds"            , "16"   , "20"    , "dds"
"ui\common\game\strategicicons\icon_structure2_naval_selectedover.dds"        , "16"   , "20"    , "dds"
"ui\common\game\strategicicons\icon_structure2_shield_over.dds"               , "12"   , "16"    , "dds"
"ui\common\game\strategicicons\icon_structure2_shield_rest.dds"               , "12"   , "16"    , "dds"
"ui\common\game\strategicicons\icon_structure2_shield_selected.dds"           , "16"   , "20"    , "dds"
"ui\common\game\strategicicons\icon_structure2_shield_selectedover.dds"       , "16"   , "20"    , "dds"
"ui\common\game\strategicicons\icon_structure2_transport_over.dds"            , "12"   , "16"    , "dds"
"ui\common\game\strategicicons\icon_structure2_transport_rest.dds"            , "12"   , "16"    , "dds"
"ui\common\game\strategicicons\icon_structure2_transport_selected.dds"        , "16"   , "20"    , "dds"
"ui\common\game\strategicicons\icon_structure2_transport_selectedover.dds"    , "16"   , "20"    , "dds"
"ui\common\game\strategicicons\icon_structure3_air_over.dds"                  , "12"   , "16"    , "dds"
"ui\common\game\strategicicons\icon_structure3_air_rest.dds"                  , "12"   , "16"    , "dds"
"ui\common\game\strategicicons\icon_structure3_air_selected.dds"              , "16"   , "20"    , "dds"
"ui\common\game\strategicicons\icon_structure3_air_selectedover.dds"          , "16"   , "20"    , "dds"
"ui\common\game\strategicicons\icon_structure3_antiair_over.dds"              , "12"   , "16"    , "dds"
"ui\common\game\strategicicons\icon_structure3_antiair_rest.dds"              , "12"   , "16"    , "dds"
"ui\common\game\strategicicons\icon_structure3_antiair_selected.dds"          , "16"   , "20"    , "dds"
"ui\common\game\strategicicons\icon_structure3_antiair_selectedover.dds"      , "16"   , "20"    , "dds"
"ui\common\game\strategicicons\icon_structure3_antiartillery_over.dds"        , "12"   , "16"    , "dds"
"ui\common\game\strategicicons\icon_structure3_antiartillery_rest.dds"        , "12"   , "16"    , "dds"
"ui\common\game\strategicicons\icon_structure3_antiartillery_selected.dds"    , "16"   , "20"    , "dds"
"ui\common\game\strategicicons\icon_structure3_antiartillery_selectedover.dds", "16"   , "20"    , "dds"
"ui\common\game\strategicicons\icon_structure3_antimissile_over.dds"          , "12"   , "16"    , "dds"
"ui\common\game\strategicicons\icon_structure3_antimissile_rest.dds"          , "12"   , "16"    , "dds"
"ui\common\game\strategicicons\icon_structure3_antimissile_selected.dds"      , "16"   , "20"    , "dds"
"ui\common\game\strategicicons\icon_structure3_antimissile_selectedover.dds"  , "16"   , "20"    , "dds"
"ui\common\game\strategicicons\icon_structure3_antinavy_over.dds"             , "12"   , "16"    , "dds"
"ui\common\game\strategicicons\icon_structure3_antinavy_rest.dds"             , "12"   , "16"    , "dds"
"ui\common\game\strategicicons\icon_structure3_antinavy_selected.dds"         , "16"   , "20"    , "dds"
"ui\common\game\strategicicons\icon_structure3_antinavy_selectedover.dds"     , "16"   , "20"    , "dds"
"ui\common\game\strategicicons\icon_structure3_artillery_over.dds"            , "12"   , "16"    , "dds"
"ui\common\game\strategicicons\icon_structure3_artillery_rest.dds"            , "12"   , "16"    , "dds"
"ui\common\game\strategicicons\icon_structure3_artillery_selected.dds"        , "16"   , "20"    , "dds"
"ui\common\game\strategicicons\icon_structure3_artillery_selectedover.dds"    , "16"   , "20"    , "dds"
"ui\common\game\strategicicons\icon_structure3_counterintel_over.dds"         , "12"   , "16"    , "dds"
"ui\common\game\strategicicons\icon_structure3_counterintel_rest.dds"         , "12"   , "16"    , "dds"
"ui\common\game\strategicicons\icon_structure3_counterintel_selected.dds"     , "16"   , "20"    , "dds"
"ui\common\game\strategicicons\icon_structure3_counterintel_selectedover.dds" , "16"   , "20"    , "dds"
"ui\common\game\strategicicons\icon_structure3_directfire_over.dds"           , "12"   , "16"    , "dds"
"ui\common\game\strategicicons\icon_structure3_directfire_rest.dds"           , "12"   , "16"    , "dds"
"ui\common\game\strategicicons\icon_structure3_directfire_selected.dds"       , "16"   , "20"    , "dds"
"ui\common\game\strategicicons\icon_structure3_directfire_selectedover.dds"   , "16"   , "20"    , "dds"
"ui\common\game\strategicicons\icon_structure3_energy_over.dds"               , "12"   , "16"    , "dds"
"ui\common\game\strategicicons\icon_structure3_energy_rest.dds"               , "12"   , "16"    , "dds"
"ui\common\game\strategicicons\icon_structure3_energy_selected.dds"           , "16"   , "20"    , "dds"
"ui\common\game\strategicicons\icon_structure3_energy_selectedover.dds"       , "16"   , "20"    , "dds"
"ui\common\game\strategicicons\icon_structure3_engineer_over.dds"             , "16"   , "20"    , "dds"
"ui\common\game\strategicicons\icon_structure3_engineer_rest.dds"             , "12"   , "16"    , "dds"
"ui\common\game\strategicicons\icon_structure3_engineer_selected.dds"         , "16"   , "20"    , "dds"
"ui\common\game\strategicicons\icon_structure3_engineer_selectedover.dds"     , "16"   , "20"    , "dds"
"ui\common\game\strategicicons\icon_structure3_generic_over.dds"              , "12"   , "16"    , "dds"
"ui\common\game\strategicicons\icon_structure3_generic_rest.dds"              , "12"   , "16"    , "dds"
"ui\common\game\strategicicons\icon_structure3_generic_selected.dds"          , "16"   , "20"    , "dds"
"ui\common\game\strategicicons\icon_structure3_generic_selectedover.dds"      , "16"   , "20"    , "dds"
"ui\common\game\strategicicons\icon_structure3_intel_over.dds"                , "12"   , "16"    , "dds"
"ui\common\game\strategicicons\icon_structure3_intel_rest.dds"                , "12"   , "16"    , "dds"
"ui\common\game\strategicicons\icon_structure3_intel_selected.dds"            , "16"   , "20"    , "dds"
"ui\common\game\strategicicons\icon_structure3_intel_selectedover.dds"        , "16"   , "20"    , "dds"
"ui\common\game\strategicicons\icon_structure3_land_over.dds"                 , "12"   , "16"    , "dds"
"ui\common\game\strategicicons\icon_structure3_land_rest.dds"                 , "12"   , "16"    , "dds"
"ui\common\game\strategicicons\icon_structure3_land_selected.dds"             , "16"   , "20"    , "dds"
"ui\common\game\strategicicons\icon_structure3_land_selectedover.dds"         , "16"   , "20"    , "dds"
"ui\common\game\strategicicons\icon_structure3_mass_over.dds"                 , "12"   , "16"    , "dds"
"ui\common\game\strategicicons\icon_structure3_mass_rest.dds"                 , "12"   , "16"    , "dds"
"ui\common\game\strategicicons\icon_structure3_mass_selected.dds"             , "16"   , "20"    , "dds"
"ui\common\game\strategicicons\icon_structure3_mass_selectedover.dds"         , "16"   , "20"    , "dds"
"ui\common\game\strategicicons\icon_structure3_missile_over.dds"              , "12"   , "16"    , "dds"
"ui\common\game\strategicicons\icon_structure3_missile_rest.dds"              , "12"   , "16"    , "dds"
"ui\common\game\strategicicons\icon_structure3_missile_selected.dds"          , "16"   , "20"    , "dds"
"ui\common\game\strategicicons\icon_structure3_missile_selectedover.dds"      , "16"   , "20"    , "dds"
"ui\common\game\strategicicons\icon_structure3_naval_over.dds"                , "12"   , "16"    , "dds"
"ui\common\game\strategicicons\icon_structure3_naval_rest.dds"                , "12"   , "16"    , "dds"
"ui\common\game\strategicicons\icon_structure3_naval_selected.dds"            , "16"   , "20"    , "dds"
"ui\common\game\strategicicons\icon_structure3_naval_selectedover.dds"        , "16"   , "20"    , "dds"
"ui\common\game\strategicicons\icon_structure3_shield_over.dds"               , "12"   , "16"    , "dds"
"ui\common\game\strategicicons\icon_structure3_shield_rest.dds"               , "12"   , "16"    , "dds"
"ui\common\game\strategicicons\icon_structure3_shield_selected.dds"           , "16"   , "20"    , "dds"
"ui\common\game\strategicicons\icon_structure3_shield_selectedover.dds"       , "16"   , "20"    , "dds"
"ui\common\game\strategicicons\icon_structure3_transport_over.dds"            , "12"   , "16"    , "dds"
"ui\common\game\strategicicons\icon_structure3_transport_rest.dds"            , "12"   , "16"    , "dds"
"ui\common\game\strategicicons\icon_structure3_transport_selected.dds"        , "16"   , "20"    , "dds"
"ui\common\game\strategicicons\icon_structure3_transport_selectedover.dds"    , "16"   , "20"    , "dds"
"ui\common\game\strategicicons\icon_sub_antinavy_over.dds"                    , "16"   , "12"    , "dds"
"ui\common\game\strategicicons\icon_sub_antinavy_rest.dds"                    , "16"   , "12"    , "dds"
"ui\common\game\strategicicons\icon_sub_antinavy_selected.dds"                , "20"   , "16"    , "dds"
"ui\common\game\strategicicons\icon_sub_antinavy_selectedover.dds"            , "20"   , "16"    , "dds"
"ui\common\game\strategicicons\icon_sub_directfire_over.dds"                  , "16"   , "12"    , "dds"
"ui\common\game\strategicicons\icon_sub_directfire_rest.dds"                  , "16"   , "12"    , "dds"
"ui\common\game\strategicicons\icon_sub_directfire_selected.dds"              , "20"   , "16"    , "dds"
"ui\common\game\strategicicons\icon_sub_directfire_selectedover.dds"          , "20"   , "16"    , "dds"
"ui\common\game\strategicicons\icon_sub_generic_over.dds"                     , "16"   , "12"    , "dds"
"ui\common\game\strategicicons\icon_sub_generic_rest.dds"                     , "16"   , "12"    , "dds"
"ui\common\game\strategicicons\icon_sub_generic_selected.dds"                 , "20"   , "16"    , "dds"
"ui\common\game\strategicicons\icon_sub_generic_selectedover.dds"             , "20"   , "16"    , "dds"
"ui\common\game\strategicicons\icon_sub_intel_over.dds"                       , "16"   , "12"    , "dds"
"ui\common\game\strategicicons\icon_sub_intel_rest.dds"                       , "16"   , "12"    , "dds"
"ui\common\game\strategicicons\icon_sub_intel_selected.dds"                   , "20"   , "16"    , "dds"
"ui\common\game\strategicicons\icon_sub_intel_selectedover.dds"               , "20"   , "16"    , "dds"
"ui\common\game\strategicicons\icon_sub_missile_over.dds"                     , "16"   , "12"    , "dds"
"ui\common\game\strategicicons\icon_sub_missile_rest.dds"                     , "16"   , "12"    , "dds"
"ui\common\game\strategicicons\icon_sub_missile_selected.dds"                 , "20"   , "16"    , "dds"
"ui\common\game\strategicicons\icon_sub_missile_selectedover.dds"             , "20"   , "16"    , "dds"
"ui\common\game\strategicicons\icon_sub1_antinavy_over.dds"                   , "16"   , "16"    , "dds"
"ui\common\game\strategicicons\icon_sub1_antinavy_rest.dds"                   , "16"   , "16"    , "dds"
"ui\common\game\strategicicons\icon_sub1_antinavy_selected.dds"               , "20"   , "16"    , "dds"
"ui\common\game\strategicicons\icon_sub1_antinavy_selectedover.dds"           , "20"   , "16"    , "dds"
"ui\common\game\strategicicons\icon_sub1_directfire_over.dds"                 , "16"   , "16"    , "dds"
"ui\common\game\strategicicons\icon_sub1_directfire_rest.dds"                 , "16"   , "16"    , "dds"
"ui\common\game\strategicicons\icon_sub1_directfire_selected.dds"             , "20"   , "16"    , "dds"
"ui\common\game\strategicicons\icon_sub1_directfire_selectedover.dds"         , "20"   , "16"    , "dds"
"ui\common\game\strategicicons\icon_sub1_generic_over.dds"                    , "16"   , "16"    , "dds"
"ui\common\game\strategicicons\icon_sub1_generic_rest.dds"                    , "16"   , "16"    , "dds"
"ui\common\game\strategicicons\icon_sub1_generic_selected.dds"                , "20"   , "16"    , "dds"
"ui\common\game\strategicicons\icon_sub1_generic_selectedover.dds"            , "20"   , "16"    , "dds"
"ui\common\game\strategicicons\icon_sub1_intel_over.dds"                      , "16"   , "16"    , "dds"
"ui\common\game\strategicicons\icon_sub1_intel_rest.dds"                      , "16"   , "16"    , "dds"
"ui\common\game\strategicicons\icon_sub1_intel_selected.dds"                  , "20"   , "16"    , "dds"
"ui\common\game\strategicicons\icon_sub1_intel_selectedover.dds"              , "20"   , "16"    , "dds"
"ui\common\game\strategicicons\icon_sub1_missile_over.dds"                    , "16"   , "16"    , "dds"
"ui\common\game\strategicicons\icon_sub1_missile_rest.dds"                    , "16"   , "16"    , "dds"
"ui\common\game\strategicicons\icon_sub1_missile_selected.dds"                , "20"   , "16"    , "dds"
"ui\common\game\strategicicons\icon_sub1_missile_selectedover.dds"            , "20"   , "16"    , "dds"
"ui\common\game\strategicicons\icon_sub2_antinavy_over.dds"                   , "16"   , "16"    , "dds"
"ui\common\game\strategicicons\icon_sub2_antinavy_rest.dds"                   , "16"   , "16"    , "dds"
"ui\common\game\strategicicons\icon_sub2_antinavy_selected.dds"               , "20"   , "16"    , "dds"
"ui\common\game\strategicicons\icon_sub2_antinavy_selectedover.dds"           , "20"   , "16"    , "dds"
"ui\common\game\strategicicons\icon_sub2_directfire_over.dds"                 , "16"   , "16"    , "dds"
"ui\common\game\strategicicons\icon_sub2_directfire_rest.dds"                 , "16"   , "16"    , "dds"
"ui\common\game\strategicicons\icon_sub2_directfire_selected.dds"             , "20"   , "16"    , "dds"
"ui\common\game\strategicicons\icon_sub2_directfire_selectedover.dds"         , "20"   , "16"    , "dds"
"ui\common\game\strategicicons\icon_sub2_generic_over.dds"                    , "16"   , "16"    , "dds"
"ui\common\game\strategicicons\icon_sub2_generic_rest.dds"                    , "16"   , "16"    , "dds"
"ui\common\game\strategicicons\icon_sub2_generic_selected.dds"                , "20"   , "16"    , "dds"
"ui\common\game\strategicicons\icon_sub2_generic_selectedover.dds"            , "20"   , "16"    , "dds"
"ui\common\game\strategicicons\icon_sub2_intel_over.dds"                      , "16"   , "16"    , "dds"
"ui\common\game\strategicicons\icon_sub2_intel_rest.dds"                      , "16"   , "16"    , "dds"
"ui\common\game\strategicicons\icon_sub2_intel_selected.dds"                  , "20"   , "16"    , "dds"
"ui\common\game\strategicicons\icon_sub2_intel_selectedover.dds"              , "20"   , "16"    , "dds"
"ui\common\game\strategicicons\icon_sub2_missile_over.dds"                    , "16"   , "16"    , "dds"
"ui\common\game\strategicicons\icon_sub2_missile_rest.dds"                    , "16"   , "16"    , "dds"
"ui\common\game\strategicicons\icon_sub2_missile_selected.dds"                , "20"   , "16"    , "dds"
"ui\common\game\strategicicons\icon_sub2_missile_selectedover.dds"            , "20"   , "16"    , "dds"
"ui\common\game\strategicicons\icon_sub3_antinavy_over.dds"                   , "16"   , "16"    , "dds"
"ui\common\game\strategicicons\icon_sub3_antinavy_rest.dds"                   , "16"   , "16"    , "dds"
"ui\common\game\strategicicons\icon_sub3_antinavy_selected.dds"               , "20"   , "16"    , "dds"
"ui\common\game\strategicicons\icon_sub3_antinavy_selectedover.dds"           , "20"   , "16"    , "dds"
"ui\common\game\strategicicons\icon_sub3_directfire_over.dds"                 , "16"   , "16"    , "dds"
"ui\common\game\strategicicons\icon_sub3_directfire_rest.dds"                 , "16"   , "16"    , "dds"
"ui\common\game\strategicicons\icon_sub3_directfire_selected.dds"             , "20"   , "16"    , "dds"
"ui\common\game\strategicicons\icon_sub3_directfire_selectedover.dds"         , "20"   , "16"    , "dds"
"ui\common\game\strategicicons\icon_sub3_generic_over.dds"                    , "16"   , "16"    , "dds"
"ui\common\game\strategicicons\icon_sub3_generic_rest.dds"                    , "16"   , "16"    , "dds"
"ui\common\game\strategicicons\icon_sub3_generic_selected.dds"                , "20"   , "16"    , "dds"
"ui\common\game\strategicicons\icon_sub3_generic_selectedover.dds"            , "20"   , "16"    , "dds"
"ui\common\game\strategicicons\icon_sub3_intel_over.dds"                      , "16"   , "16"    , "dds"
"ui\common\game\strategicicons\icon_sub3_intel_rest.dds"                      , "16"   , "16"    , "dds"
"ui\common\game\strategicicons\icon_sub3_intel_selected.dds"                  , "20"   , "16"    , "dds"
"ui\common\game\strategicicons\icon_sub3_intel_selectedover.dds"              , "20"   , "16"    , "dds"
"ui\common\game\strategicicons\icon_sub3_missile_over.dds"                    , "16"   , "16"    , "dds"
"ui\common\game\strategicicons\icon_sub3_missile_rest.dds"                    , "16"   , "16"    , "dds"
"ui\common\game\strategicicons\icon_sub3_missile_selected.dds"                , "20"   , "16"    , "dds"
"ui\common\game\strategicicons\icon_sub3_missile_selectedover.dds"            , "20"   , "16"    , "dds"
"ui\common\game\strategicicons\pause_rest.dds"                                , "32"   , "32"    , "dds"
"ui\common\game\strategicicons\strat_alert_ping_over.dds"                     , "12"   , "20"    , "dds"
"ui\common\game\strategicicons\strat_alert_ping_rest.dds"                     , "12"   , "20"    , "dds"
"ui\common\game\strategicicons\strat_alert_ping_selected.dds"                 , "12"   , "20"    , "dds"
"ui\common\game\strategicicons\strat_alert_ping_selectedover.dds"             , "12"   , "20"    , "dds"
"ui\common\game\strategicicons\strat_attack_ping_over.dds"                    , "20"   , "20"    , "dds"
"ui\common\game\strategicicons\strat_attack_ping_rest.dds"                    , "20"   , "20"    , "dds"
"ui\common\game\strategicicons\strat_attack_ping_selected.dds"                , "20"   , "20"    , "dds"
"ui\common\game\strategicicons\strat_attack_ping_selectedover.dds"            , "20"   , "20"    , "dds"
"ui\common\game\strategicicons\strat_move_ping_over.dds"                      , "20"   , "20"    , "dds"
"ui\common\game\strategicicons\strat_move_ping_rest.dds"                      , "20"   , "20"    , "dds"
"ui\common\game\strategicicons\strat_move_ping_selected.dds"                  , "20"   , "20"    , "dds"
"ui\common\game\strategicicons\strat_move_ping_selectedover.dds"              , "20"   , "20"    , "dds"
"ui\common\game\strategicicons\stunned_rest.dds"                              , "32"   , "32"    , "dds"
"ui\common\game\target-area\target-area_bmp.dds"                              , "64"   , "64"    , "dds"
"ui\common\game\tech-icons-sm_btn\experimental_icon_btn_dis.dds"              , "32"   , "32"    , "dds"
"ui\common\game\tech-icons-sm_btn\experimental_icon_btn_down.dds"             , "32"   , "32"    , "dds"
"ui\common\game\tech-icons-sm_btn\experimental_icon_btn_over.dds"             , "32"   , "32"    , "dds"
"ui\common\game\tech-icons-sm_btn\experimental_icon_btn_up.dds"               , "32"   , "32"    , "dds"
"ui\common\game\tech-icons-sm_btn\tech-level-1_icon_btn_dis.dds"              , "32"   , "32"    , "dds"
"ui\common\game\tech-icons-sm_btn\tech-level-1_icon_btn_down.dds"             , "32"   , "32"    , "dds"
"ui\common\game\tech-icons-sm_btn\tech-level-1_icon_btn_over.dds"             , "32"   , "32"    , "dds"
"ui\common\game\tech-icons-sm_btn\tech-level-1_icon_btn_up.dds"               , "32"   , "32"    , "dds"
"ui\common\game\tech-icons-sm_btn\tech-level-2_icon_btn_dis.dds"              , "32"   , "32"    , "dds"
"ui\common\game\tech-icons-sm_btn\tech-level-2_icon_btn_down.dds"             , "32"   , "32"    , "dds"
"ui\common\game\tech-icons-sm_btn\tech-level-2_icon_btn_over.dds"             , "32"   , "32"    , "dds"
"ui\common\game\tech-icons-sm_btn\tech-level-2_icon_btn_up.dds"               , "32"   , "32"    , "dds"
"ui\common\game\tech-icons-sm_btn\tech-level-3_icon_btn_dis.dds"              , "32"   , "32"    , "dds"
"ui\common\game\tech-icons-sm_btn\tech-level-3_icon_btn_down.dds"             , "32"   , "32"    , "dds"
"ui\common\game\tech-icons-sm_btn\tech-level-3_icon_btn_over.dds"             , "32"   , "32"    , "dds"
"ui\common\game\tech-icons-sm_btn\tech-level-3_icon_btn_up.dds"               , "32"   , "32"    , "dds"
"ui\common\game\tech-icons-sm_btn\transport-icon_btn_dis.dds"                 , "32"   , "32"    , "dds"
"ui\common\game\tech-icons-sm_btn\transport-icon_btn_down.dds"                , "32"   , "32"    , "dds"
"ui\common\game\tech-icons-sm_btn\transport-icon_btn_over.dds"                , "32"   , "32"    , "dds"
"ui\common\game\tech-icons-sm_btn\transport-icon_btn_up.dds"                  , "32"   , "32"    , "dds"
"ui\common\game\tech-icons-sm_btn\upgrade-icon_btn_dis.dds"                   , "32"   , "32"    , "dds"
"ui\common\game\tech-icons-sm_btn\upgrade-icon_btn_down.dds"                  , "32"   , "32"    , "dds"
"ui\common\game\tech-icons-sm_btn\upgrade-icon_btn_over.dds"                  , "32"   , "32"    , "dds"
"ui\common\game\tech-icons-sm_btn\upgrade-icon_btn_up.dds"                    , "32"   , "32"    , "dds"
"ui\common\game\tech-tabs_btn\experimental_icon_bmp.dds"                      , "72"   , "44"    , "dds"
"ui\common\game\tech-tabs_btn\tech-level-1_icon_bmp.dds"                      , "72"   , "44"    , "dds"
"ui\common\game\tech-tabs_btn\tech-level-2_icon_bmp.dds"                      , "72"   , "44"    , "dds"
"ui\common\game\tech-tabs_btn\tech-level-3_icon_bmp.dds"                      , "72"   , "44"    , "dds"
"ui\common\game\tech-tabs_btn\tech-tab_btn_dis.dds"                           , "72"   , "44"    , "dds"
"ui\common\game\tech-tabs_btn\tech-tab_btn_down.dds"                          , "72"   , "44"    , "dds"
"ui\common\game\tech-tabs_btn\tech-tab_btn_over.dds"                          , "72"   , "44"    , "dds"
"ui\common\game\tech-tabs_btn\tech-tab_btn_selected.dds"                      , "72"   , "44"    , "dds"
"ui\common\game\tech-tabs_btn\tech-tab_btn_up.dds"                            , "72"   , "44"    , "dds"
"ui\common\game\tech-tabs_btn\tech-tab02_btn_dis.dds"                         , "72"   , "44"    , "dds"
"ui\common\game\tech-tabs_btn\tech-tab02_btn_down.dds"                        , "72"   , "44"    , "dds"
"ui\common\game\tech-tabs_btn\tech-tab02_btn_over.dds"                        , "72"   , "44"    , "dds"
"ui\common\game\tech-tabs_btn\tech-tab02_btn_selected.dds"                    , "72"   , "44"    , "dds"
"ui\common\game\tech-tabs_btn\tech-tab02_btn_up.dds"                          , "72"   , "44"    , "dds"
"ui\common\game\tech-tabs_btn\transport-icon_bmp.dds"                         , "72"   , "44"    , "dds"
"ui\common\game\tech-tabs_btn\upgrade-icon_bmp.dds"                           , "72"   , "44"    , "dds"
"ui\common\game\timer\clock_bmp.dds"                                          , "32"   , "32"    , "dds"
"ui\common\game\timer\glow-02_bmp.dds"                                        , "36"   , "36"    , "dds"
"ui\common\game\timer\timer-panel_bmp.dds"                                    , "148"  , "44"    , "dds"
"ui\common\game\uef-enhancements\acu_btn_down.dds"                            , "64"   , "64"    , "dds"
"ui\common\game\uef-enhancements\acu_btn_over.dds"                            , "64"   , "64"    , "dds"
"ui\common\game\uef-enhancements\acu_btn_sel.dds"                             , "64"   , "64"    , "dds"
"ui\common\game\uef-enhancements\acu_btn_up.dds"                              , "64"   , "64"    , "dds"
"ui\common\game\uef-enhancements\aes_btn_down.dds"                            , "64"   , "64"    , "dds"
"ui\common\game\uef-enhancements\aes_btn_over.dds"                            , "64"   , "64"    , "dds"
"ui\common\game\uef-enhancements\aes_btn_sel.dds"                             , "64"   , "64"    , "dds"
"ui\common\game\uef-enhancements\aes_btn_up.dds"                              , "64"   , "64"    , "dds"
"ui\common\game\uef-enhancements\dsu_btn_down.dds"                            , "64"   , "64"    , "dds"
"ui\common\game\uef-enhancements\dsu_btn_over.dds"                            , "64"   , "64"    , "dds"
"ui\common\game\uef-enhancements\dsu_btn_sel.dds"                             , "64"   , "64"    , "dds"
"ui\common\game\uef-enhancements\dsu_btn_up.dds"                              , "64"   , "64"    , "dds"
"ui\common\game\uef-enhancements\ed_btn_down.dds"                             , "64"   , "64"    , "dds"
"ui\common\game\uef-enhancements\ed_btn_over.dds"                             , "64"   , "64"    , "dds"
"ui\common\game\uef-enhancements\ed_btn_sel.dds"                              , "64"   , "64"    , "dds"
"ui\common\game\uef-enhancements\ed_btn_up.dds"                               , "64"   , "64"    , "dds"
"ui\common\game\uef-enhancements\ees_btn_down.dds"                            , "64"   , "64"    , "dds"
"ui\common\game\uef-enhancements\ees_btn_over.dds"                            , "64"   , "64"    , "dds"
"ui\common\game\uef-enhancements\ees_btn_sel.dds"                             , "64"   , "64"    , "dds"
"ui\common\game\uef-enhancements\ees_btn_up.dds"                              , "64"   , "64"    , "dds"
"ui\common\game\uef-enhancements\hamc_btn_down.dds"                           , "64"   , "64"    , "dds"
"ui\common\game\uef-enhancements\hamc_btn_over.dds"                           , "64"   , "64"    , "dds"
"ui\common\game\uef-enhancements\hamc_btn_sel.dds"                            , "64"   , "64"    , "dds"
"ui\common\game\uef-enhancements\hamc_btn_up.dds"                             , "64"   , "64"    , "dds"
"ui\common\game\uef-enhancements\heo_btn_down.dds"                            , "64"   , "64"    , "dds"
"ui\common\game\uef-enhancements\heo_btn_over.dds"                            , "64"   , "64"    , "dds"
"ui\common\game\uef-enhancements\heo_btn_sel.dds"                             , "64"   , "64"    , "dds"
"ui\common\game\uef-enhancements\heo_btn_up.dds"                              , "64"   , "64"    , "dds"
"ui\common\game\uef-enhancements\isb_btn_down.dds"                            , "64"   , "64"    , "dds"
"ui\common\game\uef-enhancements\isb_btn_over.dds"                            , "64"   , "64"    , "dds"
"ui\common\game\uef-enhancements\isb_btn_sel.dds"                             , "64"   , "64"    , "dds"
"ui\common\game\uef-enhancements\isb_btn_up.dds"                              , "64"   , "64"    , "dds"
"ui\common\game\uef-enhancements\led_btn_down.dds"                            , "64"   , "64"    , "dds"
"ui\common\game\uef-enhancements\led_btn_over.dds"                            , "64"   , "64"    , "dds"
"ui\common\game\uef-enhancements\led_btn_sel.dds"                             , "64"   , "64"    , "dds"
"ui\common\game\uef-enhancements\led_btn_up.dds"                              , "64"   , "64"    , "dds"
"ui\common\game\uef-enhancements\pqt_btn_down.dds"                            , "64"   , "64"    , "dds"
"ui\common\game\uef-enhancements\pqt_btn_over.dds"                            , "64"   , "64"    , "dds"
"ui\common\game\uef-enhancements\pqt_btn_sel.dds"                             , "64"   , "64"    , "dds"
"ui\common\game\uef-enhancements\pqt_btn_up.dds"                              , "64"   , "64"    , "dds"
"ui\common\game\uef-enhancements\psg_btn_down.dds"                            , "64"   , "64"    , "dds"
"ui\common\game\uef-enhancements\psg_btn_over.dds"                            , "64"   , "64"    , "dds"
"ui\common\game\uef-enhancements\psg_btn_sel.dds"                             , "64"   , "64"    , "dds"
"ui\common\game\uef-enhancements\psg_btn_up.dds"                              , "64"   , "64"    , "dds"
"ui\common\game\uef-enhancements\red_btn_down.dds"                            , "64"   , "64"    , "dds"
"ui\common\game\uef-enhancements\red_btn_over.dds"                            , "64"   , "64"    , "dds"
"ui\common\game\uef-enhancements\red_btn_sel.dds"                             , "64"   , "64"    , "dds"
"ui\common\game\uef-enhancements\red_btn_up.dds"                              , "64"   , "64"    , "dds"
"ui\common\game\uef-enhancements\rj_btn_down.dds"                             , "64"   , "64"    , "dds"
"ui\common\game\uef-enhancements\rj_btn_over.dds"                             , "64"   , "64"    , "dds"
"ui\common\game\uef-enhancements\rj_btn_sel.dds"                              , "64"   , "64"    , "dds"
"ui\common\game\uef-enhancements\rj_btn_up.dds"                               , "64"   , "64"    , "dds"
"ui\common\game\uef-enhancements\sgf_btn_down.dds"                            , "64"   , "64"    , "dds"
"ui\common\game\uef-enhancements\sgf_btn_over.dds"                            , "64"   , "64"    , "dds"
"ui\common\game\uef-enhancements\sgf_btn_sel.dds"                             , "64"   , "64"    , "dds"
"ui\common\game\uef-enhancements\sgf_btn_up.dds"                              , "64"   , "64"    , "dds"
"ui\common\game\uef-enhancements\sre_btn_down.dds"                            , "64"   , "64"    , "dds"
"ui\common\game\uef-enhancements\sre_btn_over.dds"                            , "64"   , "64"    , "dds"
"ui\common\game\uef-enhancements\sre_btn_sel.dds"                             , "64"   , "64"    , "dds"
"ui\common\game\uef-enhancements\sre_btn_up.dds"                              , "64"   , "64"    , "dds"
"ui\common\game\uef-enhancements\srtn_btn_down.dds"                           , "64"   , "64"    , "dds"
"ui\common\game\uef-enhancements\srtn_btn_over.dds"                           , "64"   , "64"    , "dds"
"ui\common\game\uef-enhancements\srtn_btn_sel.dds"                            , "64"   , "64"    , "dds"
"ui\common\game\uef-enhancements\srtn_btn_up.dds"                             , "64"   , "64"    , "dds"
"ui\common\game\uef-enhancements\tm_btn_down.dds"                             , "64"   , "64"    , "dds"
"ui\common\game\uef-enhancements\tm_btn_over.dds"                             , "64"   , "64"    , "dds"
"ui\common\game\uef-enhancements\tm_btn_sel.dds"                              , "64"   , "64"    , "dds"
"ui\common\game\uef-enhancements\tm_btn_up.dds"                               , "64"   , "64"    , "dds"
"ui\common\game\unit_bmp\bar-01_bmp.dds"                                      , "148"  , "8"     , "dds"
"ui\common\game\unit_bmp\bar-02_bmp.dds"                                      , "148"  , "8"     , "dds"
"ui\common\game\unit_bmp\bar-03_bmp.dds"                                      , "148"  , "8"     , "dds"
"ui\common\game\unit_bmp\bar-back_bmp.dds"                                    , "148"  , "8"     , "dds"
"ui\common\game\unit_bmp\bar-info-back_bmp.dds"                               , "152"  , "12"    , "dds"
"ui\common\game\unit_bmp\bar02_bmp.dds"                                       , "148"  , "8"     , "dds"
"ui\common\game\unit_bmp\focus_arrow.dds"                                     , "20"   , "48"    , "dds"
"ui\common\game\unit_bmp\unit-over_bmp.dds"                                   , "160"  , "220"   , "dds"
"ui\common\game\unit_bmp\veteran-logo_bmp.dds"                                , "16"   , "16"    , "dds"
"ui\common\game\unit_unselected\panel_bmp_l.dds"                              , "304"  , "212"   , "dds"
"ui\common\game\unit_unselected\panel_bmp_m.dds"                              , "12"   , "212"   , "dds"
"ui\common\game\unit_unselected\panel_bmp_r.dds"                              , "264"  , "212"   , "dds"
"ui\common\game\unit_view_icons\attached.dds"                                 , "20"   , "20"    , "dds"
"ui\common\game\unit_view_icons\build.dds"                                    , "24"   , "20"    , "dds"
"ui\common\game\unit_view_icons\energy.dds"                                   , "20"   , "20"    , "dds"
"ui\common\game\unit_view_icons\fuel.dds"                                     , "20"   , "20"    , "dds"
"ui\common\game\unit_view_icons\idle.dds"                                     , "48"   , "48"    , "dds"
"ui\common\game\unit_view_icons\kills.dds"                                    , "20"   , "20"    , "dds"
"ui\common\game\unit_view_icons\mass.dds"                                     , "20"   , "20"    , "dds"
"ui\common\game\unit_view_icons\missiles.dds"                                 , "20"   , "20"    , "dds"
"ui\common\game\unit_view_icons\redcross.dds"                                 , "16"   , "16"    , "dds"
"ui\common\game\unit_view_icons\shield.dds"                                   , "20"   , "20"    , "dds"
"ui\common\game\unit_view_icons\tactical.dds"                                 , "20"   , "20"    , "dds"
"ui\common\game\unit_view_icons\time.dds"                                     , "20"   , "20"    , "dds"
"ui\common\game\unit_view_icons\unidentified.dds"                             , "48"   , "48"    , "dds"
"ui\common\game\unit-over-abilites_bmp\build-over-abilities_bmp _m.dds"       , "396"  , "12"    , "dds"
"ui\common\game\unit-over-abilites_bmp\build-over-abilities_bmp _t.dds"       , "396"  , "20"    , "dds"
"ui\common\game\unit-over-abilites_bmp\build-over-abilities_bmp_b.dds"        , "396"  , "24"    , "dds"
"ui\common\game\unit-over-abilites_bmp\unit-over-abilities_bmp _m.dds"        , "404"  , "12"    , "dds"
"ui\common\game\unit-over-abilites_bmp\unit-over-abilities_bmp _t.dds"        , "404"  , "60"    , "dds"
"ui\common\game\unit-over-abilites_bmp\unit-over-abilities_bmp_b.dds"         , "412"  , "24"    , "dds"
"ui\common\game\unit-over\_icon-mass-text.dds"                                , "28"   , "8"     , "dds"
"ui\common\game\unit-over\bar01_bmp.dds"                                      , "76"   , "8"     , "dds"
"ui\common\game\unit-over\bar02_bmp.dds"                                      , "76"   , "8"     , "dds"
"ui\common\game\unit-over\health-bars-back_bmp.dds"                           , "76"   , "16"    , "dds"
"ui\common\game\unit-over\health-bars-back-1_bmp.dds"                         , "76"   , "8"     , "dds"
"ui\common\game\unit-over\icon-clock_bmp.dds"                                 , "16"   , "16"    , "dds"
"ui\common\game\unit-over\icon-clock_large_bmp.dds"                           , "40"   , "40"    , "dds"
"ui\common\game\unit-over\icon-energy_bmp.dds"                                , "20"   , "20"    , "dds"
"ui\common\game\unit-over\icon-mass_bmp.dds"                                  , "20"   , "20"    , "dds"
"ui\common\game\unit-over\icon-nuke_bmp.dds"                                  , "20"   , "20"    , "dds"
"ui\common\game\unit-over\icon-skull_bmp.dds"                                 , "24"   , "24"    , "dds"
"ui\common\game\unit-over\unit-bar_bmp.dds"                                   , "192"  , "16"    , "dds"
"ui\common\game\unit-over\unit-over_bmp.dds"                                  , "460"  , "64"    , "dds"
"ui\common\game\unit-over\unit-over-build_bmp.dds"                            , "344"  , "52"    , "dds"
"ui\common\game\unit-over\unit-over02_bmp.dds"                                , "492"  , "100"   , "dds"
"ui\common\game\unit-unselected-vertical\panel_bmp_b.dds"                     , "236"  , "76"    , "dds"
"ui\common\game\unit-unselected-vertical\panel_bmp_m.dds"                     , "236"  , "8"     , "dds"
"ui\common\game\unit-unselected-vertical\panel_bmp_t.dds"                     , "236"  , "128"   , "dds"
"ui\common\game\unit-vertical_bmp\bar-01_bmp.dds"                             , "148"  , "8"     , "dds"
"ui\common\game\unit-vertical_bmp\bar-back_bmp.dds"                           , "148"  , "8"     , "dds"
"ui\common\game\unit-vertical_bmp\bar-info-back01_bmp.dds"                    , "72"   , "24"    , "dds"
"ui\common\game\unit-vertical_bmp\bar-info-back02_bmp.dds"                    , "72"   , "36"    , "dds"
"ui\common\game\unit-vertical_bmp\bar02_bmp.dds"                              , "148"  , "8"     , "dds"
"ui\common\game\unit-vertical_bmp\unit-over-vertical_bmp.dds"                 , "244"  , "168"   , "dds"
"ui\common\game\unit-vertical_bmp\veteran-logo_bmp.dds"                       , "16"   , "16"    , "dds"
"ui\common\game\units_bmp\avatar-glow.dds"                                    , "100"  , "100"   , "dds"
"ui\common\game\units_bmp\glow.dds"                                           , "64"   , "64"    , "dds"
"ui\common\game\units_bmp\scroll-back_bmp.dds"                                , "64"   , "112"   , "dds"
"ui\common\game\units_bmp\unit_bmp_l.dds"                                     , "80"   , "128"   , "dds"
"ui\common\game\units_bmp\unit_bmp_m.dds"                                     , "80"   , "128"   , "dds"
"ui\common\game\units_bmp\unit_bmp_r.dds"                                     , "80"   , "128"   , "dds"
"ui\common\game\units_bmp\unit-02_bmp_l.dds"                                  , "80"   , "132"   , "dds"
"ui\common\game\units_bmp\unit-02_bmp_m.dds"                                  , "80"   , "132"   , "dds"
"ui\common\game\units_bmp\unit-02_bmp_r.dds"                                  , "80"   , "132"   , "dds"
"ui\common\game\units-vertical_bmp\scroll-back_bmp.dds"                       , "28"   , "60"    , "dds"
"ui\common\game\units-vertical_bmp\unit_bmp_b.dds"                            , "236"  , "16"    , "dds"
"ui\common\game\units-vertical_bmp\unit_bmp_m.dds"                            , "236"  , "16"    , "dds"
"ui\common\game\units-vertical_bmp\unit_bmp_t.dds"                            , "236"  , "16"    , "dds"
"ui\common\game\units-vertical_bmp\unit-02_bmp_b.dds"                         , "236"  , "16"    , "dds"
"ui\common\game\units-vertical_bmp\unit-02_bmp_m.dds"                         , "236"  , "16"    , "dds"
"ui\common\game\units-vertical_bmp\unit-02_bmp_t.dds"                         , "236"  , "16"    , "dds"
"ui\common\game\veteran-logo_bmp\aeon-veteran_bmp.dds"                        , "16"   , "16"    , "dds"
"ui\common\game\veteran-logo_bmp\cybran-veteran_bmp.dds"                      , "16"   , "16"    , "dds"
"ui\common\game\veteran-logo_bmp\seraphim-veteran_bmp.dds"                    , "16"   , "16"    , "dds"
"ui\common\game\veteran-logo_bmp\uef-veteran_bmp.dds"                         , "16"   , "16"    , "dds"
"ui\common\game\waypoints\attack_btn_up.dds"                                  , "128"  , "128"   , "dds"
"ui\common\game\waypoints\attack_move_btn_up.dds"                             , "128"  , "128"   , "dds"
"ui\common\game\waypoints\convert_btn_up.dds"                                 , "128"  , "128"   , "dds"
"ui\common\game\waypoints\ferry_btn_up.dds"                                   , "128"  , "128"   , "dds"
"ui\common\game\waypoints\guard_btn_up.dds"                                   , "128"  , "128"   , "dds"
"ui\common\game\waypoints\load_btn_up.dds"                                    , "128"  , "128"   , "dds"
"ui\common\game\waypoints\move_btn_up.dds"                                    , "128"  , "128"   , "dds"
"ui\common\game\waypoints\nuke_btn_up.dds"                                    , "128"  , "128"   , "dds"
"ui\common\game\waypoints\patrol_btn_up.dds"                                  , "128"  , "128"   , "dds"
"ui\common\game\waypoints\production_btn_up.dds"                              , "48"   , "48"    , "dds"
"ui\common\game\waypoints\reclaim_btn_up.dds"                                 , "128"  , "128"   , "dds"
"ui\common\game\waypoints\repair_btn_up.dds"                                  , "128"  , "128"   , "dds"
"ui\common\game\waypoints\return-fire_btn_up.dds"                             , "128"  , "128"   , "dds"
"ui\common\game\waypoints\sacrifice_btn_up.dds"                               , "126"  , "123"   , "dds"
"ui\common\game\waypoints\stop_btn_up.dds"                                    , "128"  , "128"   , "dds"
"ui\common\game\waypoints\teleport_btn_up.dds"                                , "128"  , "128"   , "dds"
"ui\common\game\waypoints\unload_btn_up.dds"                                  , "128"  , "128"   , "dds"
"ui\common\gen-tab_btn\gen-tab_btn_dis.dds"                                   , "64"   , "32"    , "dds"
"ui\common\gen-tab_btn\gen-tab_btn_down.dds"                                  , "64"   , "32"    , "dds"
"ui\common\gen-tab_btn\gen-tab_btn_over.dds"                                  , "64"   , "32"    , "dds"
"ui\common\gen-tab_btn\gen-tab_btn_up.dds"                                    , "64"   , "32"    , "dds"
"ui\common\icons\comm_aeon.dds"                                               , "112"  , "112"   , "dds"
"ui\common\icons\comm_allied.dds"                                             , "112"  , "112"   , "dds"
"ui\common\icons\comm_cybran.dds"                                             , "112"  , "112"   , "dds"
"ui\common\icons\comm_seraphim.dds"                                           , "112"  , "112"   , "dds"
"ui\common\icons\comm_uef.dds"                                                , "112"  , "112"   , "dds"
"ui\common\icons\units\air_down.dds"                                          , "64"   , "64"    , "dds"
"ui\common\icons\units\air_over.dds"                                          , "64"   , "64"    , "dds"
"ui\common\icons\units\air_up.dds"                                            , "64"   , "64"    , "dds"
"ui\common\icons\units\amph_down.dds"                                         , "64"   , "64"    , "dds"
"ui\common\icons\units\amph_over.dds"                                         , "64"   , "64"    , "dds"
"ui\common\icons\units\amph_up.dds"                                           , "64"   , "64"    , "dds"
"ui\common\icons\units\cons_bar.dds"                                          , "48"   , "48"    , "dds"
"ui\common\icons\units\daa0206_icon.dds"                                      , "64"   , "64"    , "dds"
"ui\common\icons\units\dab2102_icon.dds"                                      , "64"   , "64"    , "dds"
"ui\common\icons\units\dal0310_icon.dds"                                      , "64"   , "64"    , "dds"
"ui\common\icons\units\dea0202_icon.dds"                                      , "64"   , "64"    , "dds"
"ui\common\icons\units\deb4303_icon.dds"                                      , "64"   , "64"    , "dds"
"ui\common\icons\units\default_icon.dds"                                      , "48"   , "48"    , "dds"
"ui\common\icons\units\del0204_icon.dds"                                      , "64"   , "64"    , "dds"
"ui\common\icons\units\dra0202_icon.dds"                                      , "64"   , "64"    , "dds"
"ui\common\icons\units\drl0204_icon.dds"                                      , "64"   , "64"    , "dds"
"ui\common\icons\units\drs0102_icon.dds"                                      , "64"   , "64"    , "dds"
"ui\common\icons\units\land_down.dds"                                         , "64"   , "64"    , "dds"
"ui\common\icons\units\land_over.dds"                                         , "64"   , "64"    , "dds"
"ui\common\icons\units\land_up.dds"                                           , "64"   , "64"    , "dds"
"ui\common\icons\units\opc2002_icon.dds"                                      , "64"   , "64"    , "dds"
"ui\common\icons\units\ope2003_icon.dds"                                      , "64"   , "64"    , "dds"
"ui\common\icons\units\ope3001_icon.dds"                                      , "64"   , "64"    , "dds"
"ui\common\icons\units\ope6001_icon.dds"                                      , "64"   , "64"    , "dds"
"ui\common\icons\units\ope6003_icon.dds"                                      , "64"   , "64"    , "dds"
"ui\common\icons\units\sea_down.dds"                                          , "64"   , "64"    , "dds"
"ui\common\icons\units\sea_over.dds"                                          , "64"   , "64"    , "dds"
"ui\common\icons\units\sea_up.dds"                                            , "64"   , "64"    , "dds"
"ui\common\icons\units\UAA0101_icon.dds"                                      , "64"   , "64"    , "dds"
"ui\common\icons\units\UAA0102_icon.dds"                                      , "64"   , "64"    , "dds"
"ui\common\icons\units\UAA0103_icon.dds"                                      , "64"   , "64"    , "dds"
"ui\common\icons\units\UAA0104_icon.dds"                                      , "64"   , "64"    , "dds"
"ui\common\icons\units\UAA0107_icon.dds"                                      , "64"   , "64"    , "dds"
"ui\common\icons\units\UAA0203_icon.dds"                                      , "64"   , "64"    , "dds"
"ui\common\icons\units\UAA0204_icon.dds"                                      , "64"   , "64"    , "dds"
"ui\common\icons\units\UAA0302_icon.dds"                                      , "64"   , "64"    , "dds"
"ui\common\icons\units\UAA0303_icon.dds"                                      , "64"   , "64"    , "dds"
"ui\common\icons\units\UAA0304_icon.dds"                                      , "64"   , "64"    , "dds"
"ui\common\icons\units\UAA0310_icon.dds"                                      , "64"   , "64"    , "dds"
"ui\common\icons\units\UAB0101_icon.dds"                                      , "64"   , "64"    , "dds"
"ui\common\icons\units\UAB0102_icon.dds"                                      , "64"   , "64"    , "dds"
"ui\common\icons\units\UAB0103_icon.dds"                                      , "64"   , "64"    , "dds"
"ui\common\icons\units\UAB0201_icon.dds"                                      , "64"   , "64"    , "dds"
"ui\common\icons\units\UAB0202_icon.dds"                                      , "64"   , "64"    , "dds"
"ui\common\icons\units\UAB0203_icon.dds"                                      , "64"   , "64"    , "dds"
"ui\common\icons\units\UAB0301_icon.dds"                                      , "64"   , "64"    , "dds"
"ui\common\icons\units\UAB0302_icon.dds"                                      , "64"   , "64"    , "dds"
"ui\common\icons\units\UAB0303_icon.dds"                                      , "64"   , "64"    , "dds"
"ui\common\icons\units\UAB0304_icon.dds"                                      , "64"   , "64"    , "dds"
"ui\common\icons\units\UAB1101_icon.dds"                                      , "64"   , "64"    , "dds"
"ui\common\icons\units\uab1101_over.dds"                                      , "64"   , "64"    , "dds"
"ui\common\icons\units\UAB1102_icon.dds"                                      , "64"   , "64"    , "dds"
"ui\common\icons\units\UAB1103_icon.dds"                                      , "64"   , "64"    , "dds"
"ui\common\icons\units\UAB1104_icon.dds"                                      , "64"   , "64"    , "dds"
"ui\common\icons\units\UAB1105_icon.dds"                                      , "64"   , "64"    , "dds"
"ui\common\icons\units\UAB1106_icon.dds"                                      , "64"   , "64"    , "dds"
"ui\common\icons\units\UAB1201_icon.dds"                                      , "64"   , "64"    , "dds"
"ui\common\icons\units\UAB1202_icon.dds"                                      , "64"   , "64"    , "dds"
"ui\common\icons\units\UAB1301_icon.dds"                                      , "64"   , "64"    , "dds"
"ui\common\icons\units\UAB1302_icon.dds"                                      , "64"   , "64"    , "dds"
"ui\common\icons\units\UAB1303_icon.dds"                                      , "64"   , "64"    , "dds"
"ui\common\icons\units\UAB2101_icon.dds"                                      , "64"   , "64"    , "dds"
"ui\common\icons\units\UAB2104_icon.dds"                                      , "64"   , "64"    , "dds"
"ui\common\icons\units\UAB2108_icon.dds"                                      , "64"   , "64"    , "dds"
"ui\common\icons\units\UAB2109_icon.dds"                                      , "64"   , "64"    , "dds"
"ui\common\icons\units\UAB2204_icon.dds"                                      , "64"   , "64"    , "dds"
"ui\common\icons\units\UAB2205_icon.dds"                                      , "64"   , "64"    , "dds"
"ui\common\icons\units\UAB2301_icon.dds"                                      , "64"   , "64"    , "dds"
"ui\common\icons\units\UAB2302_icon.dds"                                      , "64"   , "64"    , "dds"
"ui\common\icons\units\UAB2303_icon.dds"                                      , "64"   , "64"    , "dds"
"ui\common\icons\units\UAB2304_icon.dds"                                      , "64"   , "64"    , "dds"
"ui\common\icons\units\UAB2305_icon.dds"                                      , "64"   , "64"    , "dds"
"ui\common\icons\units\UAB3101_icon.dds"                                      , "64"   , "64"    , "dds"
"ui\common\icons\units\UAB3102_icon.dds"                                      , "64"   , "64"    , "dds"
"ui\common\icons\units\UAB3104_icon.dds"                                      , "64"   , "64"    , "dds"
"ui\common\icons\units\UAB3201_icon.dds"                                      , "64"   , "64"    , "dds"
"ui\common\icons\units\UAB3202_icon.dds"                                      , "64"   , "64"    , "dds"
"ui\common\icons\units\UAB4201_icon.dds"                                      , "64"   , "64"    , "dds"
"ui\common\icons\units\UAB4202_icon.dds"                                      , "64"   , "64"    , "dds"
"ui\common\icons\units\UAB4203_icon.dds"                                      , "64"   , "64"    , "dds"
"ui\common\icons\units\UAB4301_icon.dds"                                      , "64"   , "64"    , "dds"
"ui\common\icons\units\UAB4302_icon.dds"                                      , "64"   , "64"    , "dds"
"ui\common\icons\units\UAB5101_icon.dds"                                      , "64"   , "64"    , "dds"
"ui\common\icons\units\UAB5102_icon.dds"                                      , "32"   , "32"    , "dds"
"ui\common\icons\units\UAB5103_icon.dds"                                      , "72"   , "72"    , "dds"
"ui\common\icons\units\UAB5202_icon.dds"                                      , "64"   , "64"    , "dds"
"ui\common\icons\units\uac1101_icon.dds"                                      , "64"   , "64"    , "dds"
"ui\common\icons\units\uac1201_icon.dds"                                      , "64"   , "64"    , "dds"
"ui\common\icons\units\uac1301_icon.dds"                                      , "64"   , "64"    , "dds"
"ui\common\icons\units\uac1401_icon.dds"                                      , "64"   , "64"    , "dds"
"ui\common\icons\units\uac1501_icon.dds"                                      , "64"   , "64"    , "dds"
"ui\common\icons\units\uac1901_icon.dds"                                      , "64"   , "64"    , "dds"
"ui\common\icons\units\UAL0001_icon.dds"                                      , "64"   , "64"    , "dds"
"ui\common\icons\units\UAL0101_icon.dds"                                      , "64"   , "64"    , "dds"
"ui\common\icons\units\UAL0103_icon.dds"                                      , "64"   , "64"    , "dds"
"ui\common\icons\units\UAL0104_icon.dds"                                      , "64"   , "64"    , "dds"
"ui\common\icons\units\UAL0105_icon.dds"                                      , "64"   , "64"    , "dds"
"ui\common\icons\units\UAL0106_icon.dds"                                      , "64"   , "64"    , "dds"
"ui\common\icons\units\UAL0111_icon.dds"                                      , "64"   , "64"    , "dds"
"ui\common\icons\units\UAL0201_icon.dds"                                      , "64"   , "64"    , "dds"
"ui\common\icons\units\UAL0202_icon.dds"                                      , "64"   , "64"    , "dds"
"ui\common\icons\units\UAL0205_icon.dds"                                      , "64"   , "64"    , "dds"
"ui\common\icons\units\UAL0208_icon.dds"                                      , "64"   , "64"    , "dds"
"ui\common\icons\units\UAL0301_icon.dds"                                      , "64"   , "64"    , "dds"
"ui\common\icons\units\UAL0303_icon.dds"                                      , "64"   , "64"    , "dds"
"ui\common\icons\units\UAL0304_icon.dds"                                      , "64"   , "64"    , "dds"
"ui\common\icons\units\UAL0307_icon.dds"                                      , "64"   , "64"    , "dds"
"ui\common\icons\units\UAL0309_icon.dds"                                      , "64"   , "64"    , "dds"
"ui\common\icons\units\UAL0401_icon.dds"                                      , "64"   , "64"    , "dds"
"ui\common\icons\units\UAS0102_icon.dds"                                      , "64"   , "64"    , "dds"
"ui\common\icons\units\UAS0103_icon.dds"                                      , "64"   , "64"    , "dds"
"ui\common\icons\units\UAS0201_icon.dds"                                      , "64"   , "64"    , "dds"
"ui\common\icons\units\UAS0202_icon.dds"                                      , "64"   , "64"    , "dds"
"ui\common\icons\units\uas0203_icon.dds"                                      , "64"   , "64"    , "dds"
"ui\common\icons\units\UAS0302_icon.dds"                                      , "64"   , "64"    , "dds"
"ui\common\icons\units\UAS0303_icon.dds"                                      , "64"   , "64"    , "dds"
"ui\common\icons\units\UAS0304_icon.dds"                                      , "64"   , "64"    , "dds"
"ui\common\icons\units\UAS0305_icon.dds"                                      , "64"   , "64"    , "dds"
"ui\common\icons\units\UAS0401_icon.dds"                                      , "64"   , "64"    , "dds"
"ui\common\icons\units\uea0001_icon.dds"                                      , "64"   , "64"    , "dds"
"ui\common\icons\units\uea0003_icon.dds"                                      , "64"   , "64"    , "dds"
"ui\common\icons\units\UEA0101_icon.dds"                                      , "64"   , "64"    , "dds"
"ui\common\icons\units\UEA0102_icon.dds"                                      , "64"   , "64"    , "dds"
"ui\common\icons\units\UEA0103_icon.dds"                                      , "64"   , "64"    , "dds"
"ui\common\icons\units\UEA0104_icon.dds"                                      , "64"   , "64"    , "dds"
"ui\common\icons\units\UEA0107_icon.dds"                                      , "64"   , "64"    , "dds"
"ui\common\icons\units\UEA0203_icon.dds"                                      , "64"   , "64"    , "dds"
"ui\common\icons\units\UEA0204_icon.dds"                                      , "64"   , "64"    , "dds"
"ui\common\icons\units\UEA0302_icon.dds"                                      , "64"   , "64"    , "dds"
"ui\common\icons\units\UEA0303_icon.dds"                                      , "64"   , "64"    , "dds"
"ui\common\icons\units\UEA0304_icon.dds"                                      , "64"   , "64"    , "dds"
"ui\common\icons\units\UEA0305_icon.dds"                                      , "64"   , "64"    , "dds"
"ui\common\icons\units\UEB0101_icon.dds"                                      , "64"   , "64"    , "dds"
"ui\common\icons\units\UEB0102_icon.dds"                                      , "64"   , "64"    , "dds"
"ui\common\icons\units\UEB0103_icon.dds"                                      , "64"   , "64"    , "dds"
"ui\common\icons\units\UEB0201_icon.dds"                                      , "64"   , "64"    , "dds"
"ui\common\icons\units\UEB0202_icon.dds"                                      , "64"   , "64"    , "dds"
"ui\common\icons\units\UEB0203_icon.dds"                                      , "64"   , "64"    , "dds"
"ui\common\icons\units\UEB0301_icon.dds"                                      , "64"   , "64"    , "dds"
"ui\common\icons\units\UEB0302_icon.dds"                                      , "64"   , "64"    , "dds"
"ui\common\icons\units\UEB0303_icon.dds"                                      , "64"   , "64"    , "dds"
"ui\common\icons\units\UEB0304_icon.dds"                                      , "64"   , "64"    , "dds"
"ui\common\icons\units\UEB1101_icon.dds"                                      , "64"   , "64"    , "dds"
"ui\common\icons\units\UEB1102_icon.dds"                                      , "64"   , "64"    , "dds"
"ui\common\icons\units\UEB1103_icon.dds"                                      , "64"   , "64"    , "dds"
"ui\common\icons\units\UEB1104_icon.dds"                                      , "64"   , "64"    , "dds"
"ui\common\icons\units\UEB1105_icon.dds"                                      , "64"   , "64"    , "dds"
"ui\common\icons\units\UEB1106_icon.dds"                                      , "64"   , "64"    , "dds"
"ui\common\icons\units\UEB1201_icon.dds"                                      , "64"   , "64"    , "dds"
"ui\common\icons\units\UEB1202_icon.dds"                                      , "64"   , "64"    , "dds"
"ui\common\icons\units\UEB1301_icon.dds"                                      , "64"   , "64"    , "dds"
"ui\common\icons\units\UEB1302_icon.dds"                                      , "64"   , "64"    , "dds"
"ui\common\icons\units\UEB1303_icon.dds"                                      , "64"   , "64"    , "dds"
"ui\common\icons\units\UEB2101_icon.dds"                                      , "64"   , "64"    , "dds"
"ui\common\icons\units\UEB2104_icon.dds"                                      , "64"   , "64"    , "dds"
"ui\common\icons\units\UEB2108_icon.dds"                                      , "64"   , "64"    , "dds"
"ui\common\icons\units\UEB2109_icon.dds"                                      , "64"   , "64"    , "dds"
"ui\common\icons\units\UEB2204_icon.dds"                                      , "64"   , "64"    , "dds"
"ui\common\icons\units\UEB2205_icon.dds"                                      , "64"   , "64"    , "dds"
"ui\common\icons\units\UEB2301_icon.dds"                                      , "64"   , "64"    , "dds"
"ui\common\icons\units\UEB2302_icon.dds"                                      , "64"   , "64"    , "dds"
"ui\common\icons\units\UEB2303_icon.dds"                                      , "64"   , "64"    , "dds"
"ui\common\icons\units\UEB2304_icon.dds"                                      , "64"   , "64"    , "dds"
"ui\common\icons\units\UEB2305_icon.dds"                                      , "64"   , "64"    , "dds"
"ui\common\icons\units\UEB2401_icon.dds"                                      , "64"   , "64"    , "dds"
"ui\common\icons\units\UEB3101_icon.dds"                                      , "64"   , "64"    , "dds"
"ui\common\icons\units\UEB3102_icon.dds"                                      , "64"   , "64"    , "dds"
"ui\common\icons\units\UEB3103_icon.dds"                                      , "72"   , "72"    , "dds"
"ui\common\icons\units\UEB3104_icon.dds"                                      , "64"   , "64"    , "dds"
"ui\common\icons\units\UEB3201_icon.dds"                                      , "64"   , "64"    , "dds"
"ui\common\icons\units\UEB3202_icon.dds"                                      , "64"   , "64"    , "dds"
"ui\common\icons\units\UEB4201_icon.dds"                                      , "64"   , "64"    , "dds"
"ui\common\icons\units\UEB4202_icon.dds"                                      , "64"   , "64"    , "dds"
"ui\common\icons\units\UEB4203_icon.dds"                                      , "64"   , "64"    , "dds"
"ui\common\icons\units\UEB4301_icon.dds"                                      , "64"   , "64"    , "dds"
"ui\common\icons\units\UEB4302_icon.dds"                                      , "64"   , "64"    , "dds"
"ui\common\icons\units\UEB5101_icon.dds"                                      , "64"   , "64"    , "dds"
"ui\common\icons\units\UEB5102_icon.dds"                                      , "32"   , "32"    , "dds"
"ui\common\icons\units\UEB5103_icon.dds"                                      , "72"   , "72"    , "dds"
"ui\common\icons\units\UEB5202_icon.dds"                                      , "64"   , "64"    , "dds"
"ui\common\icons\units\uec0001_icon.dds"                                      , "64"   , "64"    , "dds"
"ui\common\icons\units\uec1101_icon.dds"                                      , "64"   , "64"    , "dds"
"ui\common\icons\units\uec1201_icon.dds"                                      , "64"   , "64"    , "dds"
"ui\common\icons\units\uec1301_icon.dds"                                      , "64"   , "64"    , "dds"
"ui\common\icons\units\uec1401_icon.dds"                                      , "64"   , "64"    , "dds"
"ui\common\icons\units\uec1501_icon.dds"                                      , "64"   , "64"    , "dds"
"ui\common\icons\units\uec1901_icon.dds"                                      , "64"   , "64"    , "dds"
"ui\common\icons\units\uec1902_icon.dds"                                      , "64"   , "64"    , "dds"
"ui\common\icons\units\uec1903_icon.dds"                                      , "64"   , "64"    , "dds"
"ui\common\icons\units\uec1904_icon.dds"                                      , "64"   , "64"    , "dds"
"ui\common\icons\units\uec1905_icon.dds"                                      , "64"   , "64"    , "dds"
"ui\common\icons\units\uec1906_icon.dds"                                      , "64"   , "64"    , "dds"
"ui\common\icons\units\uec1907_icon.dds"                                      , "64"   , "64"    , "dds"
"ui\common\icons\units\UEL0001_icon.dds"                                      , "64"   , "64"    , "dds"
"ui\common\icons\units\UEL0101_icon.dds"                                      , "64"   , "64"    , "dds"
"ui\common\icons\units\UEL0103_icon.dds"                                      , "64"   , "64"    , "dds"
"ui\common\icons\units\UEL0104_icon.dds"                                      , "64"   , "64"    , "dds"
"ui\common\icons\units\UEL0105_icon.dds"                                      , "64"   , "64"    , "dds"
"ui\common\icons\units\UEL0106_icon.dds"                                      , "64"   , "64"    , "dds"
"ui\common\icons\units\UEL0111_icon.dds"                                      , "64"   , "64"    , "dds"
"ui\common\icons\units\UEL0201_icon.dds"                                      , "64"   , "64"    , "dds"
"ui\common\icons\units\UEL0202_icon.dds"                                      , "64"   , "64"    , "dds"
"ui\common\icons\units\UEL0203_icon.dds"                                      , "64"   , "64"    , "dds"
"ui\common\icons\units\UEL0205_icon.dds"                                      , "64"   , "64"    , "dds"
"ui\common\icons\units\UEL0208_icon.dds"                                      , "64"   , "64"    , "dds"
"ui\common\icons\units\UEL0301_icon.dds"                                      , "64"   , "64"    , "dds"
"ui\common\icons\units\UEL0303_icon.dds"                                      , "64"   , "64"    , "dds"
"ui\common\icons\units\UEL0304_icon.dds"                                      , "64"   , "64"    , "dds"
"ui\common\icons\units\UEL0307_icon.dds"                                      , "64"   , "64"    , "dds"
"ui\common\icons\units\UEL0309_icon.dds"                                      , "64"   , "64"    , "dds"
"ui\common\icons\units\UEL0401_icon.dds"                                      , "64"   , "64"    , "dds"
"ui\common\icons\units\UES0103_icon.dds"                                      , "64"   , "64"    , "dds"
"ui\common\icons\units\UES0201_icon.dds"                                      , "64"   , "64"    , "dds"
"ui\common\icons\units\UES0202_icon.dds"                                      , "64"   , "64"    , "dds"
"ui\common\icons\units\UES0203_icon.dds"                                      , "64"   , "64"    , "dds"
"ui\common\icons\units\UES0302_icon.dds"                                      , "64"   , "64"    , "dds"
"ui\common\icons\units\UES0304_icon.dds"                                      , "64"   , "64"    , "dds"
"ui\common\icons\units\UES0305_icon.dds"                                      , "64"   , "64"    , "dds"
"ui\common\icons\units\UES0401_icon.dds"                                      , "64"   , "64"    , "dds"
"ui\common\icons\units\URA0001_icon.dds"                                      , "72"   , "72"    , "dds"
"ui\common\icons\units\URA0101_icon.dds"                                      , "64"   , "64"    , "dds"
"ui\common\icons\units\URA0102_icon.dds"                                      , "64"   , "64"    , "dds"
"ui\common\icons\units\URA0103_icon.dds"                                      , "64"   , "64"    , "dds"
"ui\common\icons\units\URA0104_icon.dds"                                      , "64"   , "64"    , "dds"
"ui\common\icons\units\URA0107_icon.dds"                                      , "64"   , "64"    , "dds"
"ui\common\icons\units\URA0203_icon.dds"                                      , "64"   , "64"    , "dds"
"ui\common\icons\units\URA0204_icon.dds"                                      , "64"   , "64"    , "dds"
"ui\common\icons\units\URA0302_icon.dds"                                      , "64"   , "64"    , "dds"
"ui\common\icons\units\URA0303_icon.dds"                                      , "64"   , "64"    , "dds"
"ui\common\icons\units\URA0304_icon.dds"                                      , "64"   , "64"    , "dds"
"ui\common\icons\units\URA0401_icon.dds"                                      , "64"   , "64"    , "dds"
"ui\common\icons\units\URB0101_icon.dds"                                      , "64"   , "64"    , "dds"
"ui\common\icons\units\URB0102_icon.dds"                                      , "64"   , "64"    , "dds"
"ui\common\icons\units\URB0103_icon.dds"                                      , "64"   , "64"    , "dds"
"ui\common\icons\units\URB0201_icon.dds"                                      , "64"   , "64"    , "dds"
"ui\common\icons\units\URB0202_icon.dds"                                      , "64"   , "64"    , "dds"
"ui\common\icons\units\URB0203_icon.dds"                                      , "64"   , "64"    , "dds"
"ui\common\icons\units\URB0301_icon.dds"                                      , "64"   , "64"    , "dds"
"ui\common\icons\units\URB0302_icon.dds"                                      , "64"   , "64"    , "dds"
"ui\common\icons\units\URB0303_icon.dds"                                      , "64"   , "64"    , "dds"
"ui\common\icons\units\URB0304_icon.dds"                                      , "64"   , "64"    , "dds"
"ui\common\icons\units\URB1101_icon.dds"                                      , "64"   , "64"    , "dds"
"ui\common\icons\units\URB1102_icon.dds"                                      , "64"   , "64"    , "dds"
"ui\common\icons\units\URB1103_icon.dds"                                      , "64"   , "64"    , "dds"
"ui\common\icons\units\URB1104_icon.dds"                                      , "64"   , "64"    , "dds"
"ui\common\icons\units\URB1105_icon.dds"                                      , "64"   , "64"    , "dds"
"ui\common\icons\units\URB1106_icon.dds"                                      , "64"   , "64"    , "dds"
"ui\common\icons\units\URB1201_icon.dds"                                      , "64"   , "64"    , "dds"
"ui\common\icons\units\URB1202_icon.dds"                                      , "64"   , "64"    , "dds"
"ui\common\icons\units\URB1301_icon.dds"                                      , "64"   , "64"    , "dds"
"ui\common\icons\units\URB1302_icon.dds"                                      , "64"   , "64"    , "dds"
"ui\common\icons\units\URB1303_icon.dds"                                      , "64"   , "64"    , "dds"
"ui\common\icons\units\URB2101_icon.dds"                                      , "64"   , "64"    , "dds"
"ui\common\icons\units\URB2104_icon.dds"                                      , "64"   , "64"    , "dds"
"ui\common\icons\units\URB2108_icon.dds"                                      , "64"   , "64"    , "dds"
"ui\common\icons\units\URB2109_icon.dds"                                      , "64"   , "64"    , "dds"
"ui\common\icons\units\URB2204_icon.dds"                                      , "64"   , "64"    , "dds"
"ui\common\icons\units\URB2205_icon.dds"                                      , "64"   , "64"    , "dds"
"ui\common\icons\units\URB2301_icon.dds"                                      , "64"   , "64"    , "dds"
"ui\common\icons\units\URB2302_icon.dds"                                      , "64"   , "64"    , "dds"
"ui\common\icons\units\URB2303_icon.dds"                                      , "64"   , "64"    , "dds"
"ui\common\icons\units\URB2304_icon.dds"                                      , "64"   , "64"    , "dds"
"ui\common\icons\units\URB2305_icon.dds"                                      , "64"   , "64"    , "dds"
"ui\common\icons\units\URB3101_icon.dds"                                      , "64"   , "64"    , "dds"
"ui\common\icons\units\URB3102_icon.dds"                                      , "64"   , "64"    , "dds"
"ui\common\icons\units\URB3104_icon.dds"                                      , "64"   , "64"    , "dds"
"ui\common\icons\units\URB3201_icon.dds"                                      , "64"   , "64"    , "dds"
"ui\common\icons\units\URB3202_icon.dds"                                      , "64"   , "64"    , "dds"
"ui\common\icons\units\URB3302_icon.dds"                                      , "72"   , "72"    , "dds"
"ui\common\icons\units\URB4201_icon.dds"                                      , "64"   , "64"    , "dds"
"ui\common\icons\units\URB4202_icon.dds"                                      , "64"   , "64"    , "dds"
"ui\common\icons\units\URB4203_icon.dds"                                      , "64"   , "64"    , "dds"
"ui\common\icons\units\URB4204_icon.dds"                                      , "64"   , "64"    , "dds"
"ui\common\icons\units\URB4205_icon.dds"                                      , "64"   , "64"    , "dds"
"ui\common\icons\units\URB4206_icon.dds"                                      , "64"   , "64"    , "dds"
"ui\common\icons\units\URB4207_icon.dds"                                      , "64"   , "64"    , "dds"
"ui\common\icons\units\URB4302_icon.dds"                                      , "64"   , "64"    , "dds"
"ui\common\icons\units\URB5101_icon.dds"                                      , "64"   , "64"    , "dds"
"ui\common\icons\units\URB5102_icon.dds"                                      , "32"   , "32"    , "dds"
"ui\common\icons\units\URB5103_icon.dds"                                      , "72"   , "72"    , "dds"
"ui\common\icons\units\URB5202_icon.dds"                                      , "64"   , "64"    , "dds"
"ui\common\icons\units\urc0001_icon.dds"                                      , "64"   , "64"    , "dds"
"ui\common\icons\units\urc1101_icon.dds"                                      , "64"   , "64"    , "dds"
"ui\common\icons\units\urc1201_icon.dds"                                      , "64"   , "64"    , "dds"
"ui\common\icons\units\urc1301_icon.dds"                                      , "64"   , "64"    , "dds"
"ui\common\icons\units\urc1302_icon.dds"                                      , "64"   , "64"    , "dds"
"ui\common\icons\units\urc1401_icon.dds"                                      , "64"   , "64"    , "dds"
"ui\common\icons\units\urc1501_icon.dds"                                      , "64"   , "64"    , "dds"
"ui\common\icons\units\urc1901_icon.dds"                                      , "64"   , "64"    , "dds"
"ui\common\icons\units\urc1902_icon.dds"                                      , "64"   , "64"    , "dds"
"ui\common\icons\units\URL0001_icon.dds"                                      , "64"   , "64"    , "dds"
"ui\common\icons\units\URL0101_icon.dds"                                      , "64"   , "64"    , "dds"
"ui\common\icons\units\URL0103_icon.dds"                                      , "64"   , "64"    , "dds"
"ui\common\icons\units\URL0104_icon.dds"                                      , "64"   , "64"    , "dds"
"ui\common\icons\units\URL0105_icon.dds"                                      , "64"   , "64"    , "dds"
"ui\common\icons\units\URL0106_icon.dds"                                      , "64"   , "64"    , "dds"
"ui\common\icons\units\URL0107_icon.dds"                                      , "64"   , "64"    , "dds"
"ui\common\icons\units\URL0111_icon.dds"                                      , "64"   , "64"    , "dds"
"ui\common\icons\units\URL0202_icon.dds"                                      , "64"   , "64"    , "dds"
"ui\common\icons\units\URL0203_icon.dds"                                      , "64"   , "64"    , "dds"
"ui\common\icons\units\URL0204_Icon.dds"                                      , "64"   , "64"    , "dds"
"ui\common\icons\units\URL0205_icon.dds"                                      , "64"   , "64"    , "dds"
"ui\common\icons\units\URL0208_icon.dds"                                      , "64"   , "64"    , "dds"
"ui\common\icons\units\URL0301_icon.dds"                                      , "64"   , "64"    , "dds"
"ui\common\icons\units\URL0303_icon.dds"                                      , "64"   , "64"    , "dds"
"ui\common\icons\units\URL0304_icon.dds"                                      , "64"   , "64"    , "dds"
"ui\common\icons\units\URL0306_icon.dds"                                      , "64"   , "64"    , "dds"
"ui\common\icons\units\URL0309_icon.dds"                                      , "64"   , "64"    , "dds"
"ui\common\icons\units\URL0401_icon.dds"                                      , "64"   , "64"    , "dds"
"ui\common\icons\units\URL0402_icon.dds"                                      , "64"   , "64"    , "dds"
"ui\common\icons\units\URS0103_icon.dds"                                      , "64"   , "64"    , "dds"
"ui\common\icons\units\URS0201_icon.dds"                                      , "64"   , "64"    , "dds"
"ui\common\icons\units\URS0202_icon.dds"                                      , "64"   , "64"    , "dds"
"ui\common\icons\units\URS0203_icon.dds"                                      , "64"   , "64"    , "dds"
"ui\common\icons\units\URS0302_icon.dds"                                      , "64"   , "64"    , "dds"
"ui\common\icons\units\URS0303_icon.dds"                                      , "64"   , "64"    , "dds"
"ui\common\icons\units\URS0304_icon.dds"                                      , "64"   , "64"    , "dds"
"ui\common\icons\units\URS0305_icon.dds"                                      , "64"   , "64"    , "dds"
"ui\common\icons\units\xaa0202_icon.dds"                                      , "64"   , "64"    , "dds"
"ui\common\icons\units\xaa0305_icon.dds"                                      , "64"   , "64"    , "dds"
"ui\common\icons\units\xaa0306_icon.dds"                                      , "64"   , "64"    , "dds"
"ui\common\icons\units\xab1401_icon.dds"                                      , "64"   , "64"    , "dds"
"ui\common\icons\units\xab2307_icon.dds"                                      , "64"   , "64"    , "dds"
"ui\common\icons\units\xab3301_icon.dds"                                      , "64"   , "64"    , "dds"
"ui\common\icons\units\xac0101_icon.dds"                                      , "64"   , "64"    , "dds"
"ui\common\icons\units\xac1101_icon.dds"                                      , "64"   , "64"    , "dds"
"ui\common\icons\units\xac1401_icon.dds"                                      , "64"   , "64"    , "dds"
"ui\common\icons\units\xac2101_icon.dds"                                      , "64"   , "64"    , "dds"
"ui\common\icons\units\xac2201_icon.dds"                                      , "64"   , "64"    , "dds"
"ui\common\icons\units\xal0203_icon.dds"                                      , "64"   , "64"    , "dds"
"ui\common\icons\units\xal0305_icon.dds"                                      , "64"   , "64"    , "dds"
"ui\common\icons\units\xas0204_icon.dds"                                      , "64"   , "64"    , "dds"
"ui\common\icons\units\xas0306_icon.dds"                                      , "64"   , "64"    , "dds"
"ui\common\icons\units\xea0002_icon.dds"                                      , "64"   , "64"    , "dds"
"ui\common\icons\units\xea0306_icon.dds"                                      , "64"   , "64"    , "dds"
"ui\common\icons\units\xea3204_icon.dds"                                      , "64"   , "64"    , "dds"
"ui\common\icons\units\xeb0104_icon.dds"                                      , "64"   , "64"    , "dds"
"ui\common\icons\units\xeb0204_icon.dds"                                      , "64"   , "64"    , "dds"
"ui\common\icons\units\xeb2306_icon.dds"                                      , "64"   , "64"    , "dds"
"ui\common\icons\units\xeb2402_icon.dds"                                      , "64"   , "64"    , "dds"
"ui\common\icons\units\xec1301_icon.dds"                                      , "64"   , "64"    , "dds"
"ui\common\icons\units\xec1401_icon.dds"                                      , "64"   , "64"    , "dds"
"ui\common\icons\units\xec1501_icon.dds"                                      , "64"   , "64"    , "dds"
"ui\common\icons\units\xec8001_icon.dds"                                      , "64"   , "64"    , "dds"
"ui\common\icons\units\xec8002_icon.dds"                                      , "64"   , "64"    , "dds"
"ui\common\icons\units\xec8003_icon.dds"                                      , "64"   , "64"    , "dds"
"ui\common\icons\units\xec8004_icon.dds"                                      , "64"   , "64"    , "dds"
"ui\common\icons\units\xec8005_icon.dds"                                      , "64"   , "64"    , "dds"
"ui\common\icons\units\xec8006_icon.dds"                                      , "64"   , "64"    , "dds"
"ui\common\icons\units\xec8007_icon.dds"                                      , "64"   , "64"    , "dds"
"ui\common\icons\units\xec8008_icon.dds"                                      , "64"   , "64"    , "dds"
"ui\common\icons\units\xec8009_icon.dds"                                      , "64"   , "64"    , "dds"
"ui\common\icons\units\xec8010_icon.dds"                                      , "64"   , "64"    , "dds"
"ui\common\icons\units\xec8011_icon.dds"                                      , "64"   , "64"    , "dds"
"ui\common\icons\units\xec8012_icon.dds"                                      , "64"   , "64"    , "dds"
"ui\common\icons\units\xec8013_icon.dds"                                      , "64"   , "64"    , "dds"
"ui\common\icons\units\xec8014_icon.dds"                                      , "64"   , "64"    , "dds"
"ui\common\icons\units\xec8015_icon.dds"                                      , "64"   , "64"    , "dds"
"ui\common\icons\units\xec8016_icon.dds"                                      , "64"   , "64"    , "dds"
"ui\common\icons\units\xec8017_icon.dds"                                      , "64"   , "64"    , "dds"
"ui\common\icons\units\xec8018_icon.dds"                                      , "64"   , "64"    , "dds"
"ui\common\icons\units\xec8019_icon.dds"                                      , "64"   , "64"    , "dds"
"ui\common\icons\units\xec8020_icon.dds"                                      , "64"   , "64"    , "dds"
"ui\common\icons\units\xel0209_icon.dds"                                      , "64"   , "64"    , "dds"
"ui\common\icons\units\xel0305_icon.dds"                                      , "64"   , "64"    , "dds"
"ui\common\icons\units\xel0306_icon.dds"                                      , "64"   , "64"    , "dds"
"ui\common\icons\units\xes0102_icon.dds"                                      , "64"   , "64"    , "dds"
"ui\common\icons\units\xes0205_icon.dds"                                      , "64"   , "64"    , "dds"
"ui\common\icons\units\xes0307_icon.dds"                                      , "64"   , "64"    , "dds"
"ui\common\icons\units\xra0105_icon.dds"                                      , "64"   , "64"    , "dds"
"ui\common\icons\units\xra0305_icon.dds"                                      , "64"   , "64"    , "dds"
"ui\common\icons\units\xrb0104_icon.dds"                                      , "64"   , "64"    , "dds"
"ui\common\icons\units\xrb0204_icon.dds"                                      , "64"   , "64"    , "dds"
"ui\common\icons\units\xrb0304_icon.dds"                                      , "64"   , "64"    , "dds"
"ui\common\icons\units\xrb2308_icon.dds"                                      , "64"   , "64"    , "dds"
"ui\common\icons\units\xrb3301_icon.dds"                                      , "64"   , "64"    , "dds"
"ui\common\icons\units\xrc1101_icon.dds"                                      , "64"   , "64"    , "dds"
"ui\common\icons\units\xrc1502_icon.dds"                                      , "64"   , "64"    , "dds"
"ui\common\icons\units\xrc2201_icon.dds"                                      , "64"   , "64"    , "dds"
"ui\common\icons\units\xrc8001_icon.dds"                                      , "64"   , "64"    , "dds"
"ui\common\icons\units\xrc8002_icon.dds"                                      , "64"   , "64"    , "dds"
"ui\common\icons\units\xrc8003_icon.dds"                                      , "64"   , "64"    , "dds"
"ui\common\icons\units\xrc8004_icon.dds"                                      , "64"   , "64"    , "dds"
"ui\common\icons\units\xrc8005_icon.dds"                                      , "64"   , "64"    , "dds"
"ui\common\icons\units\xrc8006_icon.dds"                                      , "64"   , "64"    , "dds"
"ui\common\icons\units\xrc8007_icon.dds"                                      , "64"   , "64"    , "dds"
"ui\common\icons\units\xrc8008_icon.dds"                                      , "64"   , "64"    , "dds"
"ui\common\icons\units\xrc8009_icon.dds"                                      , "64"   , "64"    , "dds"
"ui\common\icons\units\xrc8010_icon.dds"                                      , "64"   , "64"    , "dds"
"ui\common\icons\units\xrc8011_icon.dds"                                      , "64"   , "64"    , "dds"
"ui\common\icons\units\xrc8012_icon.dds"                                      , "64"   , "64"    , "dds"
"ui\common\icons\units\xrc8013_icon.dds"                                      , "64"   , "64"    , "dds"
"ui\common\icons\units\xrc8014_icon.dds"                                      , "64"   , "64"    , "dds"
"ui\common\icons\units\xrc8015_icon.dds"                                      , "64"   , "64"    , "dds"
"ui\common\icons\units\xrc8016_icon.dds"                                      , "64"   , "64"    , "dds"
"ui\common\icons\units\xrc8017_icon.dds"                                      , "64"   , "64"    , "dds"
"ui\common\icons\units\xrc8018_icon.dds"                                      , "64"   , "64"    , "dds"
"ui\common\icons\units\xrc8019_icon.dds"                                      , "64"   , "64"    , "dds"
"ui\common\icons\units\xrc8020_icon.dds"                                      , "64"   , "64"    , "dds"
"ui\common\icons\units\xrc8101_icon.dds"                                      , "64"   , "64"    , "dds"
"ui\common\icons\units\xrc8102_icon.dds"                                      , "64"   , "64"    , "dds"
"ui\common\icons\units\xrc8103_icon.dds"                                      , "64"   , "64"    , "dds"
"ui\common\icons\units\xrc8104_icon.dds"                                      , "64"   , "64"    , "dds"
"ui\common\icons\units\xrc8105_icon.dds"                                      , "64"   , "64"    , "dds"
"ui\common\icons\units\xrc8106_icon.dds"                                      , "64"   , "64"    , "dds"
"ui\common\icons\units\xrc8107_icon.dds"                                      , "64"   , "64"    , "dds"
"ui\common\icons\units\xrc8108_icon.dds"                                      , "64"   , "64"    , "dds"
"ui\common\icons\units\xrc8109_icon.dds"                                      , "64"   , "64"    , "dds"
"ui\common\icons\units\xrc8110_icon.dds"                                      , "64"   , "64"    , "dds"
"ui\common\icons\units\xrc8111_icon.dds"                                      , "64"   , "64"    , "dds"
"ui\common\icons\units\xrc8112_icon.dds"                                      , "64"   , "64"    , "dds"
"ui\common\icons\units\xrc8113_icon.dds"                                      , "64"   , "64"    , "dds"
"ui\common\icons\units\xrc8114_icon.dds"                                      , "64"   , "64"    , "dds"
"ui\common\icons\units\xrc8115_icon.dds"                                      , "64"   , "64"    , "dds"
"ui\common\icons\units\xrc8116_icon.dds"                                      , "64"   , "64"    , "dds"
"ui\common\icons\units\xrc8117_icon.dds"                                      , "64"   , "64"    , "dds"
"ui\common\icons\units\xrc8118_icon.dds"                                      , "64"   , "64"    , "dds"
"ui\common\icons\units\xrc8119_icon.dds"                                      , "64"   , "64"    , "dds"
"ui\common\icons\units\xrc8120_icon.dds"                                      , "64"   , "64"    , "dds"
"ui\common\icons\units\XRL0002_icon.dds"                                      , "64"   , "64"    , "dds"
"ui\common\icons\units\xrl0003_icon.dds"                                      , "64"   , "64"    , "dds"
"ui\common\icons\units\XRL0004_icon.dds"                                      , "64"   , "64"    , "dds"
"ui\common\icons\units\XRL0005_icon.dds"                                      , "64"   , "64"    , "dds"
"ui\common\icons\units\xrl0302_icon.dds"                                      , "64"   , "64"    , "dds"
"ui\common\icons\units\xrl0305_icon.dds"                                      , "64"   , "64"    , "dds"
"ui\common\icons\units\xrl0403_icon.dds"                                      , "64"   , "64"    , "dds"
"ui\common\icons\units\xrs0204_icon.dds"                                      , "64"   , "64"    , "dds"
"ui\common\icons\units\xrs0205_icon.dds"                                      , "64"   , "64"    , "dds"
"ui\common\icons\units\XSA0101_icon.dds"                                      , "64"   , "64"    , "dds"
"ui\common\icons\units\XSA0102_icon.dds"                                      , "64"   , "64"    , "dds"
"ui\common\icons\units\XSA0103_icon.dds"                                      , "64"   , "64"    , "dds"
"ui\common\icons\units\XSA0104_icon.dds"                                      , "64"   , "64"    , "dds"
"ui\common\icons\units\XSA0107_icon.dds"                                      , "64"   , "64"    , "dds"
"ui\common\icons\units\XSA0202_icon.dds"                                      , "64"   , "64"    , "dds"
"ui\common\icons\units\XSA0203_icon.dds"                                      , "64"   , "64"    , "dds"
"ui\common\icons\units\XSA0204_icon.dds"                                      , "64"   , "64"    , "dds"
"ui\common\icons\units\XSA0302_icon.dds"                                      , "64"   , "64"    , "dds"
"ui\common\icons\units\XSA0303_icon.dds"                                      , "64"   , "64"    , "dds"
"ui\common\icons\units\XSA0304_icon.dds"                                      , "64"   , "64"    , "dds"
"ui\common\icons\units\XSA0402_icon.dds"                                      , "64"   , "64"    , "dds"
"ui\common\icons\units\XSB0101_icon.dds"                                      , "64"   , "64"    , "dds"
"ui\common\icons\units\XSB0102_icon.dds"                                      , "64"   , "64"    , "dds"
"ui\common\icons\units\XSB0103_icon.dds"                                      , "64"   , "64"    , "dds"
"ui\common\icons\units\XSB0201_icon.dds"                                      , "64"   , "64"    , "dds"
"ui\common\icons\units\XSB0202_icon.dds"                                      , "64"   , "64"    , "dds"
"ui\common\icons\units\XSB0203_icon.dds"                                      , "64"   , "64"    , "dds"
"ui\common\icons\units\XSB0301_icon.dds"                                      , "64"   , "64"    , "dds"
"ui\common\icons\units\XSB0302_icon.dds"                                      , "64"   , "64"    , "dds"
"ui\common\icons\units\XSB0303_icon.dds"                                      , "64"   , "64"    , "dds"
"ui\common\icons\units\XSB0304_icon.dds"                                      , "64"   , "64"    , "dds"
"ui\common\icons\units\XSB1101_icon.dds"                                      , "64"   , "64"    , "dds"
"ui\common\icons\units\XSB1102_icon.dds"                                      , "64"   , "64"    , "dds"
"ui\common\icons\units\XSB1103_icon.dds"                                      , "64"   , "64"    , "dds"
"ui\common\icons\units\XSB1104_icon.dds"                                      , "64"   , "64"    , "dds"
"ui\common\icons\units\XSB1105_icon.dds"                                      , "64"   , "64"    , "dds"
"ui\common\icons\units\xsb1106_icon.dds"                                      , "64"   , "64"    , "dds"
"ui\common\icons\units\XSB1201_icon.dds"                                      , "64"   , "64"    , "dds"
"ui\common\icons\units\XSB1202_icon.dds"                                      , "64"   , "64"    , "dds"
"ui\common\icons\units\XSB1301_icon.dds"                                      , "64"   , "64"    , "dds"
"ui\common\icons\units\XSB1302_icon.dds"                                      , "64"   , "64"    , "dds"
"ui\common\icons\units\XSB1303_icon.dds"                                      , "64"   , "64"    , "dds"
"ui\common\icons\units\XSB2101_icon.dds"                                      , "64"   , "64"    , "dds"
"ui\common\icons\units\XSB2104_icon.dds"                                      , "64"   , "64"    , "dds"
"ui\common\icons\units\XSB2108_icon.dds"                                      , "64"   , "64"    , "dds"
"ui\common\icons\units\XSB2109_icon.dds"                                      , "64"   , "64"    , "dds"
"ui\common\icons\units\XSB2204_icon.dds"                                      , "64"   , "64"    , "dds"
"ui\common\icons\units\XSB2205_icon.dds"                                      , "64"   , "64"    , "dds"
"ui\common\icons\units\XSB2301_icon.dds"                                      , "64"   , "64"    , "dds"
"ui\common\icons\units\XSB2302_icon.dds"                                      , "64"   , "64"    , "dds"
"ui\common\icons\units\XSB2303_icon.dds"                                      , "64"   , "64"    , "dds"
"ui\common\icons\units\XSB2304_icon.dds"                                      , "64"   , "64"    , "dds"
"ui\common\icons\units\XSB2305_icon.dds"                                      , "64"   , "64"    , "dds"
"ui\common\icons\units\xsb2401_icon.dds"                                      , "64"   , "64"    , "dds"
"ui\common\icons\units\XSB3101_icon.dds"                                      , "64"   , "64"    , "dds"
"ui\common\icons\units\XSB3102_icon.dds"                                      , "64"   , "64"    , "dds"
"ui\common\icons\units\XSB3104_icon.dds"                                      , "64"   , "64"    , "dds"
"ui\common\icons\units\XSB3201_icon.dds"                                      , "64"   , "64"    , "dds"
"ui\common\icons\units\XSB3202_icon.dds"                                      , "64"   , "64"    , "dds"
"ui\common\icons\units\XSB4201_icon.dds"                                      , "64"   , "64"    , "dds"
"ui\common\icons\units\XSB4202_icon.dds"                                      , "64"   , "64"    , "dds"
"ui\common\icons\units\XSB4203_icon.dds"                                      , "64"   , "64"    , "dds"
"ui\common\icons\units\XSB4301_icon.dds"                                      , "64"   , "64"    , "dds"
"ui\common\icons\units\xsb4302_icon.dds"                                      , "64"   , "64"    , "dds"
"ui\common\icons\units\XSB5101_icon.dds"                                      , "64"   , "64"    , "dds"
"ui\common\icons\units\XSB5102_icon.dds"                                      , "32"   , "32"    , "dds"
"ui\common\icons\units\XSB5202_icon.dds"                                      , "64"   , "64"    , "dds"
"ui\common\icons\units\XSC0001_icon.dds"                                      , "64"   , "64"    , "dds"
"ui\common\icons\units\XSC1101_icon.dds"                                      , "64"   , "64"    , "dds"
"ui\common\icons\units\XSC1201_icon.dds"                                      , "64"   , "64"    , "dds"
"ui\common\icons\units\XSC1301_icon.dds"                                      , "64"   , "64"    , "dds"
"ui\common\icons\units\XSC1401_icon.dds"                                      , "64"   , "64"    , "dds"
"ui\common\icons\units\XSC1501_icon.dds"                                      , "64"   , "64"    , "dds"
"ui\common\icons\units\XSC1901_icon.dds"                                      , "64"   , "64"    , "dds"
"ui\common\icons\units\XSC1902_icon.dds"                                      , "64"   , "64"    , "dds"
"ui\common\icons\units\xsc2201_icon.dds"                                      , "64"   , "64"    , "dds"
"ui\common\icons\units\xsc8001_icon.dds"                                      , "64"   , "64"    , "dds"
"ui\common\icons\units\xsc8002_icon.dds"                                      , "64"   , "64"    , "dds"
"ui\common\icons\units\xsc8003_icon.dds"                                      , "64"   , "64"    , "dds"
"ui\common\icons\units\xsc8004_icon.dds"                                      , "64"   , "64"    , "dds"
"ui\common\icons\units\xsc8005_icon.dds"                                      , "64"   , "64"    , "dds"
"ui\common\icons\units\xsc8006_icon.dds"                                      , "64"   , "64"    , "dds"
"ui\common\icons\units\xsc8007_icon.dds"                                      , "64"   , "64"    , "dds"
"ui\common\icons\units\xsc8008_icon.dds"                                      , "64"   , "64"    , "dds"
"ui\common\icons\units\xsc8009_icon.dds"                                      , "64"   , "64"    , "dds"
"ui\common\icons\units\xsc8010_icon.dds"                                      , "64"   , "64"    , "dds"
"ui\common\icons\units\xsc8011_icon.dds"                                      , "64"   , "64"    , "dds"
"ui\common\icons\units\xsc8012_icon.dds"                                      , "64"   , "64"    , "dds"
"ui\common\icons\units\XSC9001_icon.dds"                                      , "64"   , "64"    , "dds"
"ui\common\icons\units\XSC9002_icon.dds"                                      , "64"   , "64"    , "dds"
"ui\common\icons\units\XSC9003_icon.dds"                                      , "64"   , "64"    , "dds"
"ui\common\icons\units\XSL0001_icon.dds"                                      , "64"   , "64"    , "dds"
"ui\common\icons\units\XSL0101_icon.dds"                                      , "64"   , "64"    , "dds"
"ui\common\icons\units\XSL0103_icon.dds"                                      , "64"   , "64"    , "dds"
"ui\common\icons\units\XSL0104_icon.dds"                                      , "64"   , "64"    , "dds"
"ui\common\icons\units\XSL0105_icon.dds"                                      , "64"   , "64"    , "dds"
"ui\common\icons\units\XSL0111_icon.dds"                                      , "64"   , "64"    , "dds"
"ui\common\icons\units\XSL0201_icon.dds"                                      , "64"   , "64"    , "dds"
"ui\common\icons\units\XSL0202_icon.dds"                                      , "64"   , "64"    , "dds"
"ui\common\icons\units\XSL0203_icon.dds"                                      , "64"   , "64"    , "dds"
"ui\common\icons\units\XSL0205_icon.dds"                                      , "64"   , "64"    , "dds"
"ui\common\icons\units\XSL0208_icon.dds"                                      , "64"   , "64"    , "dds"
"ui\common\icons\units\XSL0301_icon.dds"                                      , "64"   , "64"    , "dds"
"ui\common\icons\units\XSL0303_icon.dds"                                      , "64"   , "64"    , "dds"
"ui\common\icons\units\XSL0304_icon.dds"                                      , "64"   , "64"    , "dds"
"ui\common\icons\units\XSL0305_icon.dds"                                      , "64"   , "64"    , "dds"
"ui\common\icons\units\XSL0307_icon.dds"                                      , "64"   , "64"    , "dds"
"ui\common\icons\units\XSL0309_icon.dds"                                      , "64"   , "64"    , "dds"
"ui\common\icons\units\XSL0401_icon.dds"                                      , "64"   , "64"    , "dds"
"ui\common\icons\units\XSL0402_icon.dds"                                      , "64"   , "64"    , "dds"
"ui\common\icons\units\XSL0403_icon.dds"                                      , "64"   , "64"    , "dds"
"ui\common\icons\units\XSL0404_icon.dds"                                      , "64"   , "64"    , "dds"
"ui\common\icons\units\XSS0103_icon.dds"                                      , "64"   , "64"    , "dds"
"ui\common\icons\units\XSS0201_icon.dds"                                      , "64"   , "64"    , "dds"
"ui\common\icons\units\XSS0202_icon.dds"                                      , "64"   , "64"    , "dds"
"ui\common\icons\units\XSS0203_icon.dds"                                      , "64"   , "64"    , "dds"
"ui\common\icons\units\XSS0302_icon.dds"                                      , "64"   , "64"    , "dds"
"ui\common\icons\units\XSS0303_icon.dds"                                      , "64"   , "64"    , "dds"
"ui\common\icons\units\XSS0304_icon.dds"                                      , "64"   , "64"    , "dds"
"ui\common\load\background-portal_bmp.dds"                                    , "1024" , "768"   , "dds"
"ui\common\load\load-bar_bmp.dds"                                             , "264"  , "24"    , "dds"
"ui\common\load\load-bar-bg_bmp.dds"                                          , "264"  , "24"    , "dds"
"ui\common\load\panel_bmp.dds"                                                , "404"  , "352"   , "dds"
"ui\common\lobby\aeon_ico.dds"                                                , "24"   , "24"    , "dds"
"ui\common\lobby\cybran_ico.dds"                                              , "24"   , "24"    , "dds"
"ui\common\lobby\direct-ip-connect\panel_bmp.dds"                             , "456"  , "320"   , "dds"
"ui\common\lobby\gamecreate\panel_bmp.dds"                                    , "456"  , "320"   , "dds"
"ui\common\lobby\gameselect\panel_bmp.dds"                                    , "944"  , "608"   , "dds"
"ui\common\lobby\gameselect02\panel_bmp.dds"                                  , "888"  , "548"   , "dds"
"ui\common\lobby\gameselect02\text-over_bmp.dds"                              , "412"  , "20"    , "dds"
"ui\common\lobby\gameselect03\gameselect03_ip_cover.dds"                      , "396"  , "28"    , "dds"
"ui\common\lobby\gameselect03\gameselect03_ip_hlite.dds"                      , "396"  , "28"    , "dds"
"ui\common\lobby\gameselect03\gameselect03_lan_cover.dds"                     , "784"  , "256"   , "dds"
"ui\common\lobby\gameselect03\gameselect03_lan_hlite.dds"                     , "396"  , "256"   , "dds"
"ui\common\lobby\gameselect03\gameselect03_panel.dds"                         , "848"  , "504"   , "dds"
"ui\common\lobby\gameselect03\map-pane-border_bmp.dds"                        , "332"  , "332"   , "dds"
"ui\common\lobby\gameselect03\name_btn_dis.dds"                               , "320"  , "40"    , "dds"
"ui\common\lobby\gameselect03\name_btn_down.dds"                              , "320"  , "40"    , "dds"
"ui\common\lobby\gameselect03\name_btn_over.dds"                              , "320"  , "40"    , "dds"
"ui\common\lobby\gameselect03\name_btn_up.dds"                                , "320"  , "40"    , "dds"
"ui\common\lobby\gameselect03\panel_bmp.dds"                                  , "1016" , "768"   , "dds"
"ui\common\lobby\gameselect03\temp-game-sel-bg.dds"                           , "1008" , "768"   , "dds"
"ui\common\lobby\lan-game-lobby\border-l_bmp.dds"                             , "304"  , "396"   , "dds"
"ui\common\lobby\lan-game-lobby\border-r_bmp.dds"                             , "304"  , "396"   , "dds"
"ui\common\lobby\lan-game-lobby\combo_btn_dis.dds"                            , "24"   , "16"    , "dds"
"ui\common\lobby\lan-game-lobby\combo_btn_down.dds"                           , "24"   , "16"    , "dds"
"ui\common\lobby\lan-game-lobby\combo_btn_over.dds"                           , "24"   , "16"    , "dds"
"ui\common\lobby\lan-game-lobby\combo_btn_up.dds"                             , "24"   , "16"    , "dds"
"ui\common\lobby\lan-game-lobby\drop-down_bmp_b.dds"                          , "52"   , "16"    , "dds"
"ui\common\lobby\lan-game-lobby\drop-down_bmp_m.dds"                          , "52"   , "8"     , "dds"
"ui\common\lobby\lan-game-lobby\drop-down_bmp_t.dds"                          , "52"   , "16"    , "dds"
"ui\common\lobby\lan-game-lobby\drop-down_bmp.dds"                            , "60"   , "44"    , "dds"
"ui\common\lobby\lan-game-lobby\drop-down-w_bmp_b.dds"                        , "116"  , "16"    , "dds"
"ui\common\lobby\lan-game-lobby\drop-down-w_bmp_m.dds"                        , "116"  , "8"     , "dds"
"ui\common\lobby\lan-game-lobby\drop-down-w_bmp_t.dds"                        , "116"  , "16"    , "dds"
"ui\common\lobby\lan-game-lobby\drop-down-w_bmp.dds"                          , "124"  , "44"    , "dds"
"ui\common\lobby\lan-game-lobby\highlight_bmp.dds"                            , "48"   , "20"    , "dds"
"ui\common\lobby\lan-game-lobby\large_btn_dis.dds"                            , "240"  , "72"    , "dds"
"ui\common\lobby\lan-game-lobby\large_btn_down.dds"                           , "240"  , "72"    , "dds"
"ui\common\lobby\lan-game-lobby\large_btn_over.dds"                           , "240"  , "72"    , "dds"
"ui\common\lobby\lan-game-lobby\large_btn_up.dds"                             , "240"  , "72"    , "dds"
"ui\common\lobby\lan-game-lobby\map-pane-border_bmp.dds"                      , "240"  , "244"   , "dds"
"ui\common\lobby\lan-game-lobby\panel_bmp.dds"                                , "1016" , "768"   , "dds"
"ui\common\lobby\lan-game-lobby\panel-skirmish_bmp.dds"                       , "1016" , "768"   , "dds"
"ui\common\lobby\lan-game-lobby\player_btn_dis.dds"                           , "368"  , "32"    , "dds"
"ui\common\lobby\lan-game-lobby\player_btn_down.dds"                          , "368"  , "32"    , "dds"
"ui\common\lobby\lan-game-lobby\player_btn_over.dds"                          , "368"  , "32"    , "dds"
"ui\common\lobby\lan-game-lobby\player_btn_up.dds"                            , "368"  , "32"    , "dds"
"ui\common\lobby\lan-game-lobby\player-drop_b.dds"                            , "364"  , "28"    , "dds"
"ui\common\lobby\lan-game-lobby\player-drop_m.dds"                            , "360"  , "20"    , "dds"
"ui\common\lobby\lan-game-lobby\player-drop_t.dds"                            , "360"  , "20"    , "dds"
"ui\common\lobby\lan-game-lobby\player-drop.dds"                              , "368"  , "96"    , "dds"
"ui\common\lobby\lan-game-lobby\player-text-highlight_bmp.dds"                , "348"  , "20"    , "dds"
"ui\common\lobby\lan-game-lobby\small_btn_dis.dds"                            , "152"  , "40"    , "dds"
"ui\common\lobby\lan-game-lobby\small_btn_down.dds"                           , "152"  , "40"    , "dds"
"ui\common\lobby\lan-game-lobby\small_btn_over.dds"                           , "152"  , "40"    , "dds"
"ui\common\lobby\lan-game-lobby\small_btn_up.dds"                             , "152"  , "40"    , "dds"
"ui\common\lobby\lan-game-lobby\small-back_btn_dis.dds"                       , "168"  , "40"    , "dds"
"ui\common\lobby\lan-game-lobby\small-back_btn_down.dds"                      , "168"  , "40"    , "dds"
"ui\common\lobby\lan-game-lobby\small-back_btn_over.dds"                      , "168"  , "40"    , "dds"
"ui\common\lobby\lan-game-lobby\small-back_btn_up.dds"                        , "168"  , "40"    , "dds"
"ui\common\lobby\lan-game-lobby\square_btn_dis.dds"                           , "60"   , "32"    , "dds"
"ui\common\lobby\lan-game-lobby\square_btn_down.dds"                          , "60"   , "32"    , "dds"
"ui\common\lobby\lan-game-lobby\square_btn_over.dds"                          , "60"   , "32"    , "dds"
"ui\common\lobby\lan-game-lobby\square_btn_up.dds"                            , "60"   , "32"    , "dds"
"ui\common\lobby\lan-game-lobby\square-w_btn_dis.dds"                         , "124"  , "32"    , "dds"
"ui\common\lobby\lan-game-lobby\square-w_btn_down.dds"                        , "124"  , "32"    , "dds"
"ui\common\lobby\lan-game-lobby\square-w_btn_over.dds"                        , "124"  , "32"    , "dds"
"ui\common\lobby\lan-game-lobby\square-w_btn_up.dds"                          , "124"  , "32"    , "dds"
"ui\common\lobby\lan-game-lobby\toggle_btn_dis.dds"                           , "120"  , "32"    , "dds"
"ui\common\lobby\lan-game-lobby\toggle_btn_down.dds"                          , "120"  , "32"    , "dds"
"ui\common\lobby\lan-game-lobby\toggle_btn_over.dds"                          , "120"  , "32"    , "dds"
"ui\common\lobby\lan-game-lobby\toggle_btn_up.dds"                            , "120"  , "32"    , "dds"
"ui\common\lobby\multiplayer-select\panel_bmp.dds"                            , "476"  , "360"   , "dds"
"ui\common\lobby\multiplayer-select\panel02_bmp.dds"                          , "456"  , "488"   , "dds"
"ui\common\lobby\not-ready_ico.dds"                                           , "24"   , "24"    , "dds"
"ui\common\lobby\observer_ico.dds"                                            , "24"   , "24"    , "dds"
"ui\common\lobby\ready_ico.dds"                                               , "24"   , "24"    , "dds"
"ui\common\lobby\team_icons\team_1_icon.dds"                                  , "16"   , "16"    , "dds"
"ui\common\lobby\team_icons\team_2_icon.dds"                                  , "16"   , "16"    , "dds"
"ui\common\lobby\team_icons\team_3_icon.dds"                                  , "16"   , "16"    , "dds"
"ui\common\lobby\team_icons\team_4_icon.dds"                                  , "16"   , "16"    , "dds"
"ui\common\lobby\team_icons\team_no_icon.dds"                                 , "16"   , "16"    , "dds"
"ui\common\lobby\uef_ico.dds"                                                 , "24"   , "24"    , "dds"
"ui\common\logos\gpgnet_logo.dds"                                             , "156"  , "40"    , "dds"
"ui\common\marketing\end_demo_1.dds"                                          , "1920" , "1080"  , "dds"
"ui\common\marketing\splash.dds"                                              , "1024" , "768"   , "dds"
"ui\common\medium-aeon-btn\medium02_btn_dis.dds"                              , "276"  , "72"    , "dds"
"ui\common\medium-aeon-btn\medium02_btn_down.dds"                             , "276"  , "72"    , "dds"
"ui\common\medium-aeon-btn\medium02_btn_glow.dds"                             , "276"  , "72"    , "dds"
"ui\common\medium-aeon-btn\medium02_btn_over.dds"                             , "276"  , "72"    , "dds"
"ui\common\medium-aeon-btn\medium02_btn_up.dds"                               , "276"  , "72"    , "dds"
"ui\common\medium-cybran-btn\medium02_btn_dis.dds"                            , "276"  , "72"    , "dds"
"ui\common\medium-cybran-btn\medium02_btn_down.dds"                           , "276"  , "72"    , "dds"
"ui\common\medium-cybran-btn\medium02_btn_glow.dds"                           , "276"  , "72"    , "dds"
"ui\common\medium-cybran-btn\medium02_btn_over.dds"                           , "276"  , "72"    , "dds"
"ui\common\medium-cybran-btn\medium02_btn_up.dds"                             , "276"  , "72"    , "dds"
"ui\common\medium-uef-btn\medium02_btn_dis.dds"                               , "276"  , "72"    , "dds"
"ui\common\medium-uef-btn\medium02_btn_down.dds"                              , "276"  , "72"    , "dds"
"ui\common\medium-uef-btn\medium02_btn_glow.dds"                              , "276"  , "72"    , "dds"
"ui\common\medium-uef-btn\medium02_btn_over.dds"                              , "276"  , "72"    , "dds"
"ui\common\medium-uef-btn\medium02_btn_up.dds"                                , "276"  , "72"    , "dds"
"ui\common\menus\background_bmp.dds"                                          , "1024" , "768"   , "dds"
"ui\common\menus\background-colossus_bmp.dds"                                 , "1024" , "768"   , "dds"
"ui\common\menus\background-colossus.dds"                                     , "1024" , "768"   , "dds"
"ui\common\menus\background-colossus02.dds"                                   , "1024" , "768"   , "dds"
"ui\common\menus\background-paint01_bmp.dds"                                  , "1024" , "768"   , "dds"
"ui\common\menus\background-paint02_bmp.dds"                                  , "1024" , "768"   , "dds"
"ui\common\menus\background-paint02-640x480_bmp.dds"                          , "640"  , "480"   , "dds"
"ui\common\menus\background-paint02-640x480_bmp.png"                          , "640"  , "480"   , "png"
"ui\common\menus\background-paint03_bmp.dds"                                  , "1024" , "768"   , "dds"
"ui\common\menus\background-paint04_bmp.dds"                                  , "1024" , "768"   , "dds"
"ui\common\menus\background-paint05_bmp.dds"                                  , "1024" , "768"   , "dds"
"ui\common\menus\background02_bmp.dds"                                        , "1024" , "768"   , "dds"
"ui\common\menus\background03_bmp.dds"                                        , "1024" , "768"   , "dds"
"ui\common\menus\background04_bmp.dds"                                        , "1024" , "768"   , "dds"
"ui\common\menus\background05_bmp.dds"                                        , "1024" , "768"   , "dds"
"ui\common\menus\blast .dds"                                                  , "640"  , "680"   , "dds"
"ui\common\menus\borde02r-l_bmp.dds"                                          , "348"  , "412"   , "dds"
"ui\common\menus\border_bmp.dds"                                              , "1024" , "768"   , "dds"
"ui\common\menus\border-l_bmp.dds"                                            , "308"  , "400"   , "dds"
"ui\common\menus\border-r_bmp.dds"                                            , "308"  , "400"   , "dds"
"ui\common\menus\border02_bmp.dds"                                            , "1024" , "768"   , "dds"
"ui\common\menus\border02-r_bmp.dds"                                          , "340"  , "180"   , "dds"
"ui\common\menus\border03_bmp.dds"                                            , "1024" , "768"   , "dds"
"ui\common\menus\gpgnet-logo\gpgnet-logo_bmp.dds"                             , "160"  , "28"    , "dds"
"ui\common\menus\lights_left.dds"                                             , "36"   , "324"   , "dds"
"ui\common\menus\lights_right.dds"                                            , "40"   , "324"   , "dds"
"ui\common\menus\main02-1600-1200\sc-logo_bmp.dds"                            , "728"  , "136"   , "dds"
"ui\common\menus\main02-1600-1200\scan-lines_bmp.dds"                         , "1028" , "776"   , "dds"
"ui\common\menus\main02-1600-1200\texture-grime_bmp.dds"                      , "1600" , "1200"  , "dds"
"ui\common\menus\main02\borde02-l_bmp.dds"                                    , "624"  , "136"   , "dds"
"ui\common\menus\main02\border02-r_bmp.dds"                                   , "296"  , "420"   , "dds"
"ui\common\menus\main02\border02-t_bmp.dds"                                   , "340"  , "176"   , "dds"
"ui\common\menus\main02\large_btn_dis.dds"                                    , "296"  , "64"    , "dds"
"ui\common\menus\main02\large_btn_down.dds"                                   , "296"  , "64"    , "dds"
"ui\common\menus\main02\large_btn_over.dds"                                   , "296"  , "64"    , "dds"
"ui\common\menus\main02\large_btn_up.dds"                                     , "296"  , "64"    , "dds"
"ui\common\menus\main02\multiplayer beta.dds"                                 , "604"  , "224"   , "dds"
"ui\common\menus\main02\multiplayer_beta.dds"                                 , "604"  , "224"   , "dds"
"ui\common\menus\main02\panel-bottom_bmp.dds"                                 , "336"  , "72"    , "dds"
"ui\common\menus\main02\panel-profile02_bmp.dds"                              , "336"  , "76"    , "dds"
"ui\common\menus\main02\panel-top_bmp.dds"                                    , "336"  , "84"    , "dds"
"ui\common\menus\main02\profile-edit_btn_dis.dds"                             , "304"  , "44"    , "dds"
"ui\common\menus\main02\profile-edit_btn_down.dds"                            , "304"  , "44"    , "dds"
"ui\common\menus\main02\profile-edit_btn_over.dds"                            , "304"  , "44"    , "dds"
"ui\common\menus\main02\profile-edit_btn_up.dds"                              , "304"  , "44"    , "dds"
"ui\common\menus\main02\quick-panel_t.dds"                                    , "292"  , "20"    , "dds"
"ui\common\menus\main02\quick-panel-b.dds"                                    , "292"  , "16"    , "dds"
"ui\common\menus\main02\quick-panel-m.dds"                                    , "292"  , "8"     , "dds"
"ui\common\menus\main02\sc-logo-lg_bmp.dds"                                   , "508"  , "160"   , "dds"
"ui\common\menus\main02\texture-grime_bmp.dds"                                , "1024" , "768"   , "dds"
"ui\common\menus\main02\thin_btn_dis.dds"                                     , "260"  , "32"    , "dds"
"ui\common\menus\main02\thin_btn_down.dds"                                    , "260"  , "32"    , "dds"
"ui\common\menus\main02\thin_btn_over.dds"                                    , "260"  , "32"    , "dds"
"ui\common\menus\main02\thin_btn_up.dds"                                      , "260"  , "32"    , "dds"
"ui\common\menus\main03\back_brd_horz_lm.dds"                                 , "452"  , "76"    , "dds"
"ui\common\menus\main03\back_brd_horz_lml.dds"                                , "20"   , "60"    , "dds"
"ui\common\menus\main03\back_brd_horz_lmr.dds"                                , "20"   , "60"    , "dds"
"ui\common\menus\main03\back_brd_horz_um.dds"                                 , "452"  , "52"    , "dds"
"ui\common\menus\main03\back_brd_horz_uml.dds"                                , "20"   , "56"    , "dds"
"ui\common\menus\main03\back_brd_horz_umr.dds"                                , "20"   , "56"    , "dds"
"ui\common\menus\main03\back_brd_ll.dds"                                      , "40"   , "132"   , "dds"
"ui\common\menus\main03\back_brd_lr.dds"                                      , "40"   , "132"   , "dds"
"ui\common\menus\main03\back_brd_ul.dds"                                      , "40"   , "128"   , "dds"
"ui\common\menus\main03\back_brd_ur.dds"                                      , "40"   , "128"   , "dds"
"ui\common\menus\main03\large_btn_dis.dds"                                    , "296"  , "64"    , "dds"
"ui\common\menus\main03\large_btn_down.dds"                                   , "296"  , "64"    , "dds"
"ui\common\menus\main03\large_btn_glow.dds"                                   , "316"  , "84"    , "dds"
"ui\common\menus\main03\large_btn_over.dds"                                   , "296"  , "64"    , "dds"
"ui\common\menus\main03\large_btn_up.dds"                                     , "296"  , "64"    , "dds"
"ui\common\menus\main03\panel-bottom_bmp.dds"                                 , "336"  , "72"    , "dds"
"ui\common\menus\main03\panel-top_bmp.dds"                                    , "336"  , "84"    , "dds"
"ui\common\menus\main03\press_build.dds"                                      , "604"  , "224"   , "dds"
"ui\common\menus\main03\profile-edit_btn_dis.dds"                             , "336"  , "76"    , "dds"
"ui\common\menus\main03\profile-edit_btn_down.dds"                            , "304"  , "44"    , "dds"
"ui\common\menus\main03\profile-edit_btn_over.dds"                            , "336"  , "76"    , "dds"
"ui\common\menus\main03\profile-edit_btn_up.dds"                              , "304"  , "44"    , "dds"
"ui\common\menus\multiplayer\panel_bmp.dds"                                   , "484"  , "460"   , "dds"
"ui\common\menus\panel-profile_bmp.dds"                                       , "188"  , "36"    , "dds"
"ui\common\menus\profile-select_btn_dis.dds"                                  , "136"  , "28"    , "dds"
"ui\common\menus\profile-select_btn_down.dds"                                 , "136"  , "28"    , "dds"
"ui\common\menus\profile-select_btn_over.dds"                                 , "136"  , "28"    , "dds"
"ui\common\menus\profile-select_btn_up.dds"                                   , "136"  , "28"    , "dds"
"ui\common\menus\pulse-ray_bmp.dds"                                           , "684"  , "676"   , "dds"
"ui\common\menus\smoke_bmp.dds"                                               , "936"  , "704"   , "dds"
"ui\common\menus\smoke-02_bmp.dds"                                            , "936"  , "704"   , "dds"
"ui\common\menus\smoke.dds"                                                   , "900"  , "684"   , "dds"
"ui\common\menus\smoke02 .dds"                                                , "900"  , "684"   , "dds"
"ui\common\menus02\background_bmp.dds"                                        , "1024" , "768"   , "dds"
"ui\common\menus02\background-colossus_bmp.dds"                               , "1024" , "768"   , "dds"
"ui\common\menus02\background-paint01_bmp.dds"                                , "1024" , "768"   , "dds"
"ui\common\menus02\background-paint02_bmp.dds"                                , "1024" , "768"   , "dds"
"ui\common\menus02\background-paint03_bmp.dds"                                , "1024" , "768"   , "dds"
"ui\common\menus02\background-paint04_bmp.dds"                                , "1024" , "768"   , "dds"
"ui\common\menus02\background-paint05_bmp.dds"                                , "1024" , "768"   , "dds"
"ui\common\menus02\background02_bmp.dds"                                      , "1024" , "768"   , "dds"
"ui\common\menus02\background03_bmp.dds"                                      , "1024" , "768"   , "dds"
"ui\common\menus02\background04_bmp.dds"                                      , "1024" , "768"   , "dds"
"ui\common\menus02\background05_bmp.dds"                                      , "1024" , "768"   , "dds"
"ui\common\menus02\borde02-l_bmp.dds"                                         , "676"  , "160"   , "dds"
"ui\common\menus02\borde02b-l_bmp.dds"                                        , "132"  , "160"   , "dds"
"ui\common\menus02\border_bmp.dds"                                            , "1024" , "768"   , "dds"
"ui\common\menus02\border-l_bmp.dds"                                          , "364"  , "400"   , "dds"
"ui\common\menus02\border-r_bmp.dds"                                          , "364"  , "400"   , "dds"
"ui\common\menus02\border02-r_bmp.dds"                                        , "296"  , "420"   , "dds"
"ui\common\menus02\border02-t_bmp.dds"                                        , "340"  , "176"   , "dds"
"ui\common\menus02\panel-profile_bmp.dds"                                     , "336"  , "76"    , "dds"
"ui\common\menus02\profile-edit_btn_dis.dds"                                  , "304"  , "44"    , "dds"
"ui\common\menus02\profile-edit_btn_down.dds"                                 , "304"  , "44"    , "dds"
"ui\common\menus02\profile-edit_btn_over.dds"                                 , "296"  , "36"    , "dds"
"ui\common\menus02\profile-edit_btn_up.dds"                                   , "304"  , "44"    , "dds"
"ui\common\menus02\profile-select_btn_dis.dds"                                , "72"   , "32"    , "dds"
"ui\common\menus02\profile-select_btn_down.dds"                               , "72"   , "32"    , "dds"
"ui\common\menus02\profile-select_btn_over.dds"                               , "72"   , "32"    , "dds"
"ui\common\menus02\profile-select_btn_up.dds"                                 , "72"   , "32"    , "dds"
"ui\common\menus02\pulse-ray_bmp.dds"                                         , "684"  , "676"   , "dds"
"ui\common\menus02\smoke_bmp.dds"                                             , "936"  , "704"   , "dds"
"ui\common\menus02\smoke-02_bmp.dds"                                          , "936"  , "704"   , "dds"
"ui\common\portal02.dds"                                                      , "1024" , "768"   , "dds"
"ui\common\scx_menu\bracket-left\bracket_bmp_b.dds"                           , "84"   , "288"   , "dds"
"ui\common\scx_menu\bracket-left\bracket_bmp_m.dds"                           , "28"   , "12"    , "dds"
"ui\common\scx_menu\bracket-left\bracket_bmp_t.dds"                           , "64"   , "192"   , "dds"
"ui\common\scx_menu\bracket-right\bracket_bmp_b.dds"                          , "84"   , "288"   , "dds"
"ui\common\scx_menu\bracket-right\bracket_bmp_m.dds"                          , "28"   , "12"    , "dds"
"ui\common\scx_menu\bracket-right\bracket_bmp_t.dds"                          , "64"   , "192"   , "dds"
"ui\common\scx_menu\bracket-tube-vertical\bracket-tube-v_bmp_b.dds"           , "44"   , "84"    , "dds"
"ui\common\scx_menu\bracket-tube-vertical\bracket-tube-v_bmp_m.dds"           , "40"   , "4"     , "dds"
"ui\common\scx_menu\bracket-tube-vertical\bracket-tube-v_bmp_t.dds"           , "104"  , "36"    , "dds"
"ui\common\scx_menu\campaign-select\bg.dds"                                   , "1824" , "1024"  , "dds"
"ui\common\scx_menu\campaign-select\border-console-bot_bmp.dds"               , "1020" , "96"    , "dds"
"ui\common\scx_menu\campaign-select\border-console-bot-center_bmp.dds"        , "952"  , "140"   , "dds"
"ui\common\scx_menu\campaign-select\border-console-top_bmp.dds"               , "596"  , "72"    , "dds"
"ui\common\scx_menu\campaign-select\icon-video_bmp.dds"                       , "28"   , "24"    , "dds"
"ui\common\scx_menu\campaign-select\icon-video-dis_bmp.dds"                   , "28"   , "24"    , "dds"
"ui\common\scx_menu\campaign-select\large-emitter_bmp.dds"                    , "36"   , "68"    , "dds"
"ui\common\scx_menu\campaign-select\panel_bmp.dds"                            , "428"  , "332"   , "dds"
"ui\common\scx_menu\campaign-select\panel-02_bmp.dds"                         , "252"  , "228"   , "dds"
"ui\common\scx_menu\campaign-select\panel-list_bmp.dds"                       , "424"  , "568"   , "dds"
"ui\common\scx_menu\campaign-select\select_bmp.dds"                           , "20"   , "32"    , "dds"
"ui\common\scx_menu\campaign-select\small-emitter_bmp.dds"                    , "28"   , "56"    , "dds"
"ui\common\scx_menu\campaign-select\small-emitter_left_bmp.dds"               , "28"   , "56"    , "dds"
"ui\common\scx_menu\collapse_btn\collapse_btn_dis.dds"                        , "24"   , "24"    , "dds"
"ui\common\scx_menu\collapse_btn\collapse_btn_down.dds"                       , "24"   , "24"    , "dds"
"ui\common\scx_menu\collapse_btn\collapse_btn_over.dds"                       , "24"   , "24"    , "dds"
"ui\common\scx_menu\collapse_btn\collapse_btn_up.dds"                         , "24"   , "24"    , "dds"
"ui\common\scx_menu\eula\eula.dds"                                            , "720"  , "600"   , "dds"
"ui\common\scx_menu\game-select-faction-panel\panel_bmp.dds"                  , "332"  , "184"   , "dds"
"ui\common\scx_menu\game-settings\map-panel-glow_bmp.dds"                     , "328"  , "328"   , "dds"
"ui\common\scx_menu\game-settings\options-panel-bar_bmp.dds"                  , "260"  , "48"    , "dds"
"ui\common\scx_menu\game-settings\panel_bmp.dds"                              , "980"  , "732"   , "dds"
"ui\common\scx_menu\gamecreate\panel_bmp.dds"                                 , "420"  , "264"   , "dds"
"ui\common\scx_menu\gamecreate\panel-brackets_bmp.dds"                        , "480"  , "320"   , "dds"
"ui\common\scx_menu\gameselect\map-panel_bmp.dds"                             , "596"  , "292"   , "dds"
"ui\common\scx_menu\gameselect\map-panel-glow_bmp.dds"                        , "260"  , "260"   , "dds"
"ui\common\scx_menu\gameselect\map-slot_bmp.dds"                              , "76"   , "76"    , "dds"
"ui\common\scx_menu\gameselect\panel_bmp.dds"                                 , "976"  , "736"   , "dds"
"ui\common\scx_menu\gameselect\slot_bmp.dds"                                  , "652"  , "76"    , "dds"
"ui\common\scx_menu\lan-game-lobby\panel_bmp.dds"                             , "1024" , "768"   , "dds"
"ui\common\scx_menu\lan-game-lobby\panel-skirmish_bmp.dds"                    , "1024" , "768"   , "dds"
"ui\common\scx_menu\large-btn-brackets\bracket-left.dds"                      , "36"   , "68"    , "dds"
"ui\common\scx_menu\large-btn-brackets\bracket-right.dds"                     , "40"   , "68"    , "dds"
"ui\common\scx_menu\large-btn-brackets\energy-spike-left_bmp.dds"             , "20"   , "16"    , "dds"
"ui\common\scx_menu\large-btn-brackets\energy-spike-right_bmp.dds"            , "20"   , "16"    , "dds"
"ui\common\scx_menu\large-btn\energy-spikes_bmp.dds"                          , "360"  , "72"    , "dds"
"ui\common\scx_menu\large-btn\large_btn_dis.dds"                              , "360"  , "72"    , "dds"
"ui\common\scx_menu\large-btn\large_btn_down.dds"                             , "360"  , "72"    , "dds"
"ui\common\scx_menu\large-btn\large_btn_glow.dds"                             , "360"  , "72"    , "dds"
"ui\common\scx_menu\large-btn\large_btn_over.dds"                             , "360"  , "72"    , "dds"
"ui\common\scx_menu\large-btn\large_btn_up.dds"                               , "360"  , "72"    , "dds"
"ui\common\scx_menu\large-no-bracket-btn\large_btn_dis.dds"                   , "360"  , "72"    , "dds"
"ui\common\scx_menu\large-no-bracket-btn\large_btn_down.dds"                  , "360"  , "72"    , "dds"
"ui\common\scx_menu\large-no-bracket-btn\large_btn_glow.dds"                  , "360"  , "72"    , "dds"
"ui\common\scx_menu\large-no-bracket-btn\large_btn_over.dds"                  , "360"  , "72"    , "dds"
"ui\common\scx_menu\large-no-bracket-btn\large_btn_up.dds"                    , "360"  , "72"    , "dds"
"ui\common\scx_menu\load\panel_bmp.dds"                                       , "704"  , "588"   , "dds"
"ui\common\scx_menu\logo-btn\logo-aeon_btn_dis.dds"                           , "64"   , "64"    , "dds"
"ui\common\scx_menu\logo-btn\logo-aeon_btn_over_sel.dds"                      , "64"   , "64"    , "dds"
"ui\common\scx_menu\logo-btn\logo-aeon_btn_over.dds"                          , "64"   , "64"    , "dds"
"ui\common\scx_menu\logo-btn\logo-aeon_btn_sel.dds"                           , "64"   , "64"    , "dds"
"ui\common\scx_menu\logo-btn\logo-aeon_btn_up.dds"                            , "64"   , "64"    , "dds"
"ui\common\scx_menu\logo-btn\logo-cybran_btn_dis.dds"                         , "64"   , "64"    , "dds"
"ui\common\scx_menu\logo-btn\logo-cybran_btn_over.dds"                        , "64"   , "64"    , "dds"
"ui\common\scx_menu\logo\logo.dds"                                            , "500"  , "148"   , "dds"
"ui\common\scx_menu\main-menu\border-bot-left.dds"                            , "56"   , "40"    , "dds"
"ui\common\scx_menu\main-menu\border-bot-mid.dds"                             , "16"   , "28"    , "dds"
"ui\common\scx_menu\main-menu\border-bot-right.dds"                           , "56"   , "40"    , "dds"
"ui\common\scx_menu\main-menu\border-console-botton_bmp.dds"                  , "1024" , "100"   , "dds"
"ui\common\scx_menu\main-menu\border-console-top_bmp.dds"                     , "528"  , "156"   , "dds"
"ui\common\scx_menu\main-menu\bracket_bmp_left.dds"                           , "48"   , "76"    , "dds"
"ui\common\scx_menu\main-menu\bracket_bmp_right.dds"                          , "48"   , "76"    , "dds"
"ui\common\scx_menu\main-menu\bracket-left_bmp.dds"                           , "84"   , "592"   , "dds"
"ui\common\scx_menu\main-menu\bracket-left-energy_bmp.dds"                    , "60"   , "580"   , "dds"
"ui\common\scx_menu\main-menu\bracket-lg_bmp_left.dds"                        , "36"   , "96"    , "dds"
"ui\common\scx_menu\main-menu\bracket-lg_bmp_right.dds"                       , "36"   , "96"    , "dds"
"ui\common\scx_menu\main-menu\bracket-right_bmp.dds"                          , "84"   , "592"   , "dds"
"ui\common\scx_menu\main-menu\bracket-right-energy_bmp.dds"                   , "60"   , "580"   , "dds"
"ui\common\scx_menu\main-menu\bracket-tube-h_bmp.dds"                         , "368"  , "32"    , "dds"
"ui\common\scx_menu\main-menu\bracket-tube-v_bmp.dds"                         , "108"  , "152"   , "dds"
"ui\common\scx_menu\main-menu\panel-top_bmp.dds"                              , "304"  , "52"    , "dds"
"ui\common\scx_menu\main-menu\profile-edit_btn_up.dds"                        , "304"  , "44"    , "dds"
"ui\common\scx_menu\main-menu\tickerborder.dds"                               , "896"  , "40"    , "dds"
"ui\common\scx_menu\medium-no-br-btn\medium-uef_btn_dis.dds"                  , "296"  , "72"    , "dds"
"ui\common\scx_menu\medium-no-br-btn\medium-uef_btn_down.dds"                 , "296"  , "72"    , "dds"
"ui\common\scx_menu\medium-no-br-btn\medium-uef_btn_glow.dds"                 , "296"  , "72"    , "dds"
"ui\common\scx_menu\medium-no-br-btn\medium-uef_btn_over.dds"                 , "296"  , "72"    , "dds"
"ui\common\scx_menu\medium-no-br-btn\medium-uef_btn_up.dds"                   , "296"  , "72"    , "dds"
"ui\common\scx_menu\mod-manager\panel_bmp.dds"                                , "716"  , "588"   , "dds"
"ui\common\scx_menu\movie-control\nav-back_btn_dis.dds"                       , "36"   , "36"    , "dds"
"ui\common\scx_menu\movie-control\nav-back_btn_down.dds"                      , "36"   , "36"    , "dds"
"ui\common\scx_menu\movie-control\nav-back_btn_over.dds"                      , "36"   , "36"    , "dds"
"ui\common\scx_menu\movie-control\nav-back_btn_up.dds"                        , "36"   , "36"    , "dds"
"ui\common\scx_menu\movie-control\nav-end_btn_dis.dds"                        , "36"   , "36"    , "dds"
"ui\common\scx_menu\movie-control\nav-end_btn_down.dds"                       , "36"   , "36"    , "dds"
"ui\common\scx_menu\movie-control\nav-end_btn_over.dds"                       , "36"   , "36"    , "dds"
"ui\common\scx_menu\movie-control\nav-end_btn_up.dds"                         , "36"   , "36"    , "dds"
"ui\common\scx_menu\movie-control\nav-ff_btn_dis.dds"                         , "36"   , "36"    , "dds"
"ui\common\scx_menu\movie-control\nav-ff_btn_down.dds"                        , "36"   , "36"    , "dds"
"ui\common\scx_menu\movie-control\nav-ff_btn_over.dds"                        , "36"   , "36"    , "dds"
"ui\common\scx_menu\movie-control\nav-ff_btn_up.dds"                          , "36"   , "36"    , "dds"
"ui\common\scx_menu\movie-control\nav-pause_btn_dis.dds"                      , "36"   , "36"    , "dds"
"ui\common\scx_menu\movie-control\nav-pause_btn_down.dds"                     , "36"   , "36"    , "dds"
"ui\common\scx_menu\movie-control\nav-pause_btn_over.dds"                     , "36"   , "36"    , "dds"
"ui\common\scx_menu\movie-control\nav-pause_btn_up.dds"                       , "36"   , "36"    , "dds"
"ui\common\scx_menu\movie-control\nav-play_btn_dis.dds"                       , "36"   , "36"    , "dds"
"ui\common\scx_menu\movie-control\nav-play_btn_down.dds"                      , "36"   , "36"    , "dds"
"ui\common\scx_menu\movie-control\nav-play_btn_over.dds"                      , "36"   , "36"    , "dds"
"ui\common\scx_menu\movie-control\nav-play_btn_up.dds"                        , "36"   , "36"    , "dds"
"ui\common\scx_menu\operation-briefing\border-console-bot_bmp.dds"            , "1020" , "96"    , "dds"
"ui\common\scx_menu\operation-briefing\border-console-top_bmp.dds"            , "596"  , "72"    , "dds"
"ui\common\scx_menu\operation-briefing\emiter-bar_bmp.dds"                    , "872"  , "96"    , "dds"
"ui\common\scx_menu\operation-briefing\emiter-bar-aeon_bmp.dds"               , "920"  , "56"    , "dds"
"ui\common\scx_menu\operation-briefing\emiter-bar-cybran_bmp.dds"             , "872"  , "116"   , "dds"
"ui\common\scx_menu\operation-briefing\emiter-bar-uef_bmp.dds"                , "872"  , "64"    , "dds"
"ui\common\scx_menu\operation-briefing\large-emitter_bmp.dds"                 , "36"   , "68"    , "dds"
"ui\common\scx_menu\operation-briefing\popup_btn_dis.dds"                     , "100"  , "36"    , "dds"
"ui\common\scx_menu\operation-briefing\popup_btn_down.dds"                    , "100"  , "36"    , "dds"
"ui\common\scx_menu\operation-briefing\popup_btn_over.dds"                    , "100"  , "36"    , "dds"
"ui\common\scx_menu\operation-briefing\popup_btn_up.dds"                      , "100"  , "36"    , "dds"
"ui\common\scx_menu\operation-briefing\small-emitter_bmp.dds"                 , "28"   , "56"    , "dds"
"ui\common\scx_menu\operation-briefing\status-bar_bmp.dds"                    , "360"  , "16"    , "dds"
"ui\common\scx_menu\operation-briefing\status-bar-back_bmp.dds"               , "348"  , "12"    , "dds"
"ui\common\scx_menu\operation-briefing\subtitle_btn_off_over.dds"             , "176"  , "32"    , "dds"
"ui\common\scx_menu\operation-briefing\subtitle_btn_off.dds"                  , "176"  , "32"    , "dds"
"ui\common\scx_menu\operation-briefing\subtitle_btn_on_over.dds"              , "176"  , "32"    , "dds"
"ui\common\scx_menu\operation-briefing\subtitle_btn_on.dds"                   , "176"  , "32"    , "dds"
"ui\common\scx_menu\operation-briefing\text-panel_bmp.dds"                    , "844"  , "192"   , "dds"
"ui\common\scx_menu\operation-briefing\text-panel-aeon_bmp.dds"               , "852"  , "204"   , "dds"
"ui\common\scx_menu\operation-briefing\text-panel-cybran_bmp.dds"             , "844"  , "192"   , "dds"
"ui\common\scx_menu\operation-briefing\text-panel-uef_bmp.dds"                , "844"  , "192"   , "dds"
"ui\common\scx_menu\options\content-box_bmp.dds"                              , "604"  , "36"    , "dds"
"ui\common\scx_menu\options\content-btn-line_bmp.dds"                         , "232"  , "4"     , "dds"
"ui\common\scx_menu\options\panel_bmp.dds"                                    , "700"  , "600"   , "dds"
"ui\common\scx_menu\options\slots_bmp.dds"                                    , "640"  , "380"   , "dds"
"ui\common\scx_menu\panel-brackets-small\bracket-glow-ll_bmp.dds"             , "180"  , "120"   , "dds"
"ui\common\scx_menu\panel-brackets-small\bracket-glow-lr_bmp.dds"             , "180"  , "120"   , "dds"
"ui\common\scx_menu\panel-brackets-small\bracket-glow-ul_bmp.dds"             , "180"  , "120"   , "dds"
"ui\common\scx_menu\panel-brackets-small\bracket-glow-ur_bmp.dds"             , "180"  , "120"   , "dds"
"ui\common\scx_menu\panel-brackets-small\bracket-ll_bmp.dds"                  , "180"  , "120"   , "dds"
"ui\common\scx_menu\panel-brackets-small\bracket-lr_bmp.dds"                  , "180"  , "120"   , "dds"
"ui\common\scx_menu\panel-brackets-small\bracket-ul_bmp.dds"                  , "180"  , "120"   , "dds"
"ui\common\scx_menu\panel-brackets-small\bracket-ur_bmp.dds"                  , "180"  , "120"   , "dds"
"ui\common\scx_menu\panel-brackets\bracket-glow-ll_bmp.dds"                   , "120"  , "180"   , "dds"
"ui\common\scx_menu\panel-brackets\bracket-glow-lr_bmp.dds"                   , "120"  , "180"   , "dds"
"ui\common\scx_menu\panel-brackets\bracket-glow-ul_bmp.dds"                   , "120"  , "180"   , "dds"
"ui\common\scx_menu\panel-brackets\bracket-glow-ur_bmp.dds"                   , "120"  , "180"   , "dds"
"ui\common\scx_menu\panel-brackets\bracket-ll_bmp.dds"                        , "120"  , "180"   , "dds"
"ui\common\scx_menu\panel-brackets\bracket-lr_bmp.dds"                        , "120"  , "180"   , "dds"
"ui\common\scx_menu\panel-brackets\bracket-ul_bmp.dds"                        , "120"  , "180"   , "dds"
"ui\common\scx_menu\panel-brackets\bracket-ur_bmp.dds"                        , "120"  , "180"   , "dds"
"ui\common\scx_menu\panel-brd\conn-bg.dds"                                    , "396"  , "60"    , "dds"
"ui\common\scx_menu\panel-brd\panel_brd_horz_um.dds"                          , "8"    , "68"    , "dds"
"ui\common\scx_menu\panel-brd\panel_brd_ll.dds"                               , "76"   , "72"    , "dds"
"ui\common\scx_menu\panel-brd\panel_brd_lm.dds"                               , "8"    , "68"    , "dds"
"ui\common\scx_menu\panel-brd\panel_brd_lr.dds"                               , "76"   , "72"    , "dds"
"ui\common\scx_menu\panel-brd\panel_brd_m.dds"                                , "8"    , "8"     , "dds"
"ui\common\scx_menu\panel-brd\panel_brd_ul.dds"                               , "76"   , "72"    , "dds"
"ui\common\scx_menu\panel-brd\panel_brd_ur.dds"                               , "76"   , "72"    , "dds"
"ui\common\scx_menu\panel-brd\panel_brd_vert_l.dds"                           , "76"   , "8"     , "dds"
"ui\common\scx_menu\panel-brd\panel_brd_vert_r.dds"                           , "76"   , "8"     , "dds"
"ui\common\scx_menu\popup_btn\popup_btn_dis.dds"                              , "100"  , "32"    , "dds"
"ui\common\scx_menu\popup_btn\popup_btn_down.dds"                             , "100"  , "32"    , "dds"
"ui\common\scx_menu\popup_btn\popup_btn_over.dds"                             , "100"  , "32"    , "dds"
"ui\common\scx_menu\popup_btn\popup_btn_up.dds"                               , "100"  , "32"    , "dds"
"ui\common\scx_menu\profile-brackets\bracket-lg_bmp_left.dds"                 , "36"   , "96"    , "dds"
"ui\common\scx_menu\profile-brackets\bracket-lg_bmp_right.dds"                , "36"   , "96"    , "dds"
"ui\common\scx_menu\profile-edit_btn\profile-edit_btn_dis.dds"                , "304"  , "44"    , "dds"
"ui\common\scx_menu\profile-edit_btn\profile-edit_btn_down.dds"               , "304"  , "44"    , "dds"
"ui\common\scx_menu\profile-edit_btn\profile-edit_btn_glow.dds"               , "304"  , "44"    , "dds"
"ui\common\scx_menu\profile-edit_btn\profile-edit_btn_over.dds"               , "304"  , "44"    , "dds"
"ui\common\scx_menu\profile-edit_btn\profile-edit_btn_up.dds"                 , "304"  , "44"    , "dds"
"ui\common\scx_menu\profile\panel_bmp.dds"                                    , "580"  , "448"   , "dds"
"ui\common\scx_menu\replay\panel_bmp.dds"                                     , "704"  , "588"   , "dds"
"ui\common\scx_menu\restrict_units\bg_over.dds"                               , "368"  , "32"    , "dds"
"ui\common\scx_menu\restrict_units\bg_sel_over.dds"                           , "368"  , "32"    , "dds"
"ui\common\scx_menu\restrict_units\bg_sel_up.dds"                             , "368"  , "32"    , "dds"
"ui\common\scx_menu\restrict_units\bg_up.dds"                                 , "368"  , "32"    , "dds"
"ui\common\scx_menu\score-victory-defeat\panel_bmp.dds"                       , "972"  , "588"   , "dds"
"ui\common\scx_menu\score-victory-defeat\panel-campaign_bmp.dds"              , "904"  , "300"   , "dds"
"ui\common\scx_menu\score-victory-defeat\panel-campaign_brd_ll.dds"           , "8"    , "8"     , "dds"
"ui\common\scx_menu\score-victory-defeat\panel-campaign_brd_lm.dds"           , "8"    , "8"     , "dds"
"ui\common\scx_menu\score-victory-defeat\panel-campaign_brd_lr.dds"           , "8"    , "8"     , "dds"
"ui\common\scx_menu\score-victory-defeat\panel-campaign_brd_ul.dds"           , "8"    , "8"     , "dds"
"ui\common\scx_menu\score-victory-defeat\panel-campaign_brd_um.dds"           , "8"    , "8"     , "dds"
"ui\common\scx_menu\score-victory-defeat\panel-campaign_brd_ur.dds"           , "8"    , "8"     , "dds"
"ui\common\scx_menu\score-victory-defeat\panel-campaign_brd_vert_l.dds"       , "8"    , "8"     , "dds"
"ui\common\scx_menu\score-victory-defeat\panel-campaign_brd_vert_r.dds"       , "8"    , "8"     , "dds"
"ui\common\scx_menu\score-victory-defeat\panel-line_bmp.dds"                  , "920"  , "4"     , "dds"
"ui\common\scx_menu\score-victory-defeat\player-back_bmp.dds"                 , "912"  , "36"    , "dds"
"ui\common\scx_menu\score-victory-defeat\totals-back_bmp.dds"                 , "284"  , "40"    , "dds"
"ui\common\scx_menu\score-victory-defeat\video-frame_bmp.dds"                 , "336"  , "200"   , "dds"
"ui\common\scx_menu\small-btn\small_btn_dis.dds"                              , "200"  , "72"    , "dds"
"ui\common\scx_menu\small-btn\small_btn_down.dds"                             , "200"  , "72"    , "dds"
"ui\common\scx_menu\small-btn\small_btn_glow.dds"                             , "200"  , "72"    , "dds"
"ui\common\scx_menu\small-btn\small_btn_over.dds"                             , "200"  , "72"    , "dds"
"ui\common\scx_menu\small-btn\small_btn_up.dds"                               , "200"  , "72"    , "dds"
"ui\common\scx_menu\small-short-btn\small-btn_dis.dds"                        , "172"  , "52"    , "dds"
"ui\common\scx_menu\small-short-btn\small-btn_down.dds"                       , "172"  , "52"    , "dds"
"ui\common\scx_menu\small-short-btn\small-btn_glow.dds"                       , "172"  , "52"    , "dds"
"ui\common\scx_menu\small-short-btn\small-btn_over.dds"                       , "172"  , "52"    , "dds"
"ui\common\scx_menu\small-short-btn\small-btn_up.dds"                         , "172"  , "52"    , "dds"
"ui\common\scx_menu\small-wide-btn\small-btn_dis.dds"                         , "260"  , "72"    , "dds"
"ui\common\scx_menu\small-wide-btn\small-btn_down.dds"                        , "260"  , "72"    , "dds"
"ui\common\scx_menu\small-wide-btn\small-btn_glow.dds"                        , "260"  , "72"    , "dds"
"ui\common\scx_menu\small-wide-btn\small-btn_over.dds"                        , "260"  , "72"    , "dds"
"ui\common\scx_menu\small-wide-btn\small-btn_up.dds"                          , "260"  , "72"    , "dds"
"ui\common\scx_menu\subtitle_btn\subtitles_btn_off_over.dds"                  , "176"  , "36"    , "dds"
"ui\common\scx_menu\subtitle_btn\subtitles_btn_off.dds"                       , "176"  , "36"    , "dds"
"ui\common\scx_menu\subtitle_btn\subtitles_btn_on_over.dds"                   , "176"  , "36"    , "dds"
"ui\common\scx_menu\subtitle_btn\subtitles_btn_on.dds"                        , "176"  , "36"    , "dds"
"ui\common\scx_menu\tab_btn\tab_btn_dis.dds"                                  , "180"  , "60"    , "dds"
"ui\common\scx_menu\tab_btn\tab_btn_down.dds"                                 , "180"  , "60"    , "dds"
"ui\common\scx_menu\tab_btn\tab_btn_over.dds"                                 , "180"  , "60"    , "dds"
"ui\common\scx_menu\tab_btn\tab_btn_selected.dds"                             , "180"  , "60"    , "dds"
"ui\common\scx_menu\tab_btn\tab_btn_selected02.dds"                           , "180"  , "60"    , "dds"
"ui\common\scx_menu\tab_btn\tab_btn_up.dds"                                   , "180"  , "60"    , "dds"
"ui\common\scx_menu\toggle-lg_btn\toggle-d_btn_dis.dds"                       , "112"  , "48"    , "dds"
"ui\common\scx_menu\toggle-lg_btn\toggle-d_btn_down.dds"                      , "112"  , "48"    , "dds"
"ui\common\scx_menu\toggle-lg_btn\toggle-d_btn_over.dds"                      , "112"  , "48"    , "dds"
"ui\common\scx_menu\toggle-lg_btn\toggle-d_btn_up.dds"                        , "112"  , "48"    , "dds"
"ui\common\scx_menu\toggle-lg_btn\toggle-s_btn_dis.dds"                       , "112"  , "48"    , "dds"
"ui\common\scx_menu\toggle-lg_btn\toggle-s_btn_down.dds"                      , "112"  , "48"    , "dds"
"ui\common\scx_menu\toggle-lg_btn\toggle-s_btn_over.dds"                      , "112"  , "48"    , "dds"
"ui\common\scx_menu\toggle-lg_btn\toggle-s_btn_up.dds"                        , "112"  , "48"    , "dds"
"ui\common\seraphim_load.dds"                                                 , "1280" , "1024"  , "dds"
"ui\common\slider\slider_btn_dis.dds"                                         , "32"   , "24"    , "dds"
"ui\common\slider\slider_btn_down.dds"                                        , "32"   , "24"    , "dds"
"ui\common\slider\slider_btn_over.dds"                                        , "32"   , "24"    , "dds"
"ui\common\slider\slider_btn_up.dds"                                          , "32"   , "24"    , "dds"
"ui\common\slider\slider-back_bmp.dds"                                        , "200"  , "20"    , "dds"
"ui\common\slider\slider-bar-green_bmp.dds"                                   , "196"  , "16"    , "dds"
"ui\common\slider\slider-bar-orange_bmp.dds"                                  , "196"  , "16"    , "dds"
"ui\common\slider02\slider_btn_dis.dds"                                       , "32"   , "24"    , "dds"
"ui\common\slider02\slider_btn_down.dds"                                      , "32"   , "28"    , "dds"
"ui\common\slider02\slider_btn_over.dds"                                      , "32"   , "24"    , "dds"
"ui\common\slider02\slider_btn_up.dds"                                        , "32"   , "24"    , "dds"
"ui\common\slider02\slider-back_bmp.dds"                                      , "200"  , "24"    , "dds"
"ui\common\slider02\slider-bar-green_bmp.dds"                                 , "196"  , "16"    , "dds"
"ui\common\slider02\slider-bar-orange_bmp.dds"                                , "196"  , "16"    , "dds"
"ui\common\small_wide_btn\small_wide_btn_dis.dds"                             , "204"  , "48"    , "dds"
"ui\common\small_wide_btn\small_wide_btn_dis.png"                             , "204"  , "48"    , "png"
"ui\common\small_wide_btn\small_wide_btn_down.dds"                            , "204"  , "48"    , "dds"
"ui\common\small_wide_btn\small_wide_btn_down.png"                            , "204"  , "48"    , "png"
"ui\common\small_wide_btn\small_wide_btn_over.dds"                            , "204"  , "48"    , "dds"
"ui\common\small_wide_btn\small_wide_btn_over.png"                            , "204"  , "48"    , "png"
"ui\common\small_wide_btn\small_wide_btn_up.dds"                              , "204"  , "48"    , "dds"
"ui\common\small_wide_btn\small_wide_btn_up.png"                              , "204"  , "48"    , "png"
"ui\common\small-stretch_btn\small_btn_dis_l.dds"                             , "32"   , "36"    , "dds"
"ui\common\small-stretch_btn\small_btn_dis_m.dds"                             , "8"    , "36"    , "dds"
"ui\common\small-stretch_btn\small_btn_dis_r.dds"                             , "32"   , "36"    , "dds"
"ui\common\small-stretch_btn\small_btn_down_l.dds"                            , "32"   , "36"    , "dds"
"ui\common\small-stretch_btn\small_btn_down_m.dds"                            , "8"    , "36"    , "dds"
"ui\common\small-stretch_btn\small_btn_down_r.dds"                            , "32"   , "36"    , "dds"
"ui\common\small-stretch_btn\small_btn_over_l.dds"                            , "32"   , "36"    , "dds"
"ui\common\small-stretch_btn\small_btn_over_m.dds"                            , "8"    , "36"    , "dds"
"ui\common\small-stretch_btn\small_btn_over_r.dds"                            , "32"   , "36"    , "dds"
"ui\common\small-stretch_btn\small_btn_up_l.dds"                              , "32"   , "36"    , "dds"
"ui\common\small-stretch_btn\small_btn_up_m.dds"                              , "8"    , "36"    , "dds"
"ui\common\small-stretch_btn\small_btn_up_r.dds"                              , "32"   , "36"    , "dds"
"ui\common\small-vert_scroll-aeon\arrow-down_scr_dis.dds"                     , "36"   , "28"    , "dds"
"ui\common\small-vert_scroll-aeon\arrow-down_scr_down.dds"                    , "36"   , "28"    , "dds"
"ui\common\small-vert_scroll-aeon\arrow-down_scr_over.dds"                    , "36"   , "28"    , "dds"
"ui\common\small-vert_scroll-aeon\arrow-down_scr_up.dds"                      , "36"   , "28"    , "dds"
"ui\common\small-vert_scroll-aeon\arrow-up_scr_dis.dds"                       , "36"   , "28"    , "dds"
"ui\common\small-vert_scroll-aeon\arrow-up_scr_down.dds"                      , "36"   , "28"    , "dds"
"ui\common\small-vert_scroll-aeon\arrow-up_scr_over.dds"                      , "36"   , "28"    , "dds"
"ui\common\small-vert_scroll-aeon\arrow-up_scr_up.dds"                        , "36"   , "28"    , "dds"
"ui\common\small-vert_scroll-aeon\back_scr_bot.dds"                           , "28"   , "12"    , "dds"
"ui\common\small-vert_scroll-aeon\back_scr_mid.dds"                           , "36"   , "8"     , "dds"
"ui\common\small-vert_scroll-aeon\back_scr_top.dds"                           , "28"   , "12"    , "dds"
"ui\common\small-vert_scroll-aeon\bar-bot_scr_dis.dds"                        , "36"   , "8"     , "dds"
"ui\common\small-vert_scroll-aeon\bar-bot_scr_down.dds"                       , "36"   , "8"     , "dds"
"ui\common\small-vert_scroll-aeon\bar-bot_scr_over.dds"                       , "36"   , "8"     , "dds"
"ui\common\small-vert_scroll-aeon\bar-bot_scr_up.dds"                         , "36"   , "8"     , "dds"
"ui\common\small-vert_scroll-aeon\bar-mid_scr_dis.dds"                        , "36"   , "8"     , "dds"
"ui\common\small-vert_scroll-aeon\bar-mid_scr_down.dds"                       , "36"   , "8"     , "dds"
"ui\common\small-vert_scroll-aeon\bar-mid_scr_over.dds"                       , "36"   , "8"     , "dds"
"ui\common\small-vert_scroll-aeon\bar-mid_scr_up.dds"                         , "36"   , "8"     , "dds"
"ui\common\small-vert_scroll-aeon\bar-top_scr_dis.dds"                        , "36"   , "8"     , "dds"
"ui\common\small-vert_scroll-aeon\bar-top_scr_down.dds"                       , "36"   , "8"     , "dds"
"ui\common\small-vert_scroll-aeon\bar-top_scr_over.dds"                       , "36"   , "8"     , "dds"
"ui\common\small-vert_scroll-aeon\bar-top_scr_up.dds"                         , "36"   , "8"     , "dds"
"ui\common\small-vert_scroll-cybran\arrow-down_scr_dis.dds"                   , "36"   , "32"    , "dds"
"ui\common\small-vert_scroll-cybran\arrow-down_scr_down.dds"                  , "36"   , "32"    , "dds"
"ui\common\small-vert_scroll-cybran\arrow-down_scr_over.dds"                  , "36"   , "32"    , "dds"
"ui\common\small-vert_scroll-cybran\arrow-down_scr_up.dds"                    , "36"   , "32"    , "dds"
"ui\common\small-vert_scroll-cybran\arrow-up_scr_dis.dds"                     , "36"   , "32"    , "dds"
"ui\common\small-vert_scroll-cybran\arrow-up_scr_down.dds"                    , "36"   , "32"    , "dds"
"ui\common\small-vert_scroll-cybran\arrow-up_scr_over.dds"                    , "36"   , "32"    , "dds"
"ui\common\small-vert_scroll-cybran\arrow-up_scr_up.dds"                      , "36"   , "32"    , "dds"
"ui\common\small-vert_scroll-cybran\back_scr_mid.dds"                         , "36"   , "8"     , "dds"
"ui\common\small-vert_scroll-cybran\bar-bot_scr_up.dds"                       , "36"   , "12"    , "dds"
"ui\common\small-vert_scroll-cybran\bar-mid_scr_up.dds"                       , "36"   , "8"     , "dds"
"ui\common\small-vert_scroll-cybran\bar-top_scr_up.dds"                       , "36"   , "12"    , "dds"
"ui\common\small-vert_scroll-uef\arrow-down_scr_dis.dds"                      , "36"   , "28"    , "dds"
"ui\common\small-vert_scroll-uef\arrow-down_scr_down.dds"                     , "36"   , "28"    , "dds"
"ui\common\small-vert_scroll-uef\arrow-down_scr_over.dds"                     , "36"   , "28"    , "dds"
"ui\common\small-vert_scroll-uef\arrow-down_scr_up.dds"                       , "36"   , "28"    , "dds"
"ui\common\small-vert_scroll-uef\arrow-up_scr_dis.dds"                        , "36"   , "28"    , "dds"
"ui\common\small-vert_scroll-uef\arrow-up_scr_down.dds"                       , "36"   , "28"    , "dds"
"ui\common\small-vert_scroll-uef\arrow-up_scr_over.dds"                       , "36"   , "28"    , "dds"
"ui\common\small-vert_scroll-uef\arrow-up_scr_up.dds"                         , "36"   , "28"    , "dds"
"ui\common\small-vert_scroll-uef\back_scr_mid.dds"                            , "36"   , "8"     , "dds"
"ui\common\small-vert_scroll-uef\bar-bot_scr_up.dds"                          , "36"   , "12"    , "dds"
"ui\common\small-vert_scroll-uef\bar-mid_scr_up.dds"                          , "36"   , "8"     , "dds"
"ui\common\small-vert_scroll-uef\bar-top_scr_up.dds"                          , "36"   , "8"     , "dds"
"ui\common\small-vert_scroll\arrow-down_scr_dis.dds"                          , "36"   , "28"    , "dds"
"ui\common\small-vert_scroll\arrow-down_scr_down.dds"                         , "36"   , "28"    , "dds"
"ui\common\small-vert_scroll\arrow-down_scr_over.dds"                         , "36"   , "28"    , "dds"
"ui\common\small-vert_scroll\arrow-down_scr_up.dds"                           , "36"   , "28"    , "dds"
"ui\common\small-vert_scroll\arrow-up_scr_dis.dds"                            , "36"   , "28"    , "dds"
"ui\common\small-vert_scroll\arrow-up_scr_down.dds"                           , "36"   , "28"    , "dds"
"ui\common\small-vert_scroll\arrow-up_scr_over.dds"                           , "36"   , "28"    , "dds"
"ui\common\small-vert_scroll\arrow-up_scr_up.dds"                             , "36"   , "28"    , "dds"
"ui\common\small-vert_scroll\back_scr_bot.dds"                                , "36"   , "36"    , "dds"
"ui\common\small-vert_scroll\back_scr_mid.dds"                                , "36"   , "8"     , "dds"
"ui\common\small-vert_scroll\back_scr_top.dds"                                , "28"   , "12"    , "dds"
"ui\common\small-vert_scroll\bar-bot_scr_dis.dds"                             , "36"   , "8"     , "dds"
"ui\common\small-vert_scroll\bar-bot_scr_down.dds"                            , "36"   , "8"     , "dds"
"ui\common\small-vert_scroll\bar-bot_scr_over.dds"                            , "36"   , "8"     , "dds"
"ui\common\small-vert_scroll\bar-bot_scr_up.dds"                              , "36"   , "8"     , "dds"
"ui\common\small-vert_scroll\bar-mid_scr_dis.dds"                             , "36"   , "8"     , "dds"
"ui\common\small-vert_scroll\bar-mid_scr_down.dds"                            , "36"   , "8"     , "dds"
"ui\common\small-vert_scroll\bar-mid_scr_over.dds"                            , "36"   , "8"     , "dds"
"ui\common\small-vert_scroll\bar-mid_scr_up.dds"                              , "36"   , "8"     , "dds"
"ui\common\small-vert_scroll\bar-top_scr_dis.dds"                             , "36"   , "8"     , "dds"
"ui\common\small-vert_scroll\bar-top_scr_down.dds"                            , "36"   , "8"     , "dds"
"ui\common\small-vert_scroll\bar-top_scr_over.dds"                            , "36"   , "8"     , "dds"
"ui\common\small-vert_scroll\bar-top_scr_up.dds"                              , "36"   , "8"     , "dds"
"ui\common\text_hotspot\text-edge_bmp.dds"                                    , "16"   , "84"    , "dds"
"ui\common\text_hotspot\text-edge-glow_bmp.dds"                               , "16"   , "84"    , "dds"
"ui\common\UEF_load.dds"                                                      , "1280" , "1024"  , "dds"
"ui\common\uef-btn-small\small_btn_dis.dds"                                   , "196"  , "76"    , "dds"
"ui\common\uef-btn-small\small_btn_down.dds"                                  , "196"  , "76"    , "dds"
"ui\common\uef-btn-small\small_btn_over.dds"                                  , "196"  , "76"    , "dds"
"ui\common\uef-btn-small\small_btn_up.dds"                                    , "196"  , "76"    , "dds"
"ui\common\widgets-cybran\large_btn_dis.dds"                                  , "392"  , "92"    , "dds"
"ui\common\widgets-cybran\large_btn_down.dds"                                 , "392"  , "92"    , "dds"
"ui\common\widgets-cybran\large_btn_over.dds"                                 , "392"  , "92"    , "dds"
"ui\common\widgets-cybran\large_btn_up.dds"                                   , "392"  , "92"    , "dds"
"ui\common\widgets-cybran\medium_btn_dis.dds"                                 , "244"  , "48"    , "dds"
"ui\common\widgets-cybran\medium_btn_down.dds"                                , "244"  , "48"    , "dds"
"ui\common\widgets-cybran\medium_btn_over.dds"                                , "244"  , "48"    , "dds"
"ui\common\widgets-cybran\medium_btn_up.dds"                                  , "244"  , "48"    , "dds"
"ui\common\widgets-cybran\panel-profile_bmp.dds"                              , "188"  , "40"    , "dds"
"ui\common\widgets-cybran\profile-select_btn_dis.dds"                         , "136"  , "28"    , "dds"
"ui\common\widgets-cybran\profile-select_btn_down.dds"                        , "136"  , "28"    , "dds"
"ui\common\widgets-cybran\profile-select_btn_over.dds"                        , "136"  , "28"    , "dds"
"ui\common\widgets-cybran\profile-select_btn_up.dds"                          , "136"  , "28"    , "dds"
"ui\common\widgets-cybran\small_btn_dis.dds"                                  , "152"  , "44"    , "dds"
"ui\common\widgets-cybran\small_btn_down.dds"                                 , "152"  , "44"    , "dds"
"ui\common\widgets-cybran\small_btn_over.dds"                                 , "152"  , "44"    , "dds"
"ui\common\widgets-cybran\small_btn_up.dds"                                   , "152"  , "44"    , "dds"
"ui\common\widgets\64x32_btn_dis.dds"                                         , "64"   , "32"    , "dds"
"ui\common\widgets\64x32_btn_down.dds"                                        , "64"   , "32"    , "dds"
"ui\common\widgets\64x32_btn_over.dds"                                        , "64"   , "32"    , "dds"
"ui\common\widgets\64x32_btn_up.dds"                                          , "64"   , "32"    , "dds"
"ui\common\widgets\64x64_btn_dis.dds"                                         , "64"   , "64"    , "dds"
"ui\common\widgets\64x64_btn_down.dds"                                        , "64"   , "64"    , "dds"
"ui\common\widgets\64x64_btn_over.dds"                                        , "64"   , "64"    , "dds"
"ui\common\widgets\64x64_btn_up.dds"                                          , "64"   , "64"    , "dds"
"ui\common\widgets\back_scr\back_scr_bot.dds"                                 , "32"   , "8"     , "dds"
"ui\common\widgets\back_scr\back_scr_mid.dds"                                 , "32"   , "8"     , "dds"
"ui\common\widgets\back_scr\back_scr_top.dds"                                 , "32"   , "8"     , "dds"
"ui\common\widgets\back-small_scr\back-small_scr_bot.dds"                     , "24"   , "8"     , "dds"
"ui\common\widgets\back-small_scr\back-small_scr_mid.dds"                     , "24"   , "8"     , "dds"
"ui\common\widgets\back-small_scr\back-small_scr_top.dds"                     , "24"   , "8"     , "dds"
"ui\common\widgets\bar_sbr.dds"                                               , "32"   , "32"    , "dds"
"ui\common\widgets\bg_sbr.dds"                                                , "32"   , "32"    , "dds"
"ui\common\widgets\drop-down\drop_btn_dis_l.dds"                              , "20"   , "20"    , "dds"
"ui\common\widgets\drop-down\drop_btn_dis_m.dds"                              , "8"    , "20"    , "dds"
"ui\common\widgets\drop-down\drop_btn_dis_r.dds"                              , "40"   , "20"    , "dds"
"ui\common\widgets\drop-down\drop_btn_down_l.dds"                             , "20"   , "20"    , "dds"
"ui\common\widgets\drop-down\drop_btn_down_m.dds"                             , "8"    , "20"    , "dds"
"ui\common\widgets\drop-down\drop_btn_down_r.dds"                             , "40"   , "20"    , "dds"
"ui\common\widgets\drop-down\drop_btn_over_l.dds"                             , "20"   , "20"    , "dds"
"ui\common\widgets\drop-down\drop_btn_over_m.dds"                             , "8"    , "20"    , "dds"
"ui\common\widgets\drop-down\drop_btn_over_r.dds"                             , "40"   , "20"    , "dds"
"ui\common\widgets\drop-down\drop_btn_up_l.dds"                               , "20"   , "20"    , "dds"
"ui\common\widgets\drop-down\drop_btn_up_m.dds"                               , "8"    , "20"    , "dds"
"ui\common\widgets\drop-down\drop_btn_up_r.dds"                               , "40"   , "20"    , "dds"
"ui\common\widgets\drop-down\drop-box_brd_horz_um.dds"                        , "12"   , "12"    , "dds"
"ui\common\widgets\drop-down\drop-box_brd_ll.dds"                             , "12"   , "12"    , "dds"
"ui\common\widgets\drop-down\drop-box_brd_lm.dds"                             , "12"   , "12"    , "dds"
"ui\common\widgets\drop-down\drop-box_brd_lr.dds"                             , "12"   , "12"    , "dds"
"ui\common\widgets\drop-down\drop-box_brd_m.dds"                              , "12"   , "12"    , "dds"
"ui\common\widgets\drop-down\drop-box_brd_ul.dds"                             , "12"   , "12"    , "dds"
"ui\common\widgets\drop-down\drop-box_brd_ur.dds"                             , "12"   , "12"    , "dds"
"ui\common\widgets\drop-down\drop-box_brd_vert_l.dds"                         , "12"   , "12"    , "dds"
"ui\common\widgets\drop-down\drop-box_brd_vert_r.dds"                         , "12"   , "12"    , "dds"
"ui\common\widgets\drop-down\player-text-highlight_bmp.dds"                   , "12"   , "16"    , "dds"
"ui\common\widgets\faction-icons-alpha_bmp\aeon_ico.dds"                      , "24"   , "24"    , "dds"
"ui\common\widgets\faction-icons-alpha_bmp\cybran_ico.dds"                    , "24"   , "24"    , "dds"
"ui\common\widgets\faction-icons-alpha_bmp\observer_ico.dds"                  , "24"   , "24"    , "dds"
"ui\common\widgets\faction-icons-alpha_bmp\seraphim_ico.dds"                  , "24"   , "24"    , "dds"
"ui\common\widgets\faction-icons-alpha_bmp\uef_ico.dds"                       , "24"   , "24"    , "dds"
"ui\common\widgets\gen_brd_horz.dds"                                          , "4"    , "4"     , "dds"
"ui\common\widgets\gen_brd_ll.dds"                                            , "16"   , "16"    , "dds"
"ui\common\widgets\gen_brd_lr.dds"                                            , "16"   , "16"    , "dds"
"ui\common\widgets\gen_brd_ul.dds"                                            , "16"   , "16"    , "dds"
"ui\common\widgets\gen_brd_ur.dds"                                            , "16"   , "16"    , "dds"
"ui\common\widgets\gen_brd_vert.dds"                                          , "4"    , "4"     , "dds"
"ui\common\widgets\gen-tab_btn_dis.dds"                                       , "44"   , "16"    , "dds"
"ui\common\widgets\gen-tab_btn_down.dds"                                      , "44"   , "16"    , "dds"
"ui\common\widgets\gen-tab_btn_over.dds"                                      , "44"   , "16"    , "dds"
"ui\common\widgets\gen-tab_btn_up.dds"                                        , "44"   , "16"    , "dds"
"ui\common\widgets\generic03_brd\generic_brd_horz_lm.dds"                     , "12"   , "12"    , "dds"
"ui\common\widgets\generic03_brd\generic_brd_horz_um.dds"                     , "12"   , "12"    , "dds"
"ui\common\widgets\generic03_brd\generic_brd_ll.dds"                          , "12"   , "12"    , "dds"
"ui\common\widgets\generic03_brd\generic_brd_lr.dds"                          , "12"   , "12"    , "dds"
"ui\common\widgets\generic03_brd\generic_brd_m.dds"                           , "12"   , "12"    , "dds"
"ui\common\widgets\generic03_brd\generic_brd_ul.dds"                          , "12"   , "12"    , "dds"
"ui\common\widgets\generic03_brd\generic_brd_ur.dds"                          , "12"   , "12"    , "dds"
"ui\common\widgets\generic03_brd\generic_brd_vert_l.dds"                      , "12"   , "12"    , "dds"
"ui\common\widgets\generic03_brd\generic_brd_vert_r.dds"                      , "12"   , "12"    , "dds"
"ui\common\widgets\help_btn\help-sm_btn_dis.dds"                              , "40"   , "40"    , "dds"
"ui\common\widgets\help_btn\help-sm_btn_down.dds"                             , "40"   , "40"    , "dds"
"ui\common\widgets\help_btn\help-sm_btn_over.dds"                             , "40"   , "40"    , "dds"
"ui\common\widgets\help_btn\help-sm_btn_up.dds"                               , "40"   , "40"    , "dds"
"ui\common\widgets\large_btn_dis.dds"                                         , "392"  , "92"    , "dds"
"ui\common\widgets\large_btn_down.dds"                                        , "392"  , "92"    , "dds"
"ui\common\widgets\large_btn_over.dds"                                        , "392"  , "92"    , "dds"
"ui\common\widgets\large_btn_up.dds"                                          , "392"  , "92"    , "dds"
"ui\common\widgets\large_scr\arrow-down_scr_dis.dds"                          , "32"   , "24"    , "dds"
"ui\common\widgets\large_scr\arrow-down_scr_down.dds"                         , "40"   , "28"    , "dds"
"ui\common\widgets\large_scr\arrow-down_scr_over.dds"                         , "40"   , "28"    , "dds"
"ui\common\widgets\large_scr\arrow-down_scr_up.dds"                           , "40"   , "28"    , "dds"
"ui\common\widgets\large_scr\arrow-up_scr_dis.dds"                            , "32"   , "24"    , "dds"
"ui\common\widgets\large_scr\arrow-up_scr_down.dds"                           , "40"   , "28"    , "dds"
"ui\common\widgets\large_scr\arrow-up_scr_over.dds"                           , "40"   , "28"    , "dds"
"ui\common\widgets\large_scr\arrow-up_scr_up.dds"                             , "40"   , "28"    , "dds"
"ui\common\widgets\large_scr\bar-bot_scr_dis.dds"                             , "28"   , "12"    , "dds"
"ui\common\widgets\large_scr\bar-bot_scr_down.dds"                            , "40"   , "12"    , "dds"
"ui\common\widgets\large_scr\bar-bot_scr_over.dds"                            , "40"   , "12"    , "dds"
"ui\common\widgets\large_scr\bar-bot_scr_up.dds"                              , "28"   , "12"    , "dds"
"ui\common\widgets\large_scr\bar-mid_scr_dis.dds"                             , "28"   , "28"    , "dds"
"ui\common\widgets\large_scr\bar-mid_scr_down.dds"                            , "40"   , "28"    , "dds"
"ui\common\widgets\large_scr\bar-mid_scr_over.dds"                            , "40"   , "28"    , "dds"
"ui\common\widgets\large_scr\bar-mid_scr_up.dds"                              , "28"   , "28"    , "dds"
"ui\common\widgets\large_scr\bar-top_scr_dis.dds"                             , "28"   , "12"    , "dds"
"ui\common\widgets\large_scr\bar-top_scr_down.dds"                            , "40"   , "12"    , "dds"
"ui\common\widgets\large_scr\bar-top_scr_over.dds"                            , "40"   , "12"    , "dds"
"ui\common\widgets\large_scr\bar-top_scr_up.dds"                              , "28"   , "12"    , "dds"
"ui\common\widgets\large-h_scr\arrow-left_scr_dis.dds"                        , "24"   , "32"    , "dds"
"ui\common\widgets\large-h_scr\arrow-left_scr_down.dds"                       , "28"   , "40"    , "dds"
"ui\common\widgets\large-h_scr\arrow-left_scr_over.dds"                       , "28"   , "40"    , "dds"
"ui\common\widgets\large-h_scr\arrow-left_scr_up.dds"                         , "28"   , "40"    , "dds"
"ui\common\widgets\large-h_scr\arrow-right_scr_dis.dds"                       , "24"   , "32"    , "dds"
"ui\common\widgets\large-h_scr\arrow-right_scr_down.dds"                      , "28"   , "40"    , "dds"
"ui\common\widgets\large-h_scr\arrow-right_scr_over.dds"                      , "28"   , "40"    , "dds"
"ui\common\widgets\large-h_scr\arrow-right_scr_up.dds"                        , "28"   , "40"    , "dds"
"ui\common\widgets\large-h_scr\bar-left_scr_dis.dds"                          , "12"   , "28"    , "dds"
"ui\common\widgets\large-h_scr\bar-left_scr_down.dds"                         , "12"   , "40"    , "dds"
"ui\common\widgets\large-h_scr\bar-left_scr_over.dds"                         , "12"   , "40"    , "dds"
"ui\common\widgets\large-h_scr\bar-left_scr_up.dds"                           , "12"   , "28"    , "dds"
"ui\common\widgets\large-h_scr\bar-mid_scr_dis.dds"                           , "28"   , "28"    , "dds"
"ui\common\widgets\large-h_scr\bar-mid_scr_down.dds"                          , "28"   , "40"    , "dds"
"ui\common\widgets\large-h_scr\bar-mid_scr_over.dds"                          , "28"   , "40"    , "dds"
"ui\common\widgets\large-h_scr\bar-mid_scr_up.dds"                            , "28"   , "28"    , "dds"
"ui\common\widgets\large-h_scr\bar-right_scr_dis.dds"                         , "12"   , "28"    , "dds"
"ui\common\widgets\large-h_scr\bar-right_scr_down.dds"                        , "12"   , "40"    , "dds"
"ui\common\widgets\large-h_scr\bar-right_scr_over.dds"                        , "12"   , "40"    , "dds"
"ui\common\widgets\large-h_scr\bar-right_scr_up.dds"                          , "12"   , "28"    , "dds"
"ui\common\widgets\large02_btn_dis.dds"                                       , "240"  , "72"    , "dds"
"ui\common\widgets\large02_btn_down.dds"                                      , "240"  , "72"    , "dds"
"ui\common\widgets\large02_btn_over.dds"                                      , "240"  , "72"    , "dds"
"ui\common\widgets\large02_btn_up.dds"                                        , "240"  , "72"    , "dds"
"ui\common\widgets\medium_btn_dis.dds"                                        , "276"  , "72"    , "dds"
"ui\common\widgets\medium_btn_down.dds"                                       , "280"  , "72"    , "dds"
"ui\common\widgets\medium_btn_over.dds"                                       , "276"  , "72"    , "dds"
"ui\common\widgets\medium_btn_up.dds"                                         , "276"  , "72"    , "dds"
"ui\common\widgets\rad_down.dds"                                              , "32"   , "32"    , "dds"
"ui\common\widgets\rad_over.dds"                                              , "32"   , "32"    , "dds"
"ui\common\widgets\rad_sel.dds"                                               , "32"   , "32"    , "dds"
"ui\common\widgets\rad_un.dds"                                                , "32"   , "32"    , "dds"
"ui\common\widgets\radio02\rad_btn_disabled.dds"                              , "24"   , "24"    , "dds"
"ui\common\widgets\radio02\rad_btn_enabled.dds"                               , "24"   , "24"    , "dds"
"ui\common\widgets\small_btn_dis.dds"                                         , "152"  , "40"    , "dds"
"ui\common\widgets\small_btn_down.dds"                                        , "152"  , "40"    , "dds"
"ui\common\widgets\small_btn_over.dds"                                        , "152"  , "40"    , "dds"
"ui\common\widgets\small_btn_up.dds"                                          , "152"  , "40"    , "dds"
"ui\common\widgets\small_scr\arrow-down_scr_dis.dds"                          , "28"   , "20"    , "dds"
"ui\common\widgets\small_scr\arrow-down_scr_down.dds"                         , "28"   , "20"    , "dds"
"ui\common\widgets\small_scr\arrow-down_scr_over.dds"                         , "28"   , "20"    , "dds"
"ui\common\widgets\small_scr\arrow-down_scr_up.dds"                           , "28"   , "20"    , "dds"
"ui\common\widgets\small_scr\arrow-up_scr_dis.dds"                            , "28"   , "20"    , "dds"
"ui\common\widgets\small_scr\arrow-up_scr_down.dds"                           , "28"   , "20"    , "dds"
"ui\common\widgets\small_scr\arrow-up_scr_over.dds"                           , "28"   , "20"    , "dds"
"ui\common\widgets\small_scr\arrow-up_scr_up.dds"                             , "28"   , "20"    , "dds"
"ui\common\widgets\small_scr\bar-bot_scr_dis.dds"                             , "28"   , "20"    , "dds"
"ui\common\widgets\small_scr\bar-bot_scr_down.dds"                            , "28"   , "20"    , "dds"
"ui\common\widgets\small_scr\bar-bot_scr_over.dds"                            , "28"   , "20"    , "dds"
"ui\common\widgets\small_scr\bar-bot_scr_up.dds"                              , "28"   , "20"    , "dds"
"ui\common\widgets\small_scr\bar-mid_scr_dis.dds"                             , "28"   , "20"    , "dds"
"ui\common\widgets\small_scr\bar-mid_scr_down.dds"                            , "28"   , "20"    , "dds"
"ui\common\widgets\small_scr\bar-mid_scr_over.dds"                            , "28"   , "20"    , "dds"
"ui\common\widgets\small_scr\bar-mid_scr_up.dds"                              , "28"   , "20"    , "dds"
"ui\common\widgets\small_scr\bar-top_scr_dis.dds"                             , "28"   , "20"    , "dds"
"ui\common\widgets\small_scr\bar-top_scr_down.dds"                            , "28"   , "20"    , "dds"
"ui\common\widgets\small_scr\bar-top_scr_over.dds"                            , "28"   , "20"    , "dds"
"ui\common\widgets\small_scr\bar-top_scr_up.dds"                              , "28"   , "20"    , "dds"
"ui\common\widgets\small02_btn_dis.dds"                                       , "152"  , "40"    , "dds"
"ui\common\widgets\small02_btn_down.dds"                                      , "152"  , "40"    , "dds"
"ui\common\widgets\small02_btn_over.dds"                                      , "152"  , "40"    , "dds"
"ui\common\widgets\small02_btn_up.dds"                                        , "152"  , "40"    , "dds"
"ui\common\widgets\text_box.dds"                                              , "624"  , "60"    , "dds"
"ui\common\widgets\text_over.dds"                                             , "340"  , "16"    , "dds"
"ui\common\widgets\text-entry-brd\text-entry_brd_left.dds"                    , "8"    , "20"    , "dds"
"ui\common\widgets\text-entry-brd\text-entry_brd_mid.dds"                     , "4"    , "20"    , "dds"
"ui\common\widgets\text-entry-brd\text-entry_brd_right.dds"                   , "8"    , "20"    , "dds"
"ui\common\widgets\text-entry-brd02\text-entry_brd_left.dds"                  , "12"   , "24"    , "dds"
"ui\common\widgets\text-entry-brd02\text-entry_brd_mid.dds"                   , "12"   , "24"    , "dds"
"ui\common\widgets\text-entry-brd02\text-entry_brd_right.dds"                 , "12"   , "24"    , "dds"
"ui\common\widgets\toggle_btn_dis.dds"                                        , "120"  , "32"    , "dds"
"ui\common\widgets\toggle_btn_down.dds"                                       , "120"  , "32"    , "dds"
"ui\common\widgets\toggle_btn_over.dds"                                       , "120"  , "32"    , "dds"
"ui\common\widgets\toggle_btn_up.dds"                                         , "120"  , "32"    , "dds"
"ui\common\widgets02\large_btn_dis.dds"                                       , "296"  , "64"    , "dds"
"ui\common\widgets02\large_btn_down.dds"                                      , "296"  , "64"    , "dds"
"ui\common\widgets02\large_btn_over.dds"                                      , "296"  , "64"    , "dds"
"ui\common\widgets02\large_btn_up.dds"                                        , "296"  , "64"    , "dds"
"ui\common\widgets02\large02_btn_dis.dds"                                     , "240"  , "72"    , "dds"
"ui\common\widgets02\large02_btn_down.dds"                                    , "240"  , "72"    , "dds"
"ui\common\widgets02\large02_btn_over.dds"                                    , "240"  , "72"    , "dds"
"ui\common\widgets02\large02_btn_up.dds"                                      , "240"  , "72"    , "dds"
"ui\common\widgets02\medium_btn_dis.dds"                                      , "276"  , "72"    , "dds"
"ui\common\widgets02\medium_btn_down.dds"                                     , "280"  , "72"    , "dds"
"ui\common\widgets02\medium_btn_over.dds"                                     , "276"  , "72"    , "dds"
"ui\common\widgets02\medium_btn_up.dds"                                       , "276"  , "72"    , "dds"
"ui\common\widgets02\panel-profile02_bmp.dds"                                 , "336"  , "76"    , "dds"
"ui\common\widgets02\profile-select_btn_dis.dds"                              , "72"   , "32"    , "dds"
"ui\common\widgets02\profile-select_btn_down.dds"                             , "72"   , "32"    , "dds"
"ui\common\widgets02\profile-select_btn_over.dds"                             , "72"   , "32"    , "dds"
"ui\common\widgets02\profile-select_btn_up.dds"                               , "72"   , "32"    , "dds"
"ui\common\widgets02\rad_sel.dds"                                             , "32"   , "32"    , "dds"
"ui\common\widgets02\rad_un.dds"                                              , "32"   , "32"    , "dds"
"ui\common\widgets02\small_btn_dis.dds"                                       , "148"  , "36"    , "dds"
"ui\common\widgets02\small_btn_down.dds"                                      , "148"  , "36"    , "dds"
"ui\common\widgets02\small_btn_over.dds"                                      , "148"  , "36"    , "dds"
"ui\common\widgets02\small_btn_up.dds"                                        , "148"  , "36"    , "dds"
"ui\common\widgets02\small-back_btn_dis.dds"                                  , "168"  , "40"    , "dds"
"ui\common\widgets02\small-back_btn_down.dds"                                 , "168"  , "40"    , "dds"
"ui\common\widgets02\small-back_btn_over.dds"                                 , "168"  , "40"    , "dds"
"ui\common\widgets02\small-back_btn_up.dds"                                   , "168"  , "40"    , "dds"
"ui\common\widgets02\small-back-trans_btn_dis.dds"                            , "164"  , "36"    , "dds"
"ui\common\widgets02\small-back-trans_btn_down.dds"                           , "164"  , "36"    , "dds"
"ui\common\widgets02\small-back-trans_btn_over.dds"                           , "164"  , "36"    , "dds"
"ui\common\widgets02\small-back-trans_btn_up.dds"                             , "164"  , "36"    , "dds"
"ui\common\widgets02\thin_btn_dis.dds"                                        , "260"  , "32"    , "dds"
"ui\common\widgets02\thin_btn_down.dds"                                       , "260"  , "32"    , "dds"
"ui\common\widgets02\thin_btn_over.dds"                                       , "260"  , "32"    , "dds"
"ui\common\widgets02\thin_btn_up.dds"                                         , "260"  , "32"    , "dds"
"ui\common\widgets02\toggle_btn_dis.dds"                                      , "120"  , "32"    , "dds"
"ui\common\widgets02\toggle_btn_down.dds"                                     , "120"  , "32"    , "dds"
"ui\common\widgets02\toggle_btn_over.dds"                                     , "120"  , "32"    , "dds"
"ui\common\widgets02\toggle_btn_up.dds"                                       , "120"  , "32"    , "dds"
"ui\cybran\dialogs\menu-btns\close_btn_dis.dds"                               , "24"   , "24"    , "dds"
"ui\cybran\dialogs\menu-btns\close_btn_down.dds"                              , "24"   , "24"    , "dds"
"ui\cybran\dialogs\menu-btns\close_btn_over.dds"                              , "24"   , "24"    , "dds"
"ui\cybran\dialogs\menu-btns\close_btn_up.dds"                                , "24"   , "24"    , "dds"
"ui\cybran\dialogs\menu-btns\config_btn_dis.dds"                              , "24"   , "24"    , "dds"
"ui\cybran\dialogs\menu-btns\config_btn_down.dds"                             , "24"   , "24"    , "dds"
"ui\cybran\dialogs\menu-btns\config_btn_over.dds"                             , "24"   , "24"    , "dds"
"ui\cybran\dialogs\menu-btns\config_btn_up.dds"                               , "24"   , "24"    , "dds"
"ui\cybran\dialogs\menu-btns\default_btn_dis.dds"                             , "24"   , "24"    , "dds"
"ui\cybran\dialogs\menu-btns\default_btn_down.dds"                            , "24"   , "24"    , "dds"
"ui\cybran\dialogs\menu-btns\default_btn_over.dds"                            , "24"   , "24"    , "dds"
"ui\cybran\dialogs\menu-btns\default_btn_up.dds"                              , "24"   , "24"    , "dds"
"ui\cybran\dialogs\menu-btns\pin_btn_dis.dds"                                 , "24"   , "24"    , "dds"
"ui\cybran\dialogs\menu-btns\pin_btn_down.dds"                                , "24"   , "24"    , "dds"
"ui\cybran\dialogs\menu-btns\pin_btn_over.dds"                                , "24"   , "24"    , "dds"
"ui\cybran\dialogs\menu-btns\pin_btn_up.dds"                                  , "24"   , "24"    , "dds"
"ui\cybran\dialogs\menu-btns\pinned_btn_dis.dds"                              , "24"   , "24"    , "dds"
"ui\cybran\dialogs\menu-btns\pinned_btn_down.dds"                             , "24"   , "24"    , "dds"
"ui\cybran\dialogs\menu-btns\pinned_btn_over.dds"                             , "24"   , "24"    , "dds"
"ui\cybran\dialogs\menu-btns\pinned_btn_up.dds"                               , "24"   , "24"    , "dds"
"ui\cybran\dialogs\time-units-tabs\energy_bmp.dds"                            , "16"   , "28"    , "dds"
"ui\cybran\dialogs\time-units-tabs\panel-tracking_bmp_d.dds"                  , "12"   , "44"    , "dds"
"ui\cybran\dialogs\time-units-tabs\panel-tracking_bmp_l.dds"                  , "24"   , "44"    , "dds"
"ui\cybran\dialogs\time-units-tabs\panel-tracking_bmp_m.dds"                  , "4"    , "44"    , "dds"
"ui\cybran\dialogs\time-units-tabs\panel-tracking_bmp_r.dds"                  , "24"   , "44"    , "dds"
"ui\cybran\dialogs\time-units-tabs\tracking-icon_bmp.dds"                     , "24"   , "20"    , "dds"
"ui\cybran\game\avatar-arrow_btn\tab-close_btn_dis.dds"                       , "12"   , "32"    , "dds"
"ui\cybran\game\avatar-arrow_btn\tab-close_btn_down.dds"                      , "12"   , "32"    , "dds"
"ui\cybran\game\avatar-arrow_btn\tab-close_btn_over.dds"                      , "12"   , "32"    , "dds"
"ui\cybran\game\avatar-arrow_btn\tab-close_btn_up.dds"                        , "12"   , "32"    , "dds"
"ui\cybran\game\avatar-arrow_btn\tab-open_btn_dis.dds"                        , "12"   , "32"    , "dds"
"ui\cybran\game\avatar-arrow_btn\tab-open_btn_down.dds"                       , "12"   , "32"    , "dds"
"ui\cybran\game\avatar-arrow_btn\tab-open_btn_over.dds"                       , "12"   , "32"    , "dds"
"ui\cybran\game\avatar-arrow_btn\tab-open_btn_up.dds"                         , "12"   , "32"    , "dds"
"ui\cybran\game\avatar-engineers-panel\bracket_bmp.dds"                       , "28"   , "48"    , "dds"
"ui\cybran\game\avatar-engineers-panel\panel-eng_bmp_b.dds"                   , "84"   , "8"     , "dds"
"ui\cybran\game\avatar-engineers-panel\panel-eng_bmp_m.dds"                   , "84"   , "44"    , "dds"
"ui\cybran\game\avatar-engineers-panel\panel-eng_bmp_t.dds"                   , "84"   , "8"     , "dds"
"ui\cybran\game\avatar-engineers-panel\tech-1_bmp.dds"                        , "28"   , "28"    , "dds"
"ui\cybran\game\avatar-engineers-panel\tech-2_bmp.dds"                        , "28"   , "28"    , "dds"
"ui\cybran\game\avatar-engineers-panel\tech-3_bmp.dds"                        , "28"   , "28"    , "dds"
"ui\cybran\game\avatar-factory-panel\bracket_bmp.dds"                         , "28"   , "48"    , "dds"
"ui\cybran\game\avatar-factory-panel\factory-panel_bmp.dds"                   , "184"  , "160"   , "dds"
"ui\cybran\game\avatar\avatar_bmp.dds"                                        , "64"   , "68"    , "dds"
"ui\cybran\game\avatar\avatar-control-group_bmp.dds"                          , "48"   , "36"    , "dds"
"ui\cybran\game\avatar\avatar-s-e-f_bmp.dds"                                  , "56"   , "48"    , "dds"
"ui\cybran\game\avatar\health-bar-back_bmp.dds"                               , "52"   , "16"    , "dds"
"ui\cybran\game\avatar\health-bar.dds"                                        , "40"   , "8"     , "dds"
"ui\cybran\game\avatar\pulse-bars_bmp.dds"                                    , "64"   , "64"    , "dds"
"ui\cybran\game\bracket-left-energy\bracket_bmp_b.dds"                        , "20"   , "16"    , "dds"
"ui\cybran\game\bracket-left-energy\bracket_bmp_m.dds"                        , "12"   , "4"     , "dds"
"ui\cybran\game\bracket-left-energy\bracket_bmp_t.dds"                        , "20"   , "20"    , "dds"
"ui\cybran\game\bracket-left-energy\bracket_bmp.dds"                          , "20"   , "68"    , "dds"
"ui\cybran\game\bracket-left\bracket_bmp_b.dds"                               , "32"   , "28"    , "dds"
"ui\cybran\game\bracket-left\bracket_bmp_m.dds"                               , "16"   , "4"     , "dds"
"ui\cybran\game\bracket-left\bracket_bmp_t.dds"                               , "32"   , "68"    , "dds"
"ui\cybran\game\bracket-left\bracket_bmp.dds"                                 , "32"   , "128"   , "dds"
"ui\cybran\game\bracket-right-energy\bracket_bmp_b.dds"                       , "20"   , "16"    , "dds"
"ui\cybran\game\bracket-right-energy\bracket_bmp_m.dds"                       , "12"   , "4"     , "dds"
"ui\cybran\game\bracket-right-energy\bracket_bmp_t.dds"                       , "20"   , "20"    , "dds"
"ui\cybran\game\bracket-right-energy\bracket_bmp.dds"                         , "20"   , "68"    , "dds"
"ui\cybran\game\bracket-right\bracket_bmp_b.dds"                              , "32"   , "28"    , "dds"
"ui\cybran\game\bracket-right\bracket_bmp_m.dds"                              , "16"   , "4"     , "dds"
"ui\cybran\game\bracket-right\bracket_bmp_t.dds"                              , "32"   , "68"    , "dds"
"ui\cybran\game\bracket-right\bracket_bmp.dds"                                , "32"   , "128"   , "dds"
"ui\cybran\game\c-q-e-panel\arrow_bmp.dds"                                    , "28"   , "16"    , "dds"
"ui\cybran\game\c-q-e-panel\arrow_vert_bmp.dds"                               , "16"   , "24"    , "dds"
"ui\cybran\game\c-q-e-panel\construct-panel_bmp_l.dds"                        , "84"   , "60"    , "dds"
"ui\cybran\game\c-q-e-panel\divider_bmp.dds"                                  , "12"   , "56"    , "dds"
"ui\cybran\game\c-q-e-panel\divider_horizontal_bmp.dds"                       , "64"   , "12"    , "dds"
"ui\cybran\game\camera-btn\pinned_btn_dis.dds"                                , "24"   , "24"    , "dds"
"ui\cybran\game\camera-btn\pinned_btn_down.dds"                               , "24"   , "24"    , "dds"
"ui\cybran\game\camera-btn\pinned_btn_over.dds"                               , "24"   , "24"    , "dds"
"ui\cybran\game\camera-btn\pinned_btn_up.dds"                                 , "24"   , "24"    , "dds"
"ui\cybran\game\chat_brd\chat_brd_horz_um.dds"                                , "8"    , "48"    , "dds"
"ui\cybran\game\chat_brd\chat_brd_ll.dds"                                     , "44"   , "48"    , "dds"
"ui\cybran\game\chat_brd\chat_brd_lm.dds"                                     , "8"    , "48"    , "dds"
"ui\cybran\game\chat_brd\chat_brd_lr.dds"                                     , "44"   , "48"    , "dds"
"ui\cybran\game\chat_brd\chat_brd_m.dds"                                      , "8"    , "8"     , "dds"
"ui\cybran\game\chat_brd\chat_brd_ul.dds"                                     , "44"   , "48"    , "dds"
"ui\cybran\game\chat_brd\chat_brd_ur.dds"                                     , "44"   , "48"    , "dds"
"ui\cybran\game\chat_brd\chat_brd_vert_l.dds"                                 , "44"   , "8"     , "dds"
"ui\cybran\game\chat_brd\chat_brd_vert_r.dds"                                 , "44"   , "8"     , "dds"
"ui\cybran\game\chat_brd\drop-box_brd_horz_um.dds"                            , "8"    , "16"    , "dds"
"ui\cybran\game\chat_brd\drop-box_brd_ll.dds"                                 , "16"   , "12"    , "dds"
"ui\cybran\game\chat_brd\drop-box_brd_lm.dds"                                 , "8"    , "12"    , "dds"
"ui\cybran\game\chat_brd\drop-box_brd_lr.dds"                                 , "16"   , "12"    , "dds"
"ui\cybran\game\chat_brd\drop-box_brd_m.dds"                                  , "8"    , "8"     , "dds"
"ui\cybran\game\chat_brd\drop-box_brd_ul.dds"                                 , "16"   , "16"    , "dds"
"ui\cybran\game\chat_brd\drop-box_brd_ur.dds"                                 , "16"   , "16"    , "dds"
"ui\cybran\game\chat_brd\drop-box_brd_vert_l.dds"                             , "16"   , "8"     , "dds"
"ui\cybran\game\chat_brd\drop-box_brd_vert_r.dds"                             , "16"   , "8"     , "dds"
"ui\cybran\game\chat-box_btn\radio_btn_dis.dds"                               , "28"   , "28"    , "dds"
"ui\cybran\game\chat-box_btn\radio_btn_down.dds"                              , "28"   , "28"    , "dds"
"ui\cybran\game\chat-box_btn\radio_btn_over.dds"                              , "28"   , "28"    , "dds"
"ui\cybran\game\chat-box_btn\radio_btn_up.dds"                                , "28"   , "28"    , "dds"
"ui\cybran\game\construct-panel_vert\construct-panel_bmp_b.dds"               , "172"  , "12"    , "dds"
"ui\cybran\game\construct-panel_vert\construct-panel_bmp_m.dds"               , "172"  , "8"     , "dds"
"ui\cybran\game\construct-panel_vert\construct-panel_bmp_t.dds"               , "172"  , "64"    , "dds"
"ui\cybran\game\construct-panel_vert\que-panel_bmp_b.dds"                     , "60"   , "8"     , "dds"
"ui\cybran\game\construct-panel_vert\que-panel_bmp_m.dds"                     , "60"   , "8"     , "dds"
"ui\cybran\game\construct-panel_vert\que-panel_bmp_t.dds"                     , "60"   , "8"     , "dds"
"ui\cybran\game\construct-panel\construct-panel_bmp_l.dds"                    , "84"   , "140"   , "dds"
"ui\cybran\game\construct-panel\construct-panel_bmp_m1.dds"                   , "8"    , "140"   , "dds"
"ui\cybran\game\construct-panel\construct-panel_bmp_m2.dds"                   , "16"   , "140"   , "dds"
"ui\cybran\game\construct-panel\construct-panel_bmp_m3.dds"                   , "8"    , "112"   , "dds"
"ui\cybran\game\construct-panel\construct-panel_bmp_r.dds"                    , "16"   , "112"   , "dds"
"ui\cybran\game\construct-panel\construct-panel_s_bmp_l.dds"                  , "16"   , "112"   , "dds"
"ui\cybran\game\construct-panel\construct-panel_s_bmp_m.dds"                  , "8"    , "112"   , "dds"
"ui\cybran\game\construct-panel\construct-panel_s_bmp_r.dds"                  , "16"   , "112"   , "dds"
"ui\cybran\game\construct-panel\que-panel_bmp_l.dds"                          , "12"   , "52"    , "dds"
"ui\cybran\game\construct-panel\que-panel_bmp_m.dds"                          , "8"    , "52"    , "dds"
"ui\cybran\game\construct-panel\que-panel_bmp_r.dds"                          , "12"   , "52"    , "dds"
"ui\cybran\game\construct-sm_btn\back_off.dds"                                , "24"   , "52"    , "dds"
"ui\cybran\game\construct-sm_btn\back_on.dds"                                 , "24"   , "52"    , "dds"
"ui\cybran\game\construct-sm_btn\fforward_off.dds"                            , "24"   , "52"    , "dds"
"ui\cybran\game\construct-sm_btn\fforward_on.dds"                             , "24"   , "52"    , "dds"
"ui\cybran\game\construct-sm_btn\forward_off.dds"                             , "24"   , "52"    , "dds"
"ui\cybran\game\construct-sm_btn\forward_on.dds"                              , "24"   , "52"    , "dds"
"ui\cybran\game\construct-sm_btn\infinite_off.dds"                            , "24"   , "52"    , "dds"
"ui\cybran\game\construct-sm_btn\infinite_on.dds"                             , "24"   , "52"    , "dds"
"ui\cybran\game\construct-sm_btn\left_btn_dis.dds"                            , "24"   , "52"    , "dds"
"ui\cybran\game\construct-sm_btn\left_btn_over.dds"                           , "24"   , "52"    , "dds"
"ui\cybran\game\construct-sm_btn\left_btn_up.dds"                             , "24"   , "52"    , "dds"
"ui\cybran\game\construct-sm_btn\mid_btn_dis.dds"                             , "24"   , "52"    , "dds"
"ui\cybran\game\construct-sm_btn\mid_btn_over.dds"                            , "24"   , "52"    , "dds"
"ui\cybran\game\construct-sm_btn\mid_btn_selected.dds"                        , "24"   , "52"    , "dds"
"ui\cybran\game\construct-sm_btn\mid_btn_up.dds"                              , "24"   , "52"    , "dds"
"ui\cybran\game\construct-sm_btn\pause_off.dds"                               , "24"   , "52"    , "dds"
"ui\cybran\game\construct-sm_btn\pause_on.dds"                                , "24"   , "52"    , "dds"
"ui\cybran\game\construct-sm_btn\rewind_off.dds"                              , "24"   , "52"    , "dds"
"ui\cybran\game\construct-sm_btn\rewind_on.dds"                               , "24"   , "52"    , "dds"
"ui\cybran\game\construct-sm_btn\right_btn_dis.dds"                           , "24"   , "52"    , "dds"
"ui\cybran\game\construct-sm_btn\right_btn_over.dds"                          , "24"   , "52"    , "dds"
"ui\cybran\game\construct-sm_btn\right_btn_up.dds"                            , "24"   , "52"    , "dds"
"ui\cybran\game\construct-sm_btn\template_off.dds"                            , "24"   , "52"    , "dds"
"ui\cybran\game\construct-sm_btn\template_on.dds"                             , "24"   , "52"    , "dds"
"ui\cybran\game\construct-sm_horiz_btn\infinite_off.dds"                      , "60"   , "28"    , "dds"
"ui\cybran\game\construct-sm_horiz_btn\infinite_on.dds"                       , "60"   , "28"    , "dds"
"ui\cybran\game\construct-sm_horiz_btn\pause_off.dds"                         , "60"   , "28"    , "dds"
"ui\cybran\game\construct-sm_horiz_btn\pause_on.dds"                          , "60"   , "28"    , "dds"
"ui\cybran\game\construct-sm_horiz_btn\que_btn_dis.dds"                       , "60"   , "28"    , "dds"
"ui\cybran\game\construct-sm_horiz_btn\que_btn_over.dds"                      , "60"   , "28"    , "dds"
"ui\cybran\game\construct-sm_horiz_btn\que_btn_selected.dds"                  , "60"   , "28"    , "dds"
"ui\cybran\game\construct-sm_horiz_btn\que_btn_up.dds"                        , "60"   , "28"    , "dds"
"ui\cybran\game\construct-sm_horiz_btn\template_off.dds"                      , "60"   , "28"    , "dds"
"ui\cybran\game\construct-sm_horiz_btn\template_on.dds"                       , "60"   , "28"    , "dds"
"ui\cybran\game\construct-sm_nav_horiz_btn\bottom_btn_dis.dds"                , "60"   , "16"    , "dds"
"ui\cybran\game\construct-sm_nav_horiz_btn\bottom_btn_over.dds"               , "60"   , "16"    , "dds"
"ui\cybran\game\construct-sm_nav_horiz_btn\bottom_btn_up.dds"                 , "60"   , "16"    , "dds"
"ui\cybran\game\construct-sm_nav_horiz_btn\down_off.dds"                      , "60"   , "16"    , "dds"
"ui\cybran\game\construct-sm_nav_horiz_btn\down_on.dds"                       , "60"   , "16"    , "dds"
"ui\cybran\game\construct-sm_nav_horiz_btn\end_off.dds"                       , "60"   , "16"    , "dds"
"ui\cybran\game\construct-sm_nav_horiz_btn\end_on.dds"                        , "60"   , "16"    , "dds"
"ui\cybran\game\construct-sm_nav_horiz_btn\home_off.dds"                      , "60"   , "16"    , "dds"
"ui\cybran\game\construct-sm_nav_horiz_btn\home_on.dds"                       , "60"   , "16"    , "dds"
"ui\cybran\game\construct-sm_nav_horiz_btn\mid_btn_dis.dds"                   , "60"   , "16"    , "dds"
"ui\cybran\game\construct-sm_nav_horiz_btn\mid_btn_over.dds"                  , "60"   , "16"    , "dds"
"ui\cybran\game\construct-sm_nav_horiz_btn\mid_btn_up.dds"                    , "60"   , "16"    , "dds"
"ui\cybran\game\construct-sm_nav_horiz_btn\top_btn_dis.dds"                   , "60"   , "16"    , "dds"
"ui\cybran\game\construct-sm_nav_horiz_btn\top_btn_over.dds"                  , "60"   , "16"    , "dds"
"ui\cybran\game\construct-sm_nav_horiz_btn\top_btn_up.dds"                    , "60"   , "16"    , "dds"
"ui\cybran\game\construct-sm_nav_horiz_btn\up_off.dds"                        , "60"   , "16"    , "dds"
"ui\cybran\game\construct-sm_nav_horiz_btn\up_on.dds"                         , "60"   , "16"    , "dds"
"ui\cybran\game\construct-tab_btn\bot_tab_btn_dis_bmp.dds"                    , "76"   , "56"    , "dds"
"ui\cybran\game\construct-tab_btn\bot_tab_btn_down_bmp.dds"                   , "76"   , "56"    , "dds"
"ui\cybran\game\construct-tab_btn\bot_tab_btn_over_bmp.dds"                   , "76"   , "56"    , "dds"
"ui\cybran\game\construct-tab_btn\bot_tab_btn_sel_bmp.dds"                    , "76"   , "56"    , "dds"
"ui\cybran\game\construct-tab_btn\bot_tab_btn_up_bmp.dds"                     , "76"   , "56"    , "dds"
"ui\cybran\game\construct-tab_btn\mid_tab_btn_dis_bmp.dds"                    , "76"   , "56"    , "dds"
"ui\cybran\game\construct-tab_btn\mid_tab_btn_down_bmp.dds"                   , "76"   , "56"    , "dds"
"ui\cybran\game\construct-tab_btn\mid_tab_btn_over_bmp.dds"                   , "76"   , "56"    , "dds"
"ui\cybran\game\construct-tab_btn\mid_tab_btn_sel_bmp.dds"                    , "76"   , "56"    , "dds"
"ui\cybran\game\construct-tab_btn\mid_tab_btn_up_bmp.dds"                     , "76"   , "56"    , "dds"
"ui\cybran\game\construct-tab_btn\top_tab_btn_dis_bmp.dds"                    , "76"   , "56"    , "dds"
"ui\cybran\game\construct-tab_btn\top_tab_btn_down_bmp.dds"                   , "76"   , "56"    , "dds"
"ui\cybran\game\construct-tab_btn\top_tab_btn_over_bmp.dds"                   , "76"   , "56"    , "dds"
"ui\cybran\game\construct-tab_btn\top_tab_btn_sel_bmp.dds"                    , "76"   , "56"    , "dds"
"ui\cybran\game\construct-tab_btn\top_tab_btn_up_bmp.dds"                     , "76"   , "56"    , "dds"
"ui\cybran\game\construct-tab_top_btn\bot_tab_btn_dis_bmp.dds"                , "60"   , "32"    , "dds"
"ui\cybran\game\construct-tab_top_btn\bot_tab_btn_down_bmp.dds"               , "60"   , "32"    , "dds"
"ui\cybran\game\construct-tab_top_btn\bot_tab_btn_over_bmp.dds"               , "60"   , "32"    , "dds"
"ui\cybran\game\construct-tab_top_btn\bot_tab_btn_sel_bmp.dds"                , "60"   , "32"    , "dds"
"ui\cybran\game\construct-tab_top_btn\bot_tab_btn_up_bmp.dds"                 , "60"   , "32"    , "dds"
"ui\cybran\game\construct-tab_top_btn\mid_tab_btn_dis_bmp.dds"                , "60"   , "32"    , "dds"
"ui\cybran\game\construct-tab_top_btn\mid_tab_btn_down_bmp.dds"               , "60"   , "32"    , "dds"
"ui\cybran\game\construct-tab_top_btn\mid_tab_btn_over_bmp.dds"               , "60"   , "32"    , "dds"
"ui\cybran\game\construct-tab_top_btn\mid_tab_btn_sel_bmp.dds"                , "60"   , "32"    , "dds"
"ui\cybran\game\construct-tab_top_btn\mid_tab_btn_up_bmp.dds"                 , "60"   , "32"    , "dds"
"ui\cybran\game\construct-tab_top_btn\top_tab_btn_dis_bmp.dds"                , "60"   , "32"    , "dds"
"ui\cybran\game\construct-tab_top_btn\top_tab_btn_down_bmp.dds"               , "60"   , "32"    , "dds"
"ui\cybran\game\construct-tab_top_btn\top_tab_btn_over_bmp.dds"               , "60"   , "32"    , "dds"
"ui\cybran\game\construct-tab_top_btn\top_tab_btn_sel_bmp.dds"                , "60"   , "32"    , "dds"
"ui\cybran\game\construct-tab_top_btn\top_tab_btn_up_bmp.dds"                 , "60"   , "32"    , "dds"
"ui\cybran\game\construct-tech_btn\left_upgrade_btn_dis.dds"                  , "32"   , "32"    , "dds"
"ui\cybran\game\construct-tech_btn\left_upgrade_btn_down.dds"                 , "32"   , "32"    , "dds"
"ui\cybran\game\construct-tech_btn\left_upgrade_btn_over.dds"                 , "32"   , "32"    , "dds"
"ui\cybran\game\construct-tech_btn\left_upgrade_btn_selected.dds"             , "32"   , "32"    , "dds"
"ui\cybran\game\construct-tech_btn\left_upgrade_btn_up.dds"                   , "32"   , "32"    , "dds"
"ui\cybran\game\construct-tech_btn\m_upgrade_btn_dis.dds"                     , "32"   , "32"    , "dds"
"ui\cybran\game\construct-tech_btn\m_upgrade_btn_down.dds"                    , "32"   , "32"    , "dds"
"ui\cybran\game\construct-tech_btn\m_upgrade_btn_over.dds"                    , "32"   , "32"    , "dds"
"ui\cybran\game\construct-tech_btn\m_upgrade_btn_selected.dds"                , "32"   , "32"    , "dds"
"ui\cybran\game\construct-tech_btn\m_upgrade_btn_up.dds"                      , "32"   , "32"    , "dds"
"ui\cybran\game\construct-tech_btn\r_upgrade_btn_dis.dds"                     , "32"   , "32"    , "dds"
"ui\cybran\game\construct-tech_btn\r_upgrade_btn_down.dds"                    , "32"   , "32"    , "dds"
"ui\cybran\game\construct-tech_btn\r_upgrade_btn_over.dds"                    , "32"   , "32"    , "dds"
"ui\cybran\game\construct-tech_btn\r_upgrade_btn_selected.dds"                , "32"   , "32"    , "dds"
"ui\cybran\game\construct-tech_btn\r_upgrade_btn_up.dds"                      , "32"   , "32"    , "dds"
"ui\cybran\game\construct-tech_btn\t1_btn_dis.dds"                            , "32"   , "32"    , "dds"
"ui\cybran\game\construct-tech_btn\t1_btn_down.dds"                           , "32"   , "32"    , "dds"
"ui\cybran\game\construct-tech_btn\t1_btn_over.dds"                           , "32"   , "32"    , "dds"
"ui\cybran\game\construct-tech_btn\t1_btn_selected.dds"                       , "32"   , "32"    , "dds"
"ui\cybran\game\construct-tech_btn\t1_btn_up.dds"                             , "32"   , "32"    , "dds"
"ui\cybran\game\construct-tech_btn\t2_btn_dis.dds"                            , "32"   , "32"    , "dds"
"ui\cybran\game\construct-tech_btn\t2_btn_down.dds"                           , "32"   , "32"    , "dds"
"ui\cybran\game\construct-tech_btn\t2_btn_over.dds"                           , "32"   , "32"    , "dds"
"ui\cybran\game\construct-tech_btn\t2_btn_selected.dds"                       , "32"   , "32"    , "dds"
"ui\cybran\game\construct-tech_btn\t2_btn_up.dds"                             , "32"   , "32"    , "dds"
"ui\cybran\game\construct-tech_btn\t3_btn_dis.dds"                            , "32"   , "32"    , "dds"
"ui\cybran\game\construct-tech_btn\t3_btn_down.dds"                           , "32"   , "32"    , "dds"
"ui\cybran\game\construct-tech_btn\t3_btn_over.dds"                           , "32"   , "32"    , "dds"
"ui\cybran\game\construct-tech_btn\t3_btn_selected.dds"                       , "32"   , "32"    , "dds"
"ui\cybran\game\construct-tech_btn\t3_btn_up.dds"                             , "32"   , "32"    , "dds"
"ui\cybran\game\construct-tech_btn\t4_btn_dis.dds"                            , "32"   , "32"    , "dds"
"ui\cybran\game\construct-tech_btn\t4_btn_down.dds"                           , "32"   , "32"    , "dds"
"ui\cybran\game\construct-tech_btn\t4_btn_over.dds"                           , "32"   , "32"    , "dds"
"ui\cybran\game\construct-tech_btn\t4_btn_selected.dds"                       , "32"   , "32"    , "dds"
"ui\cybran\game\construct-tech_btn\t4_btn_up.dds"                             , "32"   , "32"    , "dds"
"ui\cybran\game\construct-tech_btn\template_btn_dis.dds"                      , "32"   , "32"    , "dds"
"ui\cybran\game\construct-tech_btn\template_btn_down.dds"                     , "32"   , "32"    , "dds"
"ui\cybran\game\construct-tech_btn\template_btn_over.dds"                     , "32"   , "32"    , "dds"
"ui\cybran\game\construct-tech_btn\template_btn_selected.dds"                 , "32"   , "32"    , "dds"
"ui\cybran\game\construct-tech_btn\template_btn_up.dds"                       , "32"   , "32"    , "dds"
"ui\cybran\game\control-group-bracket\panel-control_bmp_b.dds"                , "64"   , "28"    , "dds"
"ui\cybran\game\control-group-bracket\panel-control_bmp_m.dds"                , "60"   , "4"     , "dds"
"ui\cybran\game\control-group-bracket\panel-control_bmp_t.dds"                , "68"   , "52"    , "dds"
"ui\cybran\game\drag-handle\drag-handle-ll_btn_dis.dds"                       , "80"   , "96"    , "dds"
"ui\cybran\game\drag-handle\drag-handle-ll_btn_down.dds"                      , "80"   , "96"    , "dds"
"ui\cybran\game\drag-handle\drag-handle-ll_btn_over.dds"                      , "80"   , "96"    , "dds"
"ui\cybran\game\drag-handle\drag-handle-ll_btn_up.dds"                        , "80"   , "96"    , "dds"
"ui\cybran\game\drag-handle\drag-handle-lr_btn_dis.dds"                       , "80"   , "96"    , "dds"
"ui\cybran\game\drag-handle\drag-handle-lr_btn_down.dds"                      , "80"   , "96"    , "dds"
"ui\cybran\game\drag-handle\drag-handle-lr_btn_over.dds"                      , "80"   , "96"    , "dds"
"ui\cybran\game\drag-handle\drag-handle-lr_btn_up.dds"                        , "80"   , "96"    , "dds"
"ui\cybran\game\drag-handle\drag-handle-ul_btn_dis.dds"                       , "80"   , "96"    , "dds"
"ui\cybran\game\drag-handle\drag-handle-ul_btn_down.dds"                      , "80"   , "96"    , "dds"
"ui\cybran\game\drag-handle\drag-handle-ul_btn_over.dds"                      , "80"   , "96"    , "dds"
"ui\cybran\game\drag-handle\drag-handle-ul_btn_up.dds"                        , "80"   , "96"    , "dds"
"ui\cybran\game\drag-handle\drag-handle-ur_btn_dis.dds"                       , "80"   , "96"    , "dds"
"ui\cybran\game\drag-handle\drag-handle-ur_btn_down.dds"                      , "80"   , "96"    , "dds"
"ui\cybran\game\drag-handle\drag-handle-ur_btn_over.dds"                      , "80"   , "96"    , "dds"
"ui\cybran\game\drag-handle\drag-handle-ur_btn_up.dds"                        , "80"   , "96"    , "dds"
"ui\cybran\game\economic-overlay\econ_bmp_l.dds"                              , "24"   , "32"    , "dds"
"ui\cybran\game\economic-overlay\econ_bmp_m.dds"                              , "4"    , "32"    , "dds"
"ui\cybran\game\economic-overlay\econ_bmp_r.dds"                              , "12"   , "32"    , "dds"
"ui\cybran\game\filter-arrow_btn\tab-close_btn_dis.dds"                       , "44"   , "32"    , "dds"
"ui\cybran\game\filter-arrow_btn\tab-close_btn_down.dds"                      , "44"   , "32"    , "dds"
"ui\cybran\game\filter-arrow_btn\tab-close_btn_over.dds"                      , "44"   , "32"    , "dds"
"ui\cybran\game\filter-arrow_btn\tab-close_btn_up.dds"                        , "44"   , "32"    , "dds"
"ui\cybran\game\filter-arrow_btn\tab-open_btn_dis.dds"                        , "44"   , "32"    , "dds"
"ui\cybran\game\filter-arrow_btn\tab-open_btn_down.dds"                       , "44"   , "32"    , "dds"
"ui\cybran\game\filter-arrow_btn\tab-open_btn_over.dds"                       , "44"   , "32"    , "dds"
"ui\cybran\game\filter-arrow_btn\tab-open_btn_up.dds"                         , "44"   , "32"    , "dds"
"ui\cybran\game\filter-ping-list-panel\energy-bar_bmp.dds"                    , "28"   , "16"    , "dds"
"ui\cybran\game\filter-ping-list-panel\panel_bmp_b.dds"                       , "128"  , "24"    , "dds"
"ui\cybran\game\filter-ping-list-panel\panel_bmp_m.dds"                       , "128"  , "8"     , "dds"
"ui\cybran\game\filter-ping-list-panel\panel_bmp_t.dds"                       , "128"  , "24"    , "dds"
"ui\cybran\game\filter-ping-list-panel\panel_brd_horz_um.dds"                 , "8"    , "20"    , "dds"
"ui\cybran\game\filter-ping-list-panel\panel_brd_ll.dds"                      , "24"   , "24"    , "dds"
"ui\cybran\game\filter-ping-list-panel\panel_brd_lm.dds"                      , "8"    , "20"    , "dds"
"ui\cybran\game\filter-ping-list-panel\panel_brd_lr.dds"                      , "24"   , "24"    , "dds"
"ui\cybran\game\filter-ping-list-panel\panel_brd_m.dds"                       , "8"    , "8"     , "dds"
"ui\cybran\game\filter-ping-list-panel\panel_brd_ul.dds"                      , "24"   , "24"    , "dds"
"ui\cybran\game\filter-ping-list-panel\panel_brd_ur.dds"                      , "24"   , "24"    , "dds"
"ui\cybran\game\filter-ping-list-panel\panel_brd_vert_l.dds"                  , "24"   , "8"     , "dds"
"ui\cybran\game\filter-ping-list-panel\panel_brd_vert_r.dds"                  , "24"   , "8"     , "dds"
"ui\cybran\game\filter-ping-panel\bracket-energy-l_bmp.dds"                   , "20"   , "72"    , "dds"
"ui\cybran\game\filter-ping-panel\bracket-energy-r_bmp.dds"                   , "20"   , "72"    , "dds"
"ui\cybran\game\filter-ping-panel\bracket-left_bmp.dds"                       , "28"   , "68"    , "dds"
"ui\cybran\game\filter-ping-panel\filter-ping-panel02_bmp.dds"                , "180"  , "72"    , "dds"
"ui\cybran\game\medium-btn\medium_btn_dis.dds"                                , "296"  , "72"    , "dds"
"ui\cybran\game\medium-btn\medium_btn_down.dds"                               , "296"  , "72"    , "dds"
"ui\cybran\game\medium-btn\medium_btn_glow.dds"                               , "296"  , "72"    , "dds"
"ui\cybran\game\medium-btn\medium_btn_over.dds"                               , "296"  , "72"    , "dds"
"ui\cybran\game\medium-btn\medium_btn_up.dds"                                 , "296"  , "72"    , "dds"
"ui\cybran\game\menu-btns\close_btn_dis.dds"                                  , "24"   , "24"    , "dds"
"ui\cybran\game\menu-btns\close_btn_down.dds"                                 , "24"   , "24"    , "dds"
"ui\cybran\game\menu-btns\close_btn_over.dds"                                 , "24"   , "24"    , "dds"
"ui\cybran\game\menu-btns\close_btn_up.dds"                                   , "24"   , "24"    , "dds"
"ui\cybran\game\menu-btns\config_btn_dis.dds"                                 , "24"   , "24"    , "dds"
"ui\cybran\game\menu-btns\config_btn_down.dds"                                , "24"   , "24"    , "dds"
"ui\cybran\game\menu-btns\config_btn_over.dds"                                , "24"   , "24"    , "dds"
"ui\cybran\game\menu-btns\config_btn_up.dds"                                  , "24"   , "24"    , "dds"
"ui\cybran\game\menu-btns\default_btn_dis.dds"                                , "24"   , "24"    , "dds"
"ui\cybran\game\menu-btns\default_btn_down.dds"                               , "24"   , "24"    , "dds"
"ui\cybran\game\menu-btns\default_btn_over.dds"                               , "24"   , "24"    , "dds"
"ui\cybran\game\menu-btns\default_btn_up.dds"                                 , "24"   , "24"    , "dds"
"ui\cybran\game\menu-btns\pin_btn_dis.dds"                                    , "24"   , "24"    , "dds"
"ui\cybran\game\menu-btns\pin_btn_down.dds"                                   , "24"   , "24"    , "dds"
"ui\cybran\game\menu-btns\pin_btn_over.dds"                                   , "24"   , "24"    , "dds"
"ui\cybran\game\menu-btns\pin_btn_up.dds"                                     , "24"   , "24"    , "dds"
"ui\cybran\game\menu-btns\pinned_btn_dis.dds"                                 , "24"   , "24"    , "dds"
"ui\cybran\game\menu-btns\pinned_btn_down.dds"                                , "24"   , "24"    , "dds"
"ui\cybran\game\menu-btns\pinned_btn_over.dds"                                , "24"   , "24"    , "dds"
"ui\cybran\game\menu-btns\pinned_btn_up.dds"                                  , "24"   , "24"    , "dds"
"ui\cybran\game\mini-map-brd\mini-map_brd_horz_um.dds"                        , "12"   , "36"    , "dds"
"ui\cybran\game\mini-map-brd\mini-map_brd_ll.dds"                             , "12"   , "16"    , "dds"
"ui\cybran\game\mini-map-brd\mini-map_brd_lm.dds"                             , "12"   , "16"    , "dds"
"ui\cybran\game\mini-map-brd\mini-map_brd_lr.dds"                             , "16"   , "16"    , "dds"
"ui\cybran\game\mini-map-brd\mini-map_brd_m.dds"                              , "12"   , "12"    , "dds"
"ui\cybran\game\mini-map-brd\mini-map_brd_ul.dds"                             , "32"   , "36"    , "dds"
"ui\cybran\game\mini-map-brd\mini-map_brd_ur.dds"                             , "36"   , "36"    , "dds"
"ui\cybran\game\mini-map-brd\mini-map_brd_vert_l.dds"                         , "12"   , "12"    , "dds"
"ui\cybran\game\mini-map-brd\mini-map_brd_vert_r.dds"                         , "16"   , "12"    , "dds"
"ui\cybran\game\mini-map-brd\mini-map-glow_bmp.dds"                           , "204"  , "204"   , "dds"
"ui\cybran\game\mini-map-glow-brd\mini-map-glow_brd_horz_um.dds"              , "8"    , "24"    , "dds"
"ui\cybran\game\mini-map-glow-brd\mini-map-glow_brd_ll.dds"                   , "40"   , "40"    , "dds"
"ui\cybran\game\mini-map-glow-brd\mini-map-glow_brd_lm.dds"                   , "8"    , "24"    , "dds"
"ui\cybran\game\mini-map-glow-brd\mini-map-glow_brd_lr.dds"                   , "40"   , "40"    , "dds"
"ui\cybran\game\mini-map-glow-brd\mini-map-glow_brd_ul.dds"                   , "40"   , "40"    , "dds"
"ui\cybran\game\mini-map-glow-brd\mini-map-glow_brd_ur.dds"                   , "40"   , "40"    , "dds"
"ui\cybran\game\mini-map-glow-brd\mini-map-glow_brd_vert_l.dds"               , "24"   , "8"     , "dds"
"ui\cybran\game\mini-map-glow-brd\mini-map-glow_brd_vert_r.dds"               , "24"   , "8"     , "dds"
"ui\cybran\game\objective-icons\panel-icon_bmp.dds"                           , "60"   , "68"    , "dds"
"ui\cybran\game\objective-icons\primary-ring_bmp.dds"                         , "52"   , "48"    , "dds"
"ui\cybran\game\objective-icons\secondary-ring_bmp.dds"                       , "52"   , "48"    , "dds"
"ui\cybran\game\options_tab\diplomacy_btn_dis.dds"                            , "56"   , "48"    , "dds"
"ui\cybran\game\options_tab\diplomacy_btn_down.dds"                           , "56"   , "48"    , "dds"
"ui\cybran\game\options_tab\diplomacy_btn_over.dds"                           , "56"   , "48"    , "dds"
"ui\cybran\game\options_tab\diplomacy_btn_selected.dds"                       , "56"   , "48"    , "dds"
"ui\cybran\game\options_tab\diplomacy_btn_up.dds"                             , "56"   , "48"    , "dds"
"ui\cybran\game\options_tab\glow_bmp.dds"                                     , "56"   , "48"    , "dds"
"ui\cybran\game\options_tab\menu_btn_dis.dds"                                 , "56"   , "48"    , "dds"
"ui\cybran\game\options_tab\menu_btn_down.dds"                                , "56"   , "48"    , "dds"
"ui\cybran\game\options_tab\menu_btn_over.dds"                                , "56"   , "48"    , "dds"
"ui\cybran\game\options_tab\menu_btn_selected.dds"                            , "56"   , "48"    , "dds"
"ui\cybran\game\options_tab\menu_btn_up.dds"                                  , "56"   , "48"    , "dds"
"ui\cybran\game\options_tab\objectives_btn_dis.dds"                           , "56"   , "48"    , "dds"
"ui\cybran\game\options_tab\objectives_btn_down.dds"                          , "56"   , "48"    , "dds"
"ui\cybran\game\options_tab\objectives_btn_over.dds"                          , "56"   , "48"    , "dds"
"ui\cybran\game\options_tab\objectives_btn_selected.dds"                      , "56"   , "48"    , "dds"
"ui\cybran\game\options_tab\objectives_btn_up.dds"                            , "56"   , "48"    , "dds"
"ui\cybran\game\options_tab\pause_btn_dis.dds"                                , "56"   , "48"    , "dds"
"ui\cybran\game\options_tab\pause_btn_down.dds"                               , "56"   , "48"    , "dds"
"ui\cybran\game\options_tab\pause_btn_over.dds"                               , "56"   , "48"    , "dds"
"ui\cybran\game\options_tab\pause_btn_selected.dds"                           , "56"   , "48"    , "dds"
"ui\cybran\game\options_tab\pause_btn_up.dds"                                 , "56"   , "48"    , "dds"
"ui\cybran\game\options_tab\play_btn_dis.dds"                                 , "56"   , "48"    , "dds"
"ui\cybran\game\options_tab\play_btn_down.dds"                                , "56"   , "48"    , "dds"
"ui\cybran\game\options_tab\play_btn_over.dds"                                , "56"   , "48"    , "dds"
"ui\cybran\game\options_tab\play_btn_selected.dds"                            , "56"   , "48"    , "dds"
"ui\cybran\game\options_tab\play_btn_up.dds"                                  , "56"   , "48"    , "dds"
"ui\cybran\game\options-panel\options_brd_horz_lm.dds"                        , "4"    , "28"    , "dds"
"ui\cybran\game\options-panel\options_brd_horz_um.dds"                        , "80"   , "36"    , "dds"
"ui\cybran\game\options-panel\options_brd_horz_uml.dds"                       , "4"    , "28"    , "dds"
"ui\cybran\game\options-panel\options_brd_horz_umr.dds"                       , "4"    , "28"    , "dds"
"ui\cybran\game\options-panel\options_brd_ll.dds"                             , "44"   , "36"    , "dds"
"ui\cybran\game\options-panel\options_brd_lr.dds"                             , "44"   , "36"    , "dds"
"ui\cybran\game\options-panel\options_brd_m.dds"                              , "4"    , "8"     , "dds"
"ui\cybran\game\options-panel\options_brd_ul.dds"                             , "44"   , "36"    , "dds"
"ui\cybran\game\options-panel\options_brd_ur.dds"                             , "44"   , "36"    , "dds"
"ui\cybran\game\options-panel\options_brd_vert_l.dds"                         , "36"   , "8"     , "dds"
"ui\cybran\game\options-panel\options_brd_vert_ll.dds"                        , "40"   , "24"    , "dds"
"ui\cybran\game\options-panel\options_brd_vert_lr.dds"                        , "40"   , "24"    , "dds"
"ui\cybran\game\options-panel\options_brd_vert_r.dds"                         , "36"   , "8"     , "dds"
"ui\cybran\game\options-panel\options_brd_vert_ul.dds"                        , "40"   , "24"    , "dds"
"ui\cybran\game\options-panel\options_brd_vert_ur.dds"                        , "40"   , "24"    , "dds"
"ui\cybran\game\orders-panel_vert\order-panel_bmp.dds"                        , "188"  , "224"   , "dds"
"ui\cybran\game\orders-panel\bracket_bmp.dds"                                 , "32"   , "128"   , "dds"
"ui\cybran\game\orders-panel\no-parking_bmp.dds"                              , "56"   , "56"    , "dds"
"ui\cybran\game\orders-panel\order-panel_bmp.dds"                             , "332"  , "120"   , "dds"
"ui\cybran\game\orders-panel\question-mark_bmp.dds"                           , "16"   , "24"    , "dds"
"ui\cybran\game\panel\panel_brd_horz_um.dds"                                  , "8"    , "24"    , "dds"
"ui\cybran\game\panel\panel_brd_ll.dds"                                       , "24"   , "24"    , "dds"
"ui\cybran\game\panel\panel_brd_lm.dds"                                       , "8"    , "24"    , "dds"
"ui\cybran\game\panel\panel_brd_lr.dds"                                       , "24"   , "24"    , "dds"
"ui\cybran\game\panel\panel_brd_m.dds"                                        , "8"    , "8"     , "dds"
"ui\cybran\game\panel\panel_brd_ul.dds"                                       , "24"   , "24"    , "dds"
"ui\cybran\game\panel\panel_brd_ur.dds"                                       , "24"   , "24"    , "dds"
"ui\cybran\game\panel\panel_brd_vert_l.dds"                                   , "24"   , "8"     , "dds"
"ui\cybran\game\panel\panel_brd_vert_r.dds"                                   , "24"   , "8"     , "dds"
"ui\cybran\game\pause_btn\glow_bmp.dds"                                       , "56"   , "48"    , "dds"
"ui\cybran\game\pause_btn\pause_btn_dis.dds"                                  , "56"   , "48"    , "dds"
"ui\cybran\game\pause_btn\pause_btn_down.dds"                                 , "56"   , "48"    , "dds"
"ui\cybran\game\pause_btn\pause_btn_over.dds"                                 , "56"   , "48"    , "dds"
"ui\cybran\game\pause_btn\pause_btn_up.dds"                                   , "56"   , "48"    , "dds"
"ui\cybran\game\pause_btn\play_btn_dis.dds"                                   , "56"   , "48"    , "dds"
"ui\cybran\game\pause_btn\play_btn_down.dds"                                  , "56"   , "48"    , "dds"
"ui\cybran\game\pause_btn\play_btn_over.dds"                                  , "56"   , "48"    , "dds"
"ui\cybran\game\pause_btn\play_btn_up.dds"                                    , "56"   , "48"    , "dds"
"ui\cybran\game\pause-indicator\bottom.dds"                                   , "20"   , "20"    , "dds"
"ui\cybran\game\pause-indicator\left.dds"                                     , "20"   , "20"    , "dds"
"ui\cybran\game\pause-indicator\right.dds"                                    , "20"   , "20"    , "dds"
"ui\cybran\game\pause-indicator\top.dds"                                      , "20"   , "20"    , "dds"
"ui\cybran\game\pda-panel\bracket-right_bmp.dds"                              , "32"   , "156"   , "dds"
"ui\cybran\game\pda-panel\panel-objectives_bmp_l.dds"                         , "20"   , "76"    , "dds"
"ui\cybran\game\pda-panel\panel-objectives_bmp_m.dds"                         , "4"    , "72"    , "dds"
"ui\cybran\game\pda-panel\panel-objectives_bmp_r.dds"                         , "24"   , "72"    , "dds"
"ui\cybran\game\pda-panel\panel-ping_bmp_l.dds"                               , "20"   , "60"    , "dds"
"ui\cybran\game\pda-panel\panel-ping_bmp_m.dds"                               , "4"    , "56"    , "dds"
"ui\cybran\game\pda-panel\panel-ping_bmp_r.dds"                               , "24"   , "56"    , "dds"
"ui\cybran\game\pda-panel\panel-time-units_bmp_l.dds"                         , "20"   , "28"    , "dds"
"ui\cybran\game\pda-panel\panel-time-units_bmp_m.dds"                         , "4"    , "24"    , "dds"
"ui\cybran\game\pda-panel\panel-time-units_bmp_r.dds"                         , "24"   , "24"    , "dds"
"ui\cybran\game\pda-panel\title-bar_bmp.dds"                                  , "136"  , "20"    , "dds"
"ui\cybran\game\pda-panel\video-panel_bmp.dds"                                , "168"  , "148"   , "dds"
"ui\cybran\game\ping-icons\panel-icon_bmp.dds"                                , "56"   , "56"    , "dds"
"ui\cybran\game\ping-icons\panel-icon-ring_bmp.dds"                           , "56"   , "56"    , "dds"
"ui\cybran\game\resource-bars\mini-energy-bar_bmp.dds"                        , "160"  , "16"    , "dds"
"ui\cybran\game\resource-bars\mini-energy-bar-back_bmp.dds"                   , "160"  , "16"    , "dds"
"ui\cybran\game\resource-bars\mini-mass-bar_bmp.dds"                          , "160"  , "16"    , "dds"
"ui\cybran\game\resource-bars\mini-mass-bar-back_bmp.dds"                     , "160"  , "16"    , "dds"
"ui\cybran\game\resource-panel\alert-caution_bmp.dds"                         , "48"   , "44"    , "dds"
"ui\cybran\game\resource-panel\alert-energy-panel_bmp.dds"                    , "316"  , "32"    , "dds"
"ui\cybran\game\resource-panel\alert-icon_bmp.dds"                            , "28"   , "36"    , "dds"
"ui\cybran\game\resource-panel\alert-mass-panel_bmp.dds"                      , "316"  , "32"    , "dds"
"ui\cybran\game\resource-panel\alert-no-parking_bmp.dds"                      , "52"   , "52"    , "dds"
"ui\cybran\game\resource-panel\bracket-energy-l_bmp.dds"                      , "20"   , "72"    , "dds"
"ui\cybran\game\resource-panel\bracket-energy-r_bmp.dds"                      , "20"   , "72"    , "dds"
"ui\cybran\game\resource-panel\bracket-left_bmp.dds"                          , "28"   , "68"    , "dds"
"ui\cybran\game\resource-panel\bracket-right_bmp.dds"                         , "28"   , "68"    , "dds"
"ui\cybran\game\resource-panel\caution-energy-panel_bmp.dds"                  , "316"  , "32"    , "dds"
"ui\cybran\game\resource-panel\caution-mass-panel_bmp.dds"                    , "316"  , "32"    , "dds"
"ui\cybran\game\resource-panel\resources_panel_bmp.dds"                       , "324"  , "72"    , "dds"
"ui\cybran\game\score-panel\icon-square_bmp.dds"                              , "24"   , "24"    , "dds"
"ui\cybran\game\score-panel\panel-score_bmp_b.dds"                            , "236"  , "20"    , "dds"
"ui\cybran\game\score-panel\panel-score_bmp_m.dds"                            , "236"  , "4"     , "dds"
"ui\cybran\game\score-panel\panel-score_bmp_t.dds"                            , "236"  , "44"    , "dds"
"ui\cybran\game\tab-l-btn\tab-close_btn_dis.dds"                              , "20"   , "28"    , "dds"
"ui\cybran\game\tab-l-btn\tab-close_btn_down.dds"                             , "20"   , "28"    , "dds"
"ui\cybran\game\tab-l-btn\tab-close_btn_over.dds"                             , "20"   , "28"    , "dds"
"ui\cybran\game\tab-l-btn\tab-close_btn_up.dds"                               , "20"   , "28"    , "dds"
"ui\cybran\game\tab-l-btn\tab-open_btn_dis.dds"                               , "20"   , "28"    , "dds"
"ui\cybran\game\tab-l-btn\tab-open_btn_down.dds"                              , "20"   , "28"    , "dds"
"ui\cybran\game\tab-l-btn\tab-open_btn_over.dds"                              , "20"   , "28"    , "dds"
"ui\cybran\game\tab-l-btn\tab-open_btn_up.dds"                                , "20"   , "28"    , "dds"
"ui\cybran\game\tab-r-btn\tab-close_btn_dis.dds"                              , "20"   , "28"    , "dds"
"ui\cybran\game\tab-r-btn\tab-close_btn_down.dds"                             , "20"   , "28"    , "dds"
"ui\cybran\game\tab-r-btn\tab-close_btn_over.dds"                             , "20"   , "28"    , "dds"
"ui\cybran\game\tab-r-btn\tab-close_btn_up.dds"                               , "20"   , "28"    , "dds"
"ui\cybran\game\tab-r-btn\tab-open_btn_dis.dds"                               , "20"   , "28"    , "dds"
"ui\cybran\game\tab-r-btn\tab-open_btn_down.dds"                              , "20"   , "28"    , "dds"
"ui\cybran\game\tab-r-btn\tab-open_btn_over.dds"                              , "20"   , "28"    , "dds"
"ui\cybran\game\tab-r-btn\tab-open_btn_up.dds"                                , "20"   , "28"    , "dds"
"ui\cybran\game\tab-t-btn\tab-close_btn_dis.dds"                              , "28"   , "20"    , "dds"
"ui\cybran\game\tab-t-btn\tab-close_btn_down.dds"                             , "28"   , "20"    , "dds"
"ui\cybran\game\tab-t-btn\tab-close_btn_over.dds"                             , "28"   , "20"    , "dds"
"ui\cybran\game\tab-t-btn\tab-close_btn_up.dds"                               , "28"   , "20"    , "dds"
"ui\cybran\game\tab-t-btn\tab-open_btn_dis.dds"                               , "28"   , "20"    , "dds"
"ui\cybran\game\tab-t-btn\tab-open_btn_down.dds"                              , "28"   , "20"    , "dds"
"ui\cybran\game\tab-t-btn\tab-open_btn_over.dds"                              , "28"   , "20"    , "dds"
"ui\cybran\game\tab-t-btn\tab-open_btn_up.dds"                                , "28"   , "20"    , "dds"
"ui\cybran\game\temp_textures\checkmark_dark.dds"                             , "16"   , "16"    , "dds"
"ui\cybran\game\temp_textures\checkmark.dds"                                  , "16"   , "16"    , "dds"
"ui\cybran\game\temp_textures\combo_sel.dds"                                  , "20"   , "20"    , "dds"
"ui\cybran\game\temp_textures\combo_up.dds"                                   , "20"   , "20"    , "dds"
"ui\cybran\game\transmission\title-bar_bmp.dds"                               , "188"  , "20"    , "dds"
"ui\cybran\game\transmission\video-brackets.dds"                              , "220"  , "212"   , "dds"
"ui\cybran\game\transmission\video-panel_bmp.dds"                             , "248"  , "240"   , "dds"
"ui\cybran\game\transmission\video-panel.dds"                                 , "208"  , "208"   , "dds"
"ui\cybran\game\unit-build-over-panel\bracket-build_bmp.dds"                  , "32"   , "120"   , "dds"
"ui\cybran\game\unit-build-over-panel\bracket-unit_bmp.dds"                   , "32"   , "120"   , "dds"
"ui\cybran\game\unit-build-over-panel\build-over-back_bmp.dds"                , "332"  , "116"   , "dds"
"ui\cybran\game\unit-build-over-panel\fuelbar.dds"                            , "188"  , "4"     , "dds"
"ui\cybran\game\unit-build-over-panel\healthbar_bg.dds"                       , "188"  , "20"    , "dds"
"ui\cybran\game\unit-build-over-panel\healthbar_green.dds"                    , "192"  , "24"    , "dds"
"ui\cybran\game\unit-build-over-panel\healthbar_red.dds"                      , "192"  , "24"    , "dds"
"ui\cybran\game\unit-build-over-panel\healthbar_yellow.dds"                   , "192"  , "24"    , "dds"
"ui\cybran\game\unit-build-over-panel\shieldbar.dds"                          , "188"  , "4"     , "dds"
"ui\cybran\game\unit-build-over-panel\unit-over-back_bmp.dds"                 , "332"  , "116"   , "dds"
"ui\cybran\small-vert_scroll\arrow-down_scr_dis.dds"                          , "36"   , "32"    , "dds"
"ui\cybran\small-vert_scroll\arrow-down_scr_down.dds"                         , "36"   , "32"    , "dds"
"ui\cybran\small-vert_scroll\arrow-down_scr_over.dds"                         , "36"   , "32"    , "dds"
"ui\cybran\small-vert_scroll\arrow-down_scr_up.dds"                           , "36"   , "32"    , "dds"
"ui\cybran\small-vert_scroll\arrow-up_scr_dis.dds"                            , "36"   , "32"    , "dds"
"ui\cybran\small-vert_scroll\arrow-up_scr_down.dds"                           , "36"   , "32"    , "dds"
"ui\cybran\small-vert_scroll\arrow-up_scr_over.dds"                           , "36"   , "32"    , "dds"
"ui\cybran\small-vert_scroll\arrow-up_scr_up.dds"                             , "36"   , "32"    , "dds"
"ui\cybran\small-vert_scroll\back_scr_mid.dds"                                , "36"   , "8"     , "dds"
"ui\cybran\small-vert_scroll\bar-bot_scr_up.dds"                              , "36"   , "8"     , "dds"
"ui\cybran\small-vert_scroll\bar-mid_scr_over.dds"                            , "36"   , "8"     , "dds"
"ui\cybran\small-vert_scroll\bar-mid_scr_up.dds"                              , "36"   , "8"     , "dds"
"ui\cybran\small-vert_scroll\bar-top_scr_up.dds"                              , "36"   , "12"    , "dds"
"ui\cybran\widgets02\small_btn_dis.dds"                                       , "148"  , "36"    , "dds"
"ui\cybran\widgets02\small_btn_down.dds"                                      , "148"  , "36"    , "dds"
"ui\cybran\widgets02\small_btn_over.dds"                                      , "148"  , "36"    , "dds"
"ui\cybran\widgets02\small_btn_up.dds"                                        , "148"  , "36"    , "dds"
"ui\frontend\panel-campaign_brd\panel-campaign_brd_ll.dds"                    , "4"    , "4"     , "dds"
"ui\frontend\panel-campaign_brd\panel-campaign_brd_lm.dds"                    , "4"    , "4"     , "dds"
"ui\frontend\panel-campaign_brd\panel-campaign_brd_lr.dds"                    , "4"    , "4"     , "dds"
"ui\frontend\panel-campaign_brd\panel-campaign_brd_ul.dds"                    , "4"    , "4"     , "dds"
"ui\frontend\panel-campaign_brd\panel-campaign_brd_um.dds"                    , "4"    , "4"     , "dds"
"ui\frontend\panel-campaign_brd\panel-campaign_brd_ur.dds"                    , "4"    , "4"     , "dds"
"ui\frontend\panel-campaign_brd\panel-campaign_brd_vert_l.dds"                , "4"    , "4"     , "dds"
"ui\frontend\panel-campaign_brd\panel-campaign_brd_vert_r.dds"                , "4"    , "4"     , "dds"
"ui\frontend\score-victory-defeat\panel_bmp.dds"                              , "972"  , "588"   , "dds"
"ui\frontend\score-victory-defeat\panel-line_bmp.dds"                         , "920"  , "4"     , "dds"
"ui\frontend\score-victory-defeat\player-back_bmp.dds"                        , "912"  , "36"    , "dds"
"ui\frontend\score-victory-defeat\totals-back_bmp.dds"                        , "284"  , "40"    , "dds"
"ui\seraphim\dialogs\menu-btns\close_btn_dis.dds"                             , "24"   , "24"    , "dds"
"ui\seraphim\dialogs\menu-btns\close_btn_down.dds"                            , "24"   , "24"    , "dds"
"ui\seraphim\dialogs\menu-btns\close_btn_over.dds"                            , "24"   , "24"    , "dds"
"ui\seraphim\dialogs\menu-btns\close_btn_up.dds"                              , "24"   , "24"    , "dds"
"ui\seraphim\dialogs\menu-btns\config_btn_dis.dds"                            , "24"   , "24"    , "dds"
"ui\seraphim\dialogs\menu-btns\config_btn_down.dds"                           , "24"   , "24"    , "dds"
"ui\seraphim\dialogs\menu-btns\config_btn_over.dds"                           , "24"   , "24"    , "dds"
"ui\seraphim\dialogs\menu-btns\config_btn_up.dds"                             , "24"   , "24"    , "dds"
"ui\seraphim\dialogs\menu-btns\default_btn_dis.dds"                           , "24"   , "24"    , "dds"
"ui\seraphim\dialogs\menu-btns\default_btn_down.dds"                          , "24"   , "24"    , "dds"
"ui\seraphim\dialogs\menu-btns\default_btn_over.dds"                          , "24"   , "24"    , "dds"
"ui\seraphim\dialogs\menu-btns\default_btn_up.dds"                            , "24"   , "24"    , "dds"
"ui\seraphim\dialogs\menu-btns\pin_btn_dis.dds"                               , "24"   , "24"    , "dds"
"ui\seraphim\dialogs\menu-btns\pin_btn_down.dds"                              , "24"   , "24"    , "dds"
"ui\seraphim\dialogs\menu-btns\pin_btn_over.dds"                              , "24"   , "24"    , "dds"
"ui\seraphim\dialogs\menu-btns\pin_btn_up.dds"                                , "24"   , "24"    , "dds"
"ui\seraphim\dialogs\menu-btns\pinned_btn_dis.dds"                            , "24"   , "24"    , "dds"
"ui\seraphim\dialogs\menu-btns\pinned_btn_down.dds"                           , "24"   , "24"    , "dds"
"ui\seraphim\dialogs\menu-btns\pinned_btn_over.dds"                           , "24"   , "24"    , "dds"
"ui\seraphim\dialogs\menu-btns\pinned_btn_up.dds"                             , "24"   , "24"    , "dds"
"ui\seraphim\dialogs\time-units-tabs\energy_bmp.dds"                          , "16"   , "28"    , "dds"
"ui\seraphim\dialogs\time-units-tabs\panel-tracking_bmp_d.dds"                , "12"   , "44"    , "dds"
"ui\seraphim\dialogs\time-units-tabs\panel-tracking_bmp_l.dds"                , "24"   , "44"    , "dds"
"ui\seraphim\dialogs\time-units-tabs\panel-tracking_bmp_m.dds"                , "4"    , "44"    , "dds"
"ui\seraphim\dialogs\time-units-tabs\panel-tracking_bmp_r.dds"                , "24"   , "44"    , "dds"
"ui\seraphim\dialogs\time-units-tabs\tracking-icon_bmp.dds"                   , "24"   , "20"    , "dds"
"ui\seraphim\game\avatar-arrow_btn\tab-close_btn_dis.dds"                     , "12"   , "32"    , "dds"
"ui\seraphim\game\avatar-arrow_btn\tab-close_btn_down.dds"                    , "12"   , "32"    , "dds"
"ui\seraphim\game\avatar-arrow_btn\tab-close_btn_over.dds"                    , "12"   , "32"    , "dds"
"ui\seraphim\game\avatar-arrow_btn\tab-close_btn_up.dds"                      , "12"   , "32"    , "dds"
"ui\seraphim\game\avatar-arrow_btn\tab-open_btn_dis.dds"                      , "12"   , "32"    , "dds"
"ui\seraphim\game\avatar-arrow_btn\tab-open_btn_down.dds"                     , "12"   , "32"    , "dds"
"ui\seraphim\game\avatar-arrow_btn\tab-open_btn_over.dds"                     , "12"   , "32"    , "dds"
"ui\seraphim\game\avatar-arrow_btn\tab-open_btn_up.dds"                       , "12"   , "32"    , "dds"
"ui\seraphim\game\avatar-engineers-panel\bracket_bmp.dds"                     , "28"   , "48"    , "dds"
"ui\seraphim\game\avatar-engineers-panel\panel-eng_bmp_b.dds"                 , "88"   , "12"    , "dds"
"ui\seraphim\game\avatar-engineers-panel\panel-eng_bmp_m.dds"                 , "88"   , "44"    , "dds"
"ui\seraphim\game\avatar-engineers-panel\panel-eng_bmp_t.dds"                 , "88"   , "12"    , "dds"
"ui\seraphim\game\avatar-engineers-panel\tech-1_bmp.dds"                      , "28"   , "28"    , "dds"
"ui\seraphim\game\avatar-engineers-panel\tech-2_bmp.dds"                      , "28"   , "28"    , "dds"
"ui\seraphim\game\avatar-engineers-panel\tech-3_bmp.dds"                      , "28"   , "28"    , "dds"
"ui\seraphim\game\avatar-factory-panel\bracket_bmp.dds"                       , "20"   , "40"    , "dds"
"ui\seraphim\game\avatar-factory-panel\factory-panel_bmp.dds"                 , "188"  , "164"   , "dds"
"ui\seraphim\game\avatar\avatar_bmp.dds"                                      , "60"   , "68"    , "dds"
"ui\seraphim\game\avatar\avatar-control-group_bmp.dds"                        , "48"   , "36"    , "dds"
"ui\seraphim\game\avatar\avatar-s-e-f_bmp.dds"                                , "56"   , "52"    , "dds"
"ui\seraphim\game\avatar\health-bar-back_bmp.dds"                             , "52"   , "16"    , "dds"
"ui\seraphim\game\avatar\health-bar.dds"                                      , "44"   , "12"    , "dds"
"ui\seraphim\game\avatar\pulse-bars_bmp.dds"                                  , "64"   , "64"    , "dds"
"ui\seraphim\game\bracket-left-energy\bracket_bmp_b.dds"                      , "20"   , "16"    , "dds"
"ui\seraphim\game\bracket-left-energy\bracket_bmp_m.dds"                      , "12"   , "4"     , "dds"
"ui\seraphim\game\bracket-left-energy\bracket_bmp_t.dds"                      , "20"   , "20"    , "dds"
"ui\seraphim\game\bracket-left-energy\bracket_bmp.dds"                        , "20"   , "68"    , "dds"
"ui\seraphim\game\bracket-left\bracket_bmp_b.dds"                             , "32"   , "28"    , "dds"
"ui\seraphim\game\bracket-left\bracket_bmp_m.dds"                             , "16"   , "4"     , "dds"
"ui\seraphim\game\bracket-left\bracket_bmp_t.dds"                             , "32"   , "68"    , "dds"
"ui\seraphim\game\bracket-left\bracket_bmp.dds"                               , "32"   , "120"   , "dds"
"ui\seraphim\game\bracket-right-energy\bracket_bmp_b.dds"                     , "20"   , "16"    , "dds"
"ui\seraphim\game\bracket-right-energy\bracket_bmp_m.dds"                     , "12"   , "4"     , "dds"
"ui\seraphim\game\bracket-right-energy\bracket_bmp_t.dds"                     , "20"   , "20"    , "dds"
"ui\seraphim\game\bracket-right-energy\bracket_bmp.dds"                       , "20"   , "68"    , "dds"
"ui\seraphim\game\bracket-right\bracket_bmp_b.dds"                            , "32"   , "28"    , "dds"
"ui\seraphim\game\bracket-right\bracket_bmp_m.dds"                            , "16"   , "4"     , "dds"
"ui\seraphim\game\bracket-right\bracket_bmp_t.dds"                            , "32"   , "68"    , "dds"
"ui\seraphim\game\bracket-right\bracket_bmp.dds"                              , "32"   , "120"   , "dds"
"ui\seraphim\game\c-q-e-panel\construct-panel_bmp_l.dds"                      , "84"   , "60"    , "dds"
"ui\seraphim\game\camera-btn\pinned_btn_dis.dds"                              , "24"   , "24"    , "dds"
"ui\seraphim\game\camera-btn\pinned_btn_down.dds"                             , "24"   , "24"    , "dds"
"ui\seraphim\game\camera-btn\pinned_btn_over.dds"                             , "24"   , "24"    , "dds"
"ui\seraphim\game\camera-btn\pinned_btn_up.dds"                               , "24"   , "24"    , "dds"
"ui\seraphim\game\chat_brd\chat_brd_horz_um.dds"                              , "8"    , "48"    , "dds"
"ui\seraphim\game\chat_brd\chat_brd_ll.dds"                                   , "44"   , "48"    , "dds"
"ui\seraphim\game\chat_brd\chat_brd_lm.dds"                                   , "8"    , "48"    , "dds"
"ui\seraphim\game\chat_brd\chat_brd_lr.dds"                                   , "44"   , "48"    , "dds"
"ui\seraphim\game\chat_brd\chat_brd_m.dds"                                    , "8"    , "8"     , "dds"
"ui\seraphim\game\chat_brd\chat_brd_ul.dds"                                   , "44"   , "48"    , "dds"
"ui\seraphim\game\chat_brd\chat_brd_ur.dds"                                   , "44"   , "48"    , "dds"
"ui\seraphim\game\chat_brd\chat_brd_vert_l.dds"                               , "44"   , "8"     , "dds"
"ui\seraphim\game\chat_brd\chat_brd_vert_r.dds"                               , "44"   , "8"     , "dds"
"ui\seraphim\game\chat_brd\drop-box_brd_horz_um.dds"                          , "8"    , "16"    , "dds"
"ui\seraphim\game\chat_brd\drop-box_brd_ll.dds"                               , "16"   , "12"    , "dds"
"ui\seraphim\game\chat_brd\drop-box_brd_lm.dds"                               , "8"    , "12"    , "dds"
"ui\seraphim\game\chat_brd\drop-box_brd_lr.dds"                               , "16"   , "12"    , "dds"
"ui\seraphim\game\chat_brd\drop-box_brd_m.dds"                                , "8"    , "8"     , "dds"
"ui\seraphim\game\chat_brd\drop-box_brd_ul.dds"                               , "16"   , "16"    , "dds"
"ui\seraphim\game\chat_brd\drop-box_brd_ur.dds"                               , "16"   , "16"    , "dds"
"ui\seraphim\game\chat_brd\drop-box_brd_vert_l.dds"                           , "16"   , "8"     , "dds"
"ui\seraphim\game\chat_brd\drop-box_brd_vert_r.dds"                           , "16"   , "8"     , "dds"
"ui\seraphim\game\chat-box_btn\radio_btn_dis.dds"                             , "28"   , "28"    , "dds"
"ui\seraphim\game\chat-box_btn\radio_btn_down.dds"                            , "28"   , "28"    , "dds"
"ui\seraphim\game\chat-box_btn\radio_btn_over.dds"                            , "28"   , "28"    , "dds"
"ui\seraphim\game\chat-box_btn\radio_btn_up.dds"                              , "28"   , "28"    , "dds"
"ui\seraphim\game\construct-panel_vert\construct-panel_bmp_b.dds"             , "172"  , "12"    , "dds"
"ui\seraphim\game\construct-panel_vert\construct-panel_bmp_m.dds"             , "172"  , "8"     , "dds"
"ui\seraphim\game\construct-panel_vert\construct-panel_bmp_t.dds"             , "172"  , "64"    , "dds"
"ui\seraphim\game\construct-panel_vert\que-panel_bmp_b.dds"                   , "60"   , "8"     , "dds"
"ui\seraphim\game\construct-panel_vert\que-panel_bmp_m.dds"                   , "60"   , "8"     , "dds"
"ui\seraphim\game\construct-panel_vert\que-panel_bmp_t.dds"                   , "60"   , "8"     , "dds"
"ui\seraphim\game\construct-panel\construct-panel_bmp_l.dds"                  , "84"   , "140"   , "dds"
"ui\seraphim\game\construct-panel\construct-panel_bmp_m1.dds"                 , "8"    , "140"   , "dds"
"ui\seraphim\game\construct-panel\construct-panel_bmp_m2.dds"                 , "16"   , "140"   , "dds"
"ui\seraphim\game\construct-panel\construct-panel_bmp_m3.dds"                 , "8"    , "112"   , "dds"
"ui\seraphim\game\construct-panel\construct-panel_bmp_r.dds"                  , "16"   , "112"   , "dds"
"ui\seraphim\game\construct-panel\construct-panel_s_bmp_l.dds"                , "16"   , "112"   , "dds"
"ui\seraphim\game\construct-panel\construct-panel_s_bmp_m.dds"                , "8"    , "112"   , "dds"
"ui\seraphim\game\construct-panel\construct-panel_s_bmp_r.dds"                , "16"   , "112"   , "dds"
"ui\seraphim\game\construct-panel\que-panel_bmp_l.dds"                        , "12"   , "52"    , "dds"
"ui\seraphim\game\construct-panel\que-panel_bmp_m.dds"                        , "8"    , "52"    , "dds"
"ui\seraphim\game\construct-panel\que-panel_bmp_r.dds"                        , "12"   , "52"    , "dds"
"ui\seraphim\game\construct-sm_btn\back_off.dds"                              , "24"   , "52"    , "dds"
"ui\seraphim\game\construct-sm_btn\back_on.dds"                               , "24"   , "52"    , "dds"
"ui\seraphim\game\construct-sm_btn\fforward_off.dds"                          , "24"   , "52"    , "dds"
"ui\seraphim\game\construct-sm_btn\fforward_on.dds"                           , "24"   , "52"    , "dds"
"ui\seraphim\game\construct-sm_btn\forward_off.dds"                           , "24"   , "52"    , "dds"
"ui\seraphim\game\construct-sm_btn\forward_on.dds"                            , "24"   , "52"    , "dds"
"ui\seraphim\game\construct-sm_btn\infinite_off.dds"                          , "24"   , "52"    , "dds"
"ui\seraphim\game\construct-sm_btn\infinite_on.dds"                           , "24"   , "52"    , "dds"
"ui\seraphim\game\construct-sm_btn\left_btn_dis.dds"                          , "24"   , "52"    , "dds"
"ui\seraphim\game\construct-sm_btn\left_btn_over.dds"                         , "24"   , "52"    , "dds"
"ui\seraphim\game\construct-sm_btn\left_btn_up.dds"                           , "24"   , "52"    , "dds"
"ui\seraphim\game\construct-sm_btn\mid_btn_dis.dds"                           , "24"   , "52"    , "dds"
"ui\seraphim\game\construct-sm_btn\mid_btn_over.dds"                          , "24"   , "52"    , "dds"
"ui\seraphim\game\construct-sm_btn\mid_btn_selected.dds"                      , "24"   , "52"    , "dds"
"ui\seraphim\game\construct-sm_btn\mid_btn_up.dds"                            , "24"   , "52"    , "dds"
"ui\seraphim\game\construct-sm_btn\pause_off.dds"                             , "24"   , "52"    , "dds"
"ui\seraphim\game\construct-sm_btn\pause_on.dds"                              , "24"   , "52"    , "dds"
"ui\seraphim\game\construct-sm_btn\rewind_off.dds"                            , "24"   , "52"    , "dds"
"ui\seraphim\game\construct-sm_btn\rewind_on.dds"                             , "24"   , "52"    , "dds"
"ui\seraphim\game\construct-sm_btn\right_btn_dis.dds"                         , "24"   , "52"    , "dds"
"ui\seraphim\game\construct-sm_btn\right_btn_over.dds"                        , "24"   , "52"    , "dds"
"ui\seraphim\game\construct-sm_btn\right_btn_up.dds"                          , "24"   , "52"    , "dds"
"ui\seraphim\game\construct-sm_btn\template_off.dds"                          , "24"   , "52"    , "dds"
"ui\seraphim\game\construct-sm_btn\template_on.dds"                           , "24"   , "52"    , "dds"
"ui\seraphim\game\construct-sm_horiz_btn\infinite_off.dds"                    , "60"   , "28"    , "dds"
"ui\seraphim\game\construct-sm_horiz_btn\infinite_on.dds"                     , "60"   , "28"    , "dds"
"ui\seraphim\game\construct-sm_horiz_btn\pause_off.dds"                       , "60"   , "28"    , "dds"
"ui\seraphim\game\construct-sm_horiz_btn\pause_on.dds"                        , "60"   , "28"    , "dds"
"ui\seraphim\game\construct-sm_horiz_btn\que_btn_dis.dds"                     , "60"   , "28"    , "dds"
"ui\seraphim\game\construct-sm_horiz_btn\que_btn_over.dds"                    , "60"   , "28"    , "dds"
"ui\seraphim\game\construct-sm_horiz_btn\que_btn_selected.dds"                , "60"   , "28"    , "dds"
"ui\seraphim\game\construct-sm_horiz_btn\que_btn_up.dds"                      , "60"   , "28"    , "dds"
"ui\seraphim\game\construct-sm_horiz_btn\template_off.dds"                    , "60"   , "28"    , "dds"
"ui\seraphim\game\construct-sm_horiz_btn\template_on.dds"                     , "60"   , "28"    , "dds"
"ui\seraphim\game\construct-sm_nav_horiz_btn\bottom_btn_dis.dds"              , "60"   , "16"    , "dds"
"ui\seraphim\game\construct-sm_nav_horiz_btn\bottom_btn_over.dds"             , "60"   , "16"    , "dds"
"ui\seraphim\game\construct-sm_nav_horiz_btn\bottom_btn_up.dds"               , "60"   , "16"    , "dds"
"ui\seraphim\game\construct-sm_nav_horiz_btn\down_off.dds"                    , "60"   , "16"    , "dds"
"ui\seraphim\game\construct-sm_nav_horiz_btn\down_on.dds"                     , "60"   , "16"    , "dds"
"ui\seraphim\game\construct-sm_nav_horiz_btn\end_off.dds"                     , "60"   , "16"    , "dds"
"ui\seraphim\game\construct-sm_nav_horiz_btn\end_on.dds"                      , "60"   , "16"    , "dds"
"ui\seraphim\game\construct-sm_nav_horiz_btn\home_off.dds"                    , "60"   , "16"    , "dds"
"ui\seraphim\game\construct-sm_nav_horiz_btn\home_on.dds"                     , "60"   , "16"    , "dds"
"ui\seraphim\game\construct-sm_nav_horiz_btn\mid_btn_dis.dds"                 , "60"   , "16"    , "dds"
"ui\seraphim\game\construct-sm_nav_horiz_btn\mid_btn_over.dds"                , "60"   , "16"    , "dds"
"ui\seraphim\game\construct-sm_nav_horiz_btn\mid_btn_up.dds"                  , "60"   , "16"    , "dds"
"ui\seraphim\game\construct-sm_nav_horiz_btn\top_btn_dis.dds"                 , "60"   , "16"    , "dds"
"ui\seraphim\game\construct-sm_nav_horiz_btn\top_btn_over.dds"                , "60"   , "16"    , "dds"
"ui\seraphim\game\construct-sm_nav_horiz_btn\top_btn_up.dds"                  , "60"   , "16"    , "dds"
"ui\seraphim\game\construct-sm_nav_horiz_btn\up_off.dds"                      , "60"   , "16"    , "dds"
"ui\seraphim\game\construct-sm_nav_horiz_btn\up_on.dds"                       , "60"   , "16"    , "dds"
"ui\seraphim\game\construct-tab_btn\bot_tab_btn_dis_bmp.dds"                  , "76"   , "56"    , "dds"
"ui\seraphim\game\construct-tab_btn\bot_tab_btn_down_bmp.dds"                 , "76"   , "56"    , "dds"
"ui\seraphim\game\construct-tab_btn\bot_tab_btn_over_bmp.dds"                 , "76"   , "56"    , "dds"
"ui\seraphim\game\construct-tab_btn\bot_tab_btn_sel_bmp.dds"                  , "76"   , "56"    , "dds"
"ui\seraphim\game\construct-tab_btn\bot_tab_btn_up_bmp.dds"                   , "76"   , "56"    , "dds"
"ui\seraphim\game\construct-tab_btn\mid_tab_btn_dis_bmp.dds"                  , "76"   , "56"    , "dds"
"ui\seraphim\game\construct-tab_btn\mid_tab_btn_down_bmp.dds"                 , "76"   , "56"    , "dds"
"ui\seraphim\game\construct-tab_btn\mid_tab_btn_over_bmp.dds"                 , "76"   , "56"    , "dds"
"ui\seraphim\game\construct-tab_btn\mid_tab_btn_sel_bmp.dds"                  , "76"   , "56"    , "dds"
"ui\seraphim\game\construct-tab_btn\mid_tab_btn_up_bmp.dds"                   , "76"   , "56"    , "dds"
"ui\seraphim\game\construct-tab_btn\top_tab_btn_dis_bmp.dds"                  , "76"   , "56"    , "dds"
"ui\seraphim\game\construct-tab_btn\top_tab_btn_down_bmp.dds"                 , "76"   , "56"    , "dds"
"ui\seraphim\game\construct-tab_btn\top_tab_btn_over_bmp.dds"                 , "76"   , "56"    , "dds"
"ui\seraphim\game\construct-tab_btn\top_tab_btn_sel_bmp.dds"                  , "76"   , "56"    , "dds"
"ui\seraphim\game\construct-tab_btn\top_tab_btn_up_bmp.dds"                   , "76"   , "56"    , "dds"
"ui\seraphim\game\construct-tab_top_btn\bot_tab_btn_dis_bmp.dds"              , "60"   , "32"    , "dds"
"ui\seraphim\game\construct-tab_top_btn\bot_tab_btn_down_bmp.dds"             , "60"   , "32"    , "dds"
"ui\seraphim\game\construct-tab_top_btn\bot_tab_btn_over_bmp.dds"             , "60"   , "32"    , "dds"
"ui\seraphim\game\construct-tab_top_btn\bot_tab_btn_sel_bmp.dds"              , "60"   , "32"    , "dds"
"ui\seraphim\game\construct-tab_top_btn\bot_tab_btn_up_bmp.dds"               , "60"   , "32"    , "dds"
"ui\seraphim\game\construct-tab_top_btn\mid_tab_btn_dis_bmp.dds"              , "60"   , "32"    , "dds"
"ui\seraphim\game\construct-tab_top_btn\mid_tab_btn_down_bmp.dds"             , "60"   , "32"    , "dds"
"ui\seraphim\game\construct-tab_top_btn\mid_tab_btn_over_bmp.dds"             , "60"   , "32"    , "dds"
"ui\seraphim\game\construct-tab_top_btn\mid_tab_btn_sel_bmp.dds"              , "60"   , "32"    , "dds"
"ui\seraphim\game\construct-tab_top_btn\mid_tab_btn_up_bmp.dds"               , "60"   , "32"    , "dds"
"ui\seraphim\game\construct-tab_top_btn\top_tab_btn_dis_bmp.dds"              , "60"   , "32"    , "dds"
"ui\seraphim\game\construct-tab_top_btn\top_tab_btn_down_bmp.dds"             , "60"   , "32"    , "dds"
"ui\seraphim\game\construct-tab_top_btn\top_tab_btn_over_bmp.dds"             , "60"   , "32"    , "dds"
"ui\seraphim\game\construct-tab_top_btn\top_tab_btn_sel_bmp.dds"              , "60"   , "32"    , "dds"
"ui\seraphim\game\construct-tab_top_btn\top_tab_btn_up_bmp.dds"               , "60"   , "32"    , "dds"
"ui\seraphim\game\construct-tech_btn\left_upgrade_btn_dis.dds"                , "32"   , "32"    , "dds"
"ui\seraphim\game\construct-tech_btn\left_upgrade_btn_down.dds"               , "32"   , "32"    , "dds"
"ui\seraphim\game\construct-tech_btn\left_upgrade_btn_over.dds"               , "32"   , "32"    , "dds"
"ui\seraphim\game\construct-tech_btn\left_upgrade_btn_selected.dds"           , "32"   , "32"    , "dds"
"ui\seraphim\game\construct-tech_btn\left_upgrade_btn_up.dds"                 , "32"   , "32"    , "dds"
"ui\seraphim\game\construct-tech_btn\m_upgrade_btn_dis.dds"                   , "32"   , "32"    , "dds"
"ui\seraphim\game\construct-tech_btn\m_upgrade_btn_down.dds"                  , "32"   , "32"    , "dds"
"ui\seraphim\game\construct-tech_btn\m_upgrade_btn_over.dds"                  , "32"   , "32"    , "dds"
"ui\seraphim\game\construct-tech_btn\m_upgrade_btn_selected.dds"              , "32"   , "32"    , "dds"
"ui\seraphim\game\construct-tech_btn\m_upgrade_btn_up.dds"                    , "32"   , "32"    , "dds"
"ui\seraphim\game\construct-tech_btn\r_upgrade_btn_dis.dds"                   , "32"   , "32"    , "dds"
"ui\seraphim\game\construct-tech_btn\r_upgrade_btn_down.dds"                  , "32"   , "32"    , "dds"
"ui\seraphim\game\construct-tech_btn\r_upgrade_btn_over.dds"                  , "32"   , "32"    , "dds"
"ui\seraphim\game\construct-tech_btn\r_upgrade_btn_selected.dds"              , "32"   , "32"    , "dds"
"ui\seraphim\game\construct-tech_btn\r_upgrade_btn_up.dds"                    , "32"   , "32"    , "dds"
"ui\seraphim\game\construct-tech_btn\t1_btn_dis.dds"                          , "32"   , "32"    , "dds"
"ui\seraphim\game\construct-tech_btn\t1_btn_down.dds"                         , "32"   , "32"    , "dds"
"ui\seraphim\game\construct-tech_btn\t1_btn_over.dds"                         , "32"   , "32"    , "dds"
"ui\seraphim\game\construct-tech_btn\t1_btn_selected.dds"                     , "32"   , "32"    , "dds"
"ui\seraphim\game\construct-tech_btn\t1_btn_up.dds"                           , "32"   , "32"    , "dds"
"ui\seraphim\game\construct-tech_btn\t2_btn_dis.dds"                          , "32"   , "32"    , "dds"
"ui\seraphim\game\construct-tech_btn\t2_btn_down.dds"                         , "32"   , "32"    , "dds"
"ui\seraphim\game\construct-tech_btn\t2_btn_over.dds"                         , "32"   , "32"    , "dds"
"ui\seraphim\game\construct-tech_btn\t2_btn_selected.dds"                     , "32"   , "32"    , "dds"
"ui\seraphim\game\construct-tech_btn\t2_btn_up.dds"                           , "32"   , "32"    , "dds"
"ui\seraphim\game\construct-tech_btn\t3_btn_dis.dds"                          , "32"   , "32"    , "dds"
"ui\seraphim\game\construct-tech_btn\t3_btn_down.dds"                         , "32"   , "32"    , "dds"
"ui\seraphim\game\construct-tech_btn\t3_btn_over.dds"                         , "32"   , "32"    , "dds"
"ui\seraphim\game\construct-tech_btn\t3_btn_selected.dds"                     , "32"   , "32"    , "dds"
"ui\seraphim\game\construct-tech_btn\t3_btn_up.dds"                           , "32"   , "32"    , "dds"
"ui\seraphim\game\construct-tech_btn\t4_btn_dis.dds"                          , "32"   , "32"    , "dds"
"ui\seraphim\game\construct-tech_btn\t4_btn_down.dds"                         , "32"   , "32"    , "dds"
"ui\seraphim\game\construct-tech_btn\t4_btn_over.dds"                         , "32"   , "32"    , "dds"
"ui\seraphim\game\construct-tech_btn\t4_btn_selected.dds"                     , "32"   , "32"    , "dds"
"ui\seraphim\game\construct-tech_btn\t4_btn_up.dds"                           , "32"   , "32"    , "dds"
"ui\seraphim\game\construct-tech_btn\template_btn_dis.dds"                    , "32"   , "32"    , "dds"
"ui\seraphim\game\construct-tech_btn\template_btn_down.dds"                   , "32"   , "32"    , "dds"
"ui\seraphim\game\construct-tech_btn\template_btn_over.dds"                   , "32"   , "32"    , "dds"
"ui\seraphim\game\construct-tech_btn\template_btn_selected.dds"               , "32"   , "32"    , "dds"
"ui\seraphim\game\construct-tech_btn\template_btn_up.dds"                     , "32"   , "32"    , "dds"
"ui\seraphim\game\control-group-bracket\panel-control_bmp_b.dds"              , "68"   , "24"    , "dds"
"ui\seraphim\game\control-group-bracket\panel-control_bmp_m.dds"              , "60"   , "4"     , "dds"
"ui\seraphim\game\control-group-bracket\panel-control_bmp_t.dds"              , "68"   , "48"    , "dds"
"ui\seraphim\game\drag-handle\drag-handle-ll_btn_dis.dds"                     , "80"   , "96"    , "dds"
"ui\seraphim\game\drag-handle\drag-handle-ll_btn_down.dds"                    , "80"   , "96"    , "dds"
"ui\seraphim\game\drag-handle\drag-handle-ll_btn_over.dds"                    , "80"   , "96"    , "dds"
"ui\seraphim\game\drag-handle\drag-handle-ll_btn_up.dds"                      , "80"   , "96"    , "dds"
"ui\seraphim\game\drag-handle\drag-handle-lr_btn_dis.dds"                     , "80"   , "96"    , "dds"
"ui\seraphim\game\drag-handle\drag-handle-lr_btn_down.dds"                    , "80"   , "96"    , "dds"
"ui\seraphim\game\drag-handle\drag-handle-lr_btn_over.dds"                    , "80"   , "96"    , "dds"
"ui\seraphim\game\drag-handle\drag-handle-lr_btn_up.dds"                      , "80"   , "96"    , "dds"
"ui\seraphim\game\drag-handle\drag-handle-ul_btn_dis.dds"                     , "80"   , "96"    , "dds"
"ui\seraphim\game\drag-handle\drag-handle-ul_btn_down.dds"                    , "80"   , "96"    , "dds"
"ui\seraphim\game\drag-handle\drag-handle-ul_btn_over.dds"                    , "80"   , "96"    , "dds"
"ui\seraphim\game\drag-handle\drag-handle-ul_btn_up.dds"                      , "80"   , "96"    , "dds"
"ui\seraphim\game\drag-handle\drag-handle-ur_btn_dis.dds"                     , "80"   , "96"    , "dds"
"ui\seraphim\game\drag-handle\drag-handle-ur_btn_down.dds"                    , "80"   , "96"    , "dds"
"ui\seraphim\game\drag-handle\drag-handle-ur_btn_over.dds"                    , "80"   , "96"    , "dds"
"ui\seraphim\game\drag-handle\drag-handle-ur_btn_up.dds"                      , "80"   , "96"    , "dds"
"ui\seraphim\game\economic-overlay\econ_bmp_l.dds"                            , "24"   , "32"    , "dds"
"ui\seraphim\game\economic-overlay\econ_bmp_m.dds"                            , "4"    , "32"    , "dds"
"ui\seraphim\game\economic-overlay\econ_bmp_r.dds"                            , "12"   , "32"    , "dds"
"ui\seraphim\game\filter-ping-list-panel\energy-bar_bmp.dds"                  , "28"   , "16"    , "dds"
"ui\seraphim\game\filter-ping-list-panel\panel_bmp_b.dds"                     , "128"  , "24"    , "dds"
"ui\seraphim\game\filter-ping-list-panel\panel_bmp_m.dds"                     , "128"  , "8"     , "dds"
"ui\seraphim\game\filter-ping-list-panel\panel_bmp_t.dds"                     , "128"  , "24"    , "dds"
"ui\seraphim\game\filter-ping-list-panel\panel_brd_horz_um.dds"               , "8"    , "20"    , "dds"
"ui\seraphim\game\filter-ping-list-panel\panel_brd_ll.dds"                    , "24"   , "24"    , "dds"
"ui\seraphim\game\filter-ping-list-panel\panel_brd_lm.dds"                    , "8"    , "20"    , "dds"
"ui\seraphim\game\filter-ping-list-panel\panel_brd_lr.dds"                    , "24"   , "24"    , "dds"
"ui\seraphim\game\filter-ping-list-panel\panel_brd_m.dds"                     , "8"    , "8"     , "dds"
"ui\seraphim\game\filter-ping-list-panel\panel_brd_ul.dds"                    , "24"   , "24"    , "dds"
"ui\seraphim\game\filter-ping-list-panel\panel_brd_ur.dds"                    , "24"   , "24"    , "dds"
"ui\seraphim\game\filter-ping-list-panel\panel_brd_vert_l.dds"                , "24"   , "8"     , "dds"
"ui\seraphim\game\filter-ping-list-panel\panel_brd_vert_r.dds"                , "24"   , "8"     , "dds"
"ui\seraphim\game\filter-ping-panel\bracket-energy-l_bmp.dds"                 , "20"   , "72"    , "dds"
"ui\seraphim\game\filter-ping-panel\bracket-energy-r_bmp.dds"                 , "20"   , "72"    , "dds"
"ui\seraphim\game\filter-ping-panel\bracket-left_bmp.dds"                     , "28"   , "68"    , "dds"
"ui\seraphim\game\filter-ping-panel\filter-ping-panel02_bmp.dds"              , "180"  , "72"    , "dds"
"ui\seraphim\game\medium-btn\medium_btn_dis.dds"                              , "296"  , "72"    , "dds"
"ui\seraphim\game\medium-btn\medium_btn_down.dds"                             , "296"  , "72"    , "dds"
"ui\seraphim\game\medium-btn\medium_btn_glow.dds"                             , "296"  , "72"    , "dds"
"ui\seraphim\game\medium-btn\medium_btn_over.dds"                             , "296"  , "72"    , "dds"
"ui\seraphim\game\medium-btn\medium_btn_up.dds"                               , "296"  , "72"    , "dds"
"ui\seraphim\game\menu-btns\close_btn_dis.dds"                                , "24"   , "24"    , "dds"
"ui\seraphim\game\menu-btns\close_btn_down.dds"                               , "24"   , "24"    , "dds"
"ui\seraphim\game\menu-btns\close_btn_over.dds"                               , "24"   , "24"    , "dds"
"ui\seraphim\game\menu-btns\close_btn_up.dds"                                 , "24"   , "24"    , "dds"
"ui\seraphim\game\menu-btns\config_btn_dis.dds"                               , "24"   , "24"    , "dds"
"ui\seraphim\game\menu-btns\config_btn_down.dds"                              , "24"   , "24"    , "dds"
"ui\seraphim\game\menu-btns\config_btn_over.dds"                              , "24"   , "24"    , "dds"
"ui\seraphim\game\menu-btns\config_btn_up.dds"                                , "24"   , "24"    , "dds"
"ui\seraphim\game\menu-btns\default_btn_dis.dds"                              , "24"   , "24"    , "dds"
"ui\seraphim\game\menu-btns\default_btn_down.dds"                             , "24"   , "24"    , "dds"
"ui\seraphim\game\menu-btns\default_btn_over.dds"                             , "24"   , "24"    , "dds"
"ui\seraphim\game\menu-btns\default_btn_up.dds"                               , "24"   , "24"    , "dds"
"ui\seraphim\game\menu-btns\pin_btn_dis.dds"                                  , "24"   , "24"    , "dds"
"ui\seraphim\game\menu-btns\pin_btn_down.dds"                                 , "24"   , "24"    , "dds"
"ui\seraphim\game\menu-btns\pin_btn_over.dds"                                 , "24"   , "24"    , "dds"
"ui\seraphim\game\menu-btns\pin_btn_up.dds"                                   , "24"   , "24"    , "dds"
"ui\seraphim\game\menu-btns\pinned_btn_dis.dds"                               , "24"   , "24"    , "dds"
"ui\seraphim\game\menu-btns\pinned_btn_down.dds"                              , "24"   , "24"    , "dds"
"ui\seraphim\game\menu-btns\pinned_btn_over.dds"                              , "24"   , "24"    , "dds"
"ui\seraphim\game\menu-btns\pinned_btn_up.dds"                                , "24"   , "24"    , "dds"
"ui\seraphim\game\mfd_btn\control_btn_dis.dds"                                , "44"   , "32"    , "dds"
"ui\seraphim\game\mfd_btn\control_btn_down.dds"                               , "44"   , "32"    , "dds"
"ui\seraphim\game\mfd_btn\control_btn_over.dds"                               , "44"   , "32"    , "dds"
"ui\seraphim\game\mfd_btn\control_btn_up.dds"                                 , "44"   , "32"    , "dds"
"ui\seraphim\game\mfd_btn\defenses_btn_dis.dds"                               , "44"   , "32"    , "dds"
"ui\seraphim\game\mfd_btn\defenses_btn_down.dds"                              , "44"   , "32"    , "dds"
"ui\seraphim\game\mfd_btn\defenses_btn_over.dds"                              , "44"   , "32"    , "dds"
"ui\seraphim\game\mfd_btn\defenses_btn_up.dds"                                , "44"   , "32"    , "dds"
"ui\seraphim\game\mfd_btn\economy_btn_dis.dds"                                , "44"   , "32"    , "dds"
"ui\seraphim\game\mfd_btn\economy_btn_down.dds"                               , "44"   , "32"    , "dds"
"ui\seraphim\game\mfd_btn\economy_btn_over.dds"                               , "44"   , "32"    , "dds"
"ui\seraphim\game\mfd_btn\economy_btn_up.dds"                                 , "44"   , "32"    , "dds"
"ui\seraphim\game\mfd_btn\intelligence_btn_dis.dds"                           , "44"   , "32"    , "dds"
"ui\seraphim\game\mfd_btn\intelligence_btn_down.dds"                          , "44"   , "32"    , "dds"
"ui\seraphim\game\mfd_btn\intelligence_btn_over.dds"                          , "44"   , "32"    , "dds"
"ui\seraphim\game\mfd_btn\intelligence_btn_up.dds"                            , "44"   , "32"    , "dds"
"ui\seraphim\game\mfd_btn\military_btn_dis.dds"                               , "44"   , "32"    , "dds"
"ui\seraphim\game\mfd_btn\military_btn_down.dds"                              , "44"   , "32"    , "dds"
"ui\seraphim\game\mfd_btn\military_btn_over.dds"                              , "44"   , "32"    , "dds"
"ui\seraphim\game\mfd_btn\military_btn_up.dds"                                , "44"   , "32"    , "dds"
"ui\seraphim\game\mfd_btn\military-radar_btn_dis.dds"                         , "44"   , "32"    , "dds"
"ui\seraphim\game\mfd_btn\military-radar_btn_down.dds"                        , "44"   , "32"    , "dds"
"ui\seraphim\game\mfd_btn\military-radar_btn_over.dds"                        , "44"   , "32"    , "dds"
"ui\seraphim\game\mfd_btn\military-radar_btn_up.dds"                          , "44"   , "32"    , "dds"
"ui\seraphim\game\mfd_btn\ping_btn_dis.dds"                                   , "44"   , "32"    , "dds"
"ui\seraphim\game\mfd_btn\ping_btn_down.dds"                                  , "44"   , "32"    , "dds"
"ui\seraphim\game\mfd_btn\ping_btn_over.dds"                                  , "44"   , "32"    , "dds"
"ui\seraphim\game\mfd_btn\ping_btn_up.dds"                                    , "44"   , "32"    , "dds"
"ui\seraphim\game\mfd_btn\ping-alert_btn_dis.dds"                             , "44"   , "32"    , "dds"
"ui\seraphim\game\mfd_btn\ping-alert_btn_down.dds"                            , "44"   , "32"    , "dds"
"ui\seraphim\game\mfd_btn\ping-alert_btn_over.dds"                            , "44"   , "32"    , "dds"
"ui\seraphim\game\mfd_btn\ping-alert_btn_up.dds"                              , "44"   , "32"    , "dds"
"ui\seraphim\game\mfd_btn\ping-attack_btn_dis.dds"                            , "44"   , "32"    , "dds"
"ui\seraphim\game\mfd_btn\ping-attack_btn_down.dds"                           , "44"   , "32"    , "dds"
"ui\seraphim\game\mfd_btn\ping-attack_btn_over.dds"                           , "44"   , "32"    , "dds"
"ui\seraphim\game\mfd_btn\ping-attack_btn_up.dds"                             , "44"   , "32"    , "dds"
"ui\seraphim\game\mfd_btn\ping-marker_btn_dis.dds"                            , "44"   , "32"    , "dds"
"ui\seraphim\game\mfd_btn\ping-marker_btn_down.dds"                           , "44"   , "32"    , "dds"
"ui\seraphim\game\mfd_btn\ping-marker_btn_over.dds"                           , "44"   , "32"    , "dds"
"ui\seraphim\game\mfd_btn\ping-marker_btn_up.dds"                             , "44"   , "32"    , "dds"
"ui\seraphim\game\mfd_btn\ping-move_btn_dis.dds"                              , "44"   , "32"    , "dds"
"ui\seraphim\game\mfd_btn\ping-move_btn_down.dds"                             , "44"   , "32"    , "dds"
"ui\seraphim\game\mfd_btn\ping-move_btn_over.dds"                             , "44"   , "32"    , "dds"
"ui\seraphim\game\mfd_btn\ping-move_btn_up.dds"                               , "44"   , "32"    , "dds"
"ui\seraphim\game\mfd_btn\team-color_btn_dis.dds"                             , "44"   , "32"    , "dds"
"ui\seraphim\game\mfd_btn\team-color_btn_down.dds"                            , "44"   , "32"    , "dds"
"ui\seraphim\game\mfd_btn\team-color_btn_over.dds"                            , "44"   , "32"    , "dds"
"ui\seraphim\game\mfd_btn\team-color_btn_up.dds"                              , "44"   , "32"    , "dds"
"ui\seraphim\game\mini-map-brd\mini-map_brd_horz_um.dds"                      , "12"   , "36"    , "dds"
"ui\seraphim\game\mini-map-brd\mini-map_brd_ll.dds"                           , "12"   , "16"    , "dds"
"ui\seraphim\game\mini-map-brd\mini-map_brd_lm.dds"                           , "12"   , "16"    , "dds"
"ui\seraphim\game\mini-map-brd\mini-map_brd_lr.dds"                           , "16"   , "16"    , "dds"
"ui\seraphim\game\mini-map-brd\mini-map_brd_m.dds"                            , "12"   , "12"    , "dds"
"ui\seraphim\game\mini-map-brd\mini-map_brd_ul.dds"                           , "32"   , "36"    , "dds"
"ui\seraphim\game\mini-map-brd\mini-map_brd_ur.dds"                           , "36"   , "36"    , "dds"
"ui\seraphim\game\mini-map-brd\mini-map_brd_vert_l.dds"                       , "12"   , "12"    , "dds"
"ui\seraphim\game\mini-map-brd\mini-map_brd_vert_r.dds"                       , "16"   , "12"    , "dds"
"ui\seraphim\game\mini-map-brd\mini-map-glow_bmp.dds"                         , "204"  , "204"   , "dds"
"ui\seraphim\game\mini-map-glow-brd\mini-map-glow_brd_horz_um.dds"            , "8"    , "24"    , "dds"
"ui\seraphim\game\mini-map-glow-brd\mini-map-glow_brd_ll.dds"                 , "40"   , "40"    , "dds"
"ui\seraphim\game\mini-map-glow-brd\mini-map-glow_brd_lm.dds"                 , "8"    , "24"    , "dds"
"ui\seraphim\game\mini-map-glow-brd\mini-map-glow_brd_lr.dds"                 , "40"   , "40"    , "dds"
"ui\seraphim\game\mini-map-glow-brd\mini-map-glow_brd_ul.dds"                 , "40"   , "40"    , "dds"
"ui\seraphim\game\mini-map-glow-brd\mini-map-glow_brd_ur.dds"                 , "40"   , "40"    , "dds"
"ui\seraphim\game\mini-map-glow-brd\mini-map-glow_brd_vert_l.dds"             , "24"   , "8"     , "dds"
"ui\seraphim\game\mini-map-glow-brd\mini-map-glow_brd_vert_r.dds"             , "24"   , "8"     , "dds"
"ui\seraphim\game\objective-icons\panel-icon_bmp.dds"                         , "60"   , "68"    , "dds"
"ui\seraphim\game\options_tab\diplomacy_btn_dis.dds"                          , "56"   , "48"    , "dds"
"ui\seraphim\game\options_tab\diplomacy_btn_down.dds"                         , "56"   , "48"    , "dds"
"ui\seraphim\game\options_tab\diplomacy_btn_over.dds"                         , "56"   , "48"    , "dds"
"ui\seraphim\game\options_tab\diplomacy_btn_selected.dds"                     , "56"   , "48"    , "dds"
"ui\seraphim\game\options_tab\diplomacy_btn_up.dds"                           , "56"   , "48"    , "dds"
"ui\seraphim\game\options_tab\glow_bmp.dds"                                   , "56"   , "48"    , "dds"
"ui\seraphim\game\options_tab\menu_btn_dis.dds"                               , "56"   , "48"    , "dds"
"ui\seraphim\game\options_tab\menu_btn_down.dds"                              , "56"   , "48"    , "dds"
"ui\seraphim\game\options_tab\menu_btn_over.dds"                              , "56"   , "48"    , "dds"
"ui\seraphim\game\options_tab\menu_btn_selected.dds"                          , "56"   , "48"    , "dds"
"ui\seraphim\game\options_tab\menu_btn_up.dds"                                , "56"   , "48"    , "dds"
"ui\seraphim\game\options_tab\objectives_btn_dis.dds"                         , "56"   , "48"    , "dds"
"ui\seraphim\game\options_tab\objectives_btn_down.dds"                        , "56"   , "48"    , "dds"
"ui\seraphim\game\options_tab\objectives_btn_over.dds"                        , "56"   , "48"    , "dds"
"ui\seraphim\game\options_tab\objectives_btn_selected.dds"                    , "56"   , "48"    , "dds"
"ui\seraphim\game\options_tab\objectives_btn_up.dds"                          , "56"   , "48"    , "dds"
"ui\seraphim\game\options_tab\pause_btn_dis.dds"                              , "56"   , "48"    , "dds"
"ui\seraphim\game\options_tab\pause_btn_down.dds"                             , "56"   , "48"    , "dds"
"ui\seraphim\game\options_tab\pause_btn_over.dds"                             , "56"   , "48"    , "dds"
"ui\seraphim\game\options_tab\pause_btn_selected.dds"                         , "56"   , "48"    , "dds"
"ui\seraphim\game\options_tab\pause_btn_up.dds"                               , "56"   , "48"    , "dds"
"ui\seraphim\game\options_tab\play_btn_dis.dds"                               , "56"   , "48"    , "dds"
"ui\seraphim\game\options_tab\play_btn_down.dds"                              , "56"   , "48"    , "dds"
"ui\seraphim\game\options_tab\play_btn_over.dds"                              , "56"   , "48"    , "dds"
"ui\seraphim\game\options_tab\play_btn_selected.dds"                          , "56"   , "48"    , "dds"
"ui\seraphim\game\options_tab\play_btn_up.dds"                                , "56"   , "48"    , "dds"
"ui\seraphim\game\options-panel\options_brd_horz_lm.dds"                      , "4"    , "28"    , "dds"
"ui\seraphim\game\options-panel\options_brd_horz_um.dds"                      , "80"   , "36"    , "dds"
"ui\seraphim\game\options-panel\options_brd_horz_uml.dds"                     , "4"    , "28"    , "dds"
"ui\seraphim\game\options-panel\options_brd_horz_umr.dds"                     , "4"    , "28"    , "dds"
"ui\seraphim\game\options-panel\options_brd_ll.dds"                           , "44"   , "36"    , "dds"
"ui\seraphim\game\options-panel\options_brd_lr.dds"                           , "44"   , "36"    , "dds"
"ui\seraphim\game\options-panel\options_brd_m.dds"                            , "4"    , "8"     , "dds"
"ui\seraphim\game\options-panel\options_brd_ul.dds"                           , "44"   , "36"    , "dds"
"ui\seraphim\game\options-panel\options_brd_ur.dds"                           , "44"   , "36"    , "dds"
"ui\seraphim\game\options-panel\options_brd_vert_l.dds"                       , "36"   , "8"     , "dds"
"ui\seraphim\game\options-panel\options_brd_vert_ll.dds"                      , "40"   , "24"    , "dds"
"ui\seraphim\game\options-panel\options_brd_vert_lr.dds"                      , "40"   , "24"    , "dds"
"ui\seraphim\game\options-panel\options_brd_vert_r.dds"                       , "36"   , "8"     , "dds"
"ui\seraphim\game\options-panel\options_brd_vert_ul.dds"                      , "40"   , "24"    , "dds"
"ui\seraphim\game\options-panel\options_brd_vert_ur.dds"                      , "40"   , "24"    , "dds"
"ui\seraphim\game\orders-panel_vert\bracket_bmp.dds"                          , "32"   , "224"   , "dds"
"ui\seraphim\game\orders-panel_vert\order-panel_bmp.dds"                      , "188"  , "224"   , "dds"
"ui\seraphim\game\orders-panel\bracket_bmp.dds"                               , "32"   , "120"   , "dds"
"ui\seraphim\game\orders-panel\no-parking_bmp.dds"                            , "56"   , "56"    , "dds"
"ui\seraphim\game\orders-panel\order-panel_bmp.dds"                           , "332"  , "120"   , "dds"
"ui\seraphim\game\orders-panel\question-mark_bmp.dds"                         , "16"   , "24"    , "dds"
"ui\seraphim\game\panel\panel_brd_horz_um.dds"                                , "8"    , "28"    , "dds"
"ui\seraphim\game\panel\panel_brd_ll.dds"                                     , "28"   , "28"    , "dds"
"ui\seraphim\game\panel\panel_brd_lm.dds"                                     , "8"    , "28"    , "dds"
"ui\seraphim\game\panel\panel_brd_lr.dds"                                     , "28"   , "28"    , "dds"
"ui\seraphim\game\panel\panel_brd_m.dds"                                      , "8"    , "8"     , "dds"
"ui\seraphim\game\panel\panel_brd_ul.dds"                                     , "28"   , "28"    , "dds"
"ui\seraphim\game\panel\panel_brd_ur.dds"                                     , "28"   , "28"    , "dds"
"ui\seraphim\game\panel\panel_brd_vert_l.dds"                                 , "28"   , "8"     , "dds"
"ui\seraphim\game\panel\panel_brd_vert_r.dds"                                 , "28"   , "8"     , "dds"
"ui\seraphim\game\pause_btn\glow_bmp.dds"                                     , "56"   , "48"    , "dds"
"ui\seraphim\game\pause_btn\pause_btn_dis.dds"                                , "56"   , "48"    , "dds"
"ui\seraphim\game\pause_btn\pause_btn_down.dds"                               , "56"   , "48"    , "dds"
"ui\seraphim\game\pause_btn\pause_btn_over.dds"                               , "56"   , "48"    , "dds"
"ui\seraphim\game\pause_btn\pause_btn_up.dds"                                 , "56"   , "48"    , "dds"
"ui\seraphim\game\pause_btn\play_btn_dis.dds"                                 , "56"   , "48"    , "dds"
"ui\seraphim\game\pause_btn\play_btn_down.dds"                                , "56"   , "48"    , "dds"
"ui\seraphim\game\pause_btn\play_btn_over.dds"                                , "56"   , "48"    , "dds"
"ui\seraphim\game\pause_btn\play_btn_up.dds"                                  , "56"   , "48"    , "dds"
"ui\seraphim\game\pause-indicator\bottom.dds"                                 , "20"   , "20"    , "dds"
"ui\seraphim\game\pause-indicator\left.dds"                                   , "20"   , "20"    , "dds"
"ui\seraphim\game\pause-indicator\right.dds"                                  , "20"   , "20"    , "dds"
"ui\seraphim\game\pause-indicator\top.dds"                                    , "20"   , "20"    , "dds"
"ui\seraphim\game\pda-panel\bracket-right_bmp.dds"                            , "32"   , "156"   , "dds"
"ui\seraphim\game\pda-panel\panel-objectives_bmp_l.dds"                       , "20"   , "76"    , "dds"
"ui\seraphim\game\pda-panel\panel-objectives_bmp_m.dds"                       , "4"    , "72"    , "dds"
"ui\seraphim\game\pda-panel\panel-objectives_bmp_r.dds"                       , "24"   , "72"    , "dds"
"ui\seraphim\game\pda-panel\panel-ping_bmp_l.dds"                             , "20"   , "60"    , "dds"
"ui\seraphim\game\pda-panel\panel-ping_bmp_m.dds"                             , "4"    , "56"    , "dds"
"ui\seraphim\game\pda-panel\panel-ping_bmp_r.dds"                             , "24"   , "56"    , "dds"
"ui\seraphim\game\pda-panel\panel-time-units_bmp_l.dds"                       , "20"   , "28"    , "dds"
"ui\seraphim\game\pda-panel\panel-time-units_bmp_m.dds"                       , "4"    , "24"    , "dds"
"ui\seraphim\game\pda-panel\panel-time-units_bmp_r.dds"                       , "24"   , "24"    , "dds"
"ui\seraphim\game\pda-panel\title-bar_bmp.dds"                                , "136"  , "24"    , "dds"
"ui\seraphim\game\pda-panel\video-panel_bmp.dds"                              , "168"  , "164"   , "dds"
"ui\seraphim\game\ping-icons\panel-icon_bmp.dds"                              , "56"   , "56"    , "dds"
"ui\seraphim\game\ping-icons\panel-icon-ring_bmp.dds"                         , "56"   , "56"    , "dds"
"ui\seraphim\game\resource-panel\alert-caution_bmp.dds"                       , "48"   , "44"    , "dds"
"ui\seraphim\game\resource-panel\alert-energy-panel_bmp.dds"                  , "316"  , "32"    , "dds"
"ui\seraphim\game\resource-panel\alert-icon_bmp.dds"                          , "28"   , "36"    , "dds"
"ui\seraphim\game\resource-panel\alert-mass-panel_bmp.dds"                    , "316"  , "32"    , "dds"
"ui\seraphim\game\resource-panel\alert-no-parking_bmp.dds"                    , "52"   , "52"    , "dds"
"ui\seraphim\game\resource-panel\bracket-energy-l_bmp.dds"                    , "20"   , "72"    , "dds"
"ui\seraphim\game\resource-panel\bracket-energy-r_bmp.dds"                    , "20"   , "72"    , "dds"
"ui\seraphim\game\resource-panel\bracket-left_bmp.dds"                        , "32"   , "68"    , "dds"
"ui\seraphim\game\resource-panel\bracket-right_bmp.dds"                       , "32"   , "68"    , "dds"
"ui\seraphim\game\resource-panel\caution-energy-panel_bmp.dds"                , "316"  , "32"    , "dds"
"ui\seraphim\game\resource-panel\caution-mass-panel_bmp.dds"                  , "316"  , "32"    , "dds"
"ui\seraphim\game\resource-panel\resources_panel_bmp.dds"                     , "324"  , "72"    , "dds"
"ui\seraphim\game\score-panel\icon-square_bmp.dds"                            , "24"   , "24"    , "dds"
"ui\seraphim\game\score-panel\panel-score_bmp_b.dds"                          , "236"  , "20"    , "dds"
"ui\seraphim\game\score-panel\panel-score_bmp_m.dds"                          , "236"  , "4"     , "dds"
"ui\seraphim\game\score-panel\panel-score_bmp_t.dds"                          , "236"  , "44"    , "dds"
"ui\seraphim\game\tab-l-btn\tab-close_btn_dis.dds"                            , "20"   , "28"    , "dds"
"ui\seraphim\game\tab-l-btn\tab-close_btn_down.dds"                           , "20"   , "28"    , "dds"
"ui\seraphim\game\tab-l-btn\tab-close_btn_over.dds"                           , "20"   , "28"    , "dds"
"ui\seraphim\game\tab-l-btn\tab-close_btn_up.dds"                             , "20"   , "28"    , "dds"
"ui\seraphim\game\tab-l-btn\tab-open_btn_dis.dds"                             , "20"   , "28"    , "dds"
"ui\seraphim\game\tab-l-btn\tab-open_btn_down.dds"                            , "20"   , "28"    , "dds"
"ui\seraphim\game\tab-l-btn\tab-open_btn_over.dds"                            , "20"   , "28"    , "dds"
"ui\seraphim\game\tab-l-btn\tab-open_btn_up.dds"                              , "20"   , "28"    , "dds"
"ui\seraphim\game\tab-r-btn\tab-close_btn_dis.dds"                            , "20"   , "28"    , "dds"
"ui\seraphim\game\tab-r-btn\tab-close_btn_down.dds"                           , "20"   , "28"    , "dds"
"ui\seraphim\game\tab-r-btn\tab-close_btn_over.dds"                           , "20"   , "28"    , "dds"
"ui\seraphim\game\tab-r-btn\tab-close_btn_up.dds"                             , "20"   , "28"    , "dds"
"ui\seraphim\game\tab-r-btn\tab-open_btn_dis.dds"                             , "20"   , "28"    , "dds"
"ui\seraphim\game\tab-r-btn\tab-open_btn_down.dds"                            , "20"   , "28"    , "dds"
"ui\seraphim\game\tab-r-btn\tab-open_btn_over.dds"                            , "20"   , "28"    , "dds"
"ui\seraphim\game\tab-r-btn\tab-open_btn_up.dds"                              , "20"   , "28"    , "dds"
"ui\seraphim\game\tab-t-btn\tab-close_btn_dis.dds"                            , "28"   , "20"    , "dds"
"ui\seraphim\game\tab-t-btn\tab-close_btn_down.dds"                           , "28"   , "20"    , "dds"
"ui\seraphim\game\tab-t-btn\tab-close_btn_over.dds"                           , "28"   , "20"    , "dds"
"ui\seraphim\game\tab-t-btn\tab-close_btn_up.dds"                             , "28"   , "20"    , "dds"
"ui\seraphim\game\tab-t-btn\tab-open_btn_dis.dds"                             , "28"   , "20"    , "dds"
"ui\seraphim\game\tab-t-btn\tab-open_btn_down.dds"                            , "28"   , "20"    , "dds"
"ui\seraphim\game\tab-t-btn\tab-open_btn_over.dds"                            , "28"   , "20"    , "dds"
"ui\seraphim\game\tab-t-btn\tab-open_btn_up.dds"                              , "28"   , "20"    , "dds"
"ui\seraphim\game\temp_textures\checkmark_dark.dds"                           , "16"   , "16"    , "dds"
"ui\seraphim\game\temp_textures\checkmark.dds"                                , "16"   , "16"    , "dds"
"ui\seraphim\game\temp_textures\combo_sel.dds"                                , "20"   , "20"    , "dds"
"ui\seraphim\game\temp_textures\combo_up.dds"                                 , "20"   , "20"    , "dds"
"ui\seraphim\game\transmission\title-bar_bmp.dds"                             , "192"  , "20"    , "dds"
"ui\seraphim\game\transmission\video-brackets.dds"                            , "224"  , "216"   , "dds"
"ui\seraphim\game\transmission\video-panel_bmp.dds"                           , "232"  , "216"   , "dds"
"ui\seraphim\game\transmission\video-panel.dds"                               , "208"  , "208"   , "dds"
"ui\seraphim\game\unit-build-over-panel\bracket-build_bmp.dds"                , "28"   , "116"   , "dds"
"ui\seraphim\game\unit-build-over-panel\bracket-unit_bmp.dds"                 , "28"   , "116"   , "dds"
"ui\seraphim\game\unit-build-over-panel\build-over-back_bmp.dds"              , "332"  , "116"   , "dds"
"ui\seraphim\game\unit-build-over-panel\fuelbar.dds"                          , "188"  , "4"     , "dds"
"ui\seraphim\game\unit-build-over-panel\healthbar_bg.dds"                     , "188"  , "20"    , "dds"
"ui\seraphim\game\unit-build-over-panel\healthbar_green.dds"                  , "192"  , "24"    , "dds"
"ui\seraphim\game\unit-build-over-panel\healthbar_red.dds"                    , "192"  , "24"    , "dds"
"ui\seraphim\game\unit-build-over-panel\healthbar_yellow.dds"                 , "192"  , "24"    , "dds"
"ui\seraphim\game\unit-build-over-panel\shieldbar.dds"                        , "188"  , "4"     , "dds"
"ui\seraphim\game\unit-build-over-panel\unit-over-back_bmp.dds"               , "332"  , "116"   , "dds"
"ui\seraphim\small-vert_scroll\arrow-down_scr_dis.dds"                        , "36"   , "28"    , "dds"
"ui\seraphim\small-vert_scroll\arrow-down_scr_down.dds"                       , "36"   , "28"    , "dds"
"ui\seraphim\small-vert_scroll\arrow-down_scr_over.dds"                       , "36"   , "28"    , "dds"
"ui\seraphim\small-vert_scroll\arrow-down_scr_up.dds"                         , "36"   , "28"    , "dds"
"ui\seraphim\small-vert_scroll\arrow-up_scr_dis.dds"                          , "36"   , "28"    , "dds"
"ui\seraphim\small-vert_scroll\arrow-up_scr_down.dds"                         , "36"   , "28"    , "dds"
"ui\seraphim\small-vert_scroll\arrow-up_scr_over.dds"                         , "36"   , "28"    , "dds"
"ui\seraphim\small-vert_scroll\arrow-up_scr_up.dds"                           , "36"   , "28"    , "dds"
"ui\seraphim\small-vert_scroll\back_scr_bot.dds"                              , "28"   , "12"    , "dds"
"ui\seraphim\small-vert_scroll\back_scr_mid.dds"                              , "36"   , "8"     , "dds"
"ui\seraphim\small-vert_scroll\back_scr_top.dds"                              , "28"   , "12"    , "dds"
"ui\seraphim\small-vert_scroll\bar-bot_scr_dis.dds"                           , "36"   , "8"     , "dds"
"ui\seraphim\small-vert_scroll\bar-bot_scr_down.dds"                          , "20"   , "8"     , "dds"
"ui\seraphim\small-vert_scroll\bar-bot_scr_over.dds"                          , "36"   , "8"     , "dds"
"ui\seraphim\small-vert_scroll\bar-bot_scr_up.dds"                            , "36"   , "8"     , "dds"
"ui\seraphim\small-vert_scroll\bar-mid_scr_dis.dds"                           , "36"   , "8"     , "dds"
"ui\seraphim\small-vert_scroll\bar-mid_scr_down.dds"                          , "20"   , "8"     , "dds"
"ui\seraphim\small-vert_scroll\bar-mid_scr_over.dds"                          , "36"   , "8"     , "dds"
"ui\seraphim\small-vert_scroll\bar-mid_scr_up.dds"                            , "36"   , "8"     , "dds"
"ui\seraphim\small-vert_scroll\bar-top_scr_dis.dds"                           , "36"   , "8"     , "dds"
"ui\seraphim\small-vert_scroll\bar-top_scr_down.dds"                          , "20"   , "8"     , "dds"
"ui\seraphim\small-vert_scroll\bar-top_scr_over.dds"                          , "36"   , "8"     , "dds"
"ui\seraphim\small-vert_scroll\bar-top_scr_up.dds"                            , "36"   , "8"     , "dds"
"ui\seraphim\widgets02\small_btn_dis.dds"                                     , "148"  , "36"    , "dds"
"ui\seraphim\widgets02\small_btn_down.dds"                                    , "148"  , "36"    , "dds"
"ui\seraphim\widgets02\small_btn_over.dds"                                    , "148"  , "36"    , "dds"
"ui\seraphim\widgets02\small_btn_up.dds"                                      , "148"  , "36"    , "dds"
"ui\uef\dialogs\menu-btns\close_btn_dis.dds"                                  , "24"   , "24"    , "dds"
"ui\uef\dialogs\menu-btns\close_btn_down.dds"                                 , "24"   , "24"    , "dds"
"ui\uef\dialogs\menu-btns\close_btn_over.dds"                                 , "24"   , "24"    , "dds"
"ui\uef\dialogs\menu-btns\close_btn_up.dds"                                   , "24"   , "24"    , "dds"
"ui\uef\dialogs\menu-btns\config_btn_dis.dds"                                 , "24"   , "24"    , "dds"
"ui\uef\dialogs\menu-btns\config_btn_down.dds"                                , "24"   , "24"    , "dds"
"ui\uef\dialogs\menu-btns\config_btn_over.dds"                                , "24"   , "24"    , "dds"
"ui\uef\dialogs\menu-btns\config_btn_up.dds"                                  , "24"   , "24"    , "dds"
"ui\uef\dialogs\menu-btns\default_btn_dis.dds"                                , "24"   , "24"    , "dds"
"ui\uef\dialogs\menu-btns\default_btn_down.dds"                               , "24"   , "24"    , "dds"
"ui\uef\dialogs\menu-btns\default_btn_over.dds"                               , "24"   , "24"    , "dds"
"ui\uef\dialogs\menu-btns\default_btn_up.dds"                                 , "24"   , "24"    , "dds"
"ui\uef\dialogs\menu-btns\pin_btn_dis.dds"                                    , "24"   , "24"    , "dds"
"ui\uef\dialogs\menu-btns\pin_btn_down.dds"                                   , "24"   , "24"    , "dds"
"ui\uef\dialogs\menu-btns\pin_btn_over.dds"                                   , "24"   , "24"    , "dds"
"ui\uef\dialogs\menu-btns\pin_btn_up.dds"                                     , "24"   , "24"    , "dds"
"ui\uef\dialogs\menu-btns\pinned_btn_dis.dds"                                 , "24"   , "24"    , "dds"
"ui\uef\dialogs\menu-btns\pinned_btn_down.dds"                                , "24"   , "24"    , "dds"
"ui\uef\dialogs\menu-btns\pinned_btn_over.dds"                                , "24"   , "24"    , "dds"
"ui\uef\dialogs\menu-btns\pinned_btn_up.dds"                                  , "24"   , "24"    , "dds"
"ui\uef\game\ability_brd\chat_brd_horz_um.dds"                                , "20"   , "20"    , "dds"
"ui\uef\game\ability_brd\chat_brd_ll.dds"                                     , "20"   , "20"    , "dds"
"ui\uef\game\ability_brd\chat_brd_lm.dds"                                     , "20"   , "20"    , "dds"
"ui\uef\game\ability_brd\chat_brd_lr.dds"                                     , "20"   , "20"    , "dds"
"ui\uef\game\ability_brd\chat_brd_m.dds"                                      , "20"   , "20"    , "dds"
"ui\uef\game\ability_brd\chat_brd_ul.dds"                                     , "20"   , "20"    , "dds"
"ui\uef\game\ability_brd\chat_brd_ur.dds"                                     , "20"   , "20"    , "dds"
"ui\uef\game\ability_brd\chat_brd_vert_l.dds"                                 , "20"   , "20"    , "dds"
"ui\uef\game\ability_brd\chat_brd_vert_r.dds"                                 , "20"   , "20"    , "dds"
"ui\uef\game\avatar-arrow_btn\tab-close_btn_dis.dds"                          , "12"   , "32"    , "dds"
"ui\uef\game\avatar-arrow_btn\tab-close_btn_down.dds"                         , "12"   , "32"    , "dds"
"ui\uef\game\avatar-arrow_btn\tab-close_btn_over.dds"                         , "12"   , "32"    , "dds"
"ui\uef\game\avatar-arrow_btn\tab-close_btn_up.dds"                           , "12"   , "32"    , "dds"
"ui\uef\game\avatar-arrow_btn\tab-open_btn_dis.dds"                           , "12"   , "32"    , "dds"
"ui\uef\game\avatar-arrow_btn\tab-open_btn_down.dds"                          , "12"   , "32"    , "dds"
"ui\uef\game\avatar-arrow_btn\tab-open_btn_over.dds"                          , "12"   , "32"    , "dds"
"ui\uef\game\avatar-arrow_btn\tab-open_btn_up.dds"                            , "12"   , "32"    , "dds"
"ui\uef\game\avatar-engineers-panel\bracket_bmp.dds"                          , "28"   , "48"    , "dds"
"ui\uef\game\avatar-engineers-panel\panel_bmp.dds"                            , "108"  , "188"   , "dds"
"ui\uef\game\avatar-engineers-panel\panel-eng_bmp_b.dds"                      , "88"   , "12"    , "dds"
"ui\uef\game\avatar-engineers-panel\panel-eng_bmp_m.dds"                      , "88"   , "44"    , "dds"
"ui\uef\game\avatar-engineers-panel\panel-eng_bmp_t.dds"                      , "88"   , "12"    , "dds"
"ui\uef\game\avatar-engineers-panel\tech-1_bmp.dds"                           , "28"   , "28"    , "dds"
"ui\uef\game\avatar-engineers-panel\tech-2_bmp.dds"                           , "28"   , "28"    , "dds"
"ui\uef\game\avatar-engineers-panel\tech-3_bmp.dds"                           , "28"   , "28"    , "dds"
"ui\uef\game\avatar-factory-panel\avatar-s-e-f_bmp.dds"                       , "52"   , "52"    , "dds"
"ui\uef\game\avatar-factory-panel\bracket_bmp.dds"                            , "28"   , "48"    , "dds"
"ui\uef\game\avatar-factory-panel\factory-panel_bmp.dds"                      , "184"  , "160"   , "dds"
"ui\uef\game\avatar-factory-panel\factory-panel_brd_horz_um.dds"              , "44"   , "12"    , "dds"
"ui\uef\game\avatar-factory-panel\factory-panel_brd_ll.dds"                   , "36"   , "52"    , "dds"
"ui\uef\game\avatar-factory-panel\factory-panel_brd_lm.dds"                   , "44"   , "48"    , "dds"
"ui\uef\game\avatar-factory-panel\factory-panel_brd_lr.dds"                   , "60"   , "52"    , "dds"
"ui\uef\game\avatar-factory-panel\factory-panel_brd_ul copy.dds"              , "36"   , "16"    , "dds"
"ui\uef\game\avatar-factory-panel\factory-panel_brd_ul.dds"                   , "36"   , "16"    , "dds"
"ui\uef\game\avatar-factory-panel\factory-panel_brd_ur.dds"                   , "60"   , "16"    , "dds"
"ui\uef\game\avatar-factory-panel\factory-panel_brd_vert_l.dds"               , "36"   , "44"    , "dds"
"ui\uef\game\avatar-factory-panel\factory-panel_brd_vert_r.dds"               , "60"   , "44"    , "dds"
"ui\uef\game\avatar-factory-panel\panel_bmp.dds"                              , "200"  , "152"   , "dds"
"ui\uef\game\avatar-factory-panel\strat-icon-air_bmp.dds"                     , "8"    , "8"     , "dds"
"ui\uef\game\avatar-factory-panel\strat-icon-land_bmp.dds"                    , "8"    , "8"     , "dds"
"ui\uef\game\avatar-factory-panel\strat-icon-sea_bmp.dds"                     , "8"    , "8"     , "dds"
"ui\uef\game\avatar-factory-panel\tech-1_bmp.dds"                             , "28"   , "28"    , "dds"
"ui\uef\game\avatar-factory-panel\tech-2_bmp.dds"                             , "28"   , "28"    , "dds"
"ui\uef\game\avatar-factory-panel\tech-3_bmp.dds"                             , "28"   , "28"    , "dds"
"ui\uef\game\avatar\avatar_bmp.dds"                                           , "64"   , "68"    , "dds"
"ui\uef\game\avatar\avatar-control-group_bmp.dds"                             , "48"   , "36"    , "dds"
"ui\uef\game\avatar\avatar-s-e-f_bmp.dds"                                     , "56"   , "52"    , "dds"
"ui\uef\game\avatar\health-bar-back_bmp.dds"                                  , "52"   , "16"    , "dds"
"ui\uef\game\avatar\health-bar.dds"                                           , "40"   , "8"     , "dds"
"ui\uef\game\avatar\pulse-bars_bmp.dds"                                       , "64"   , "64"    , "dds"
"ui\uef\game\bracket-left-energy\bracket_bmp_b.dds"                           , "20"   , "16"    , "dds"
"ui\uef\game\bracket-left-energy\bracket_bmp_m.dds"                           , "12"   , "4"     , "dds"
"ui\uef\game\bracket-left-energy\bracket_bmp_t.dds"                           , "20"   , "20"    , "dds"
"ui\uef\game\bracket-left-energy\bracket_bmp.dds"                             , "20"   , "68"    , "dds"
"ui\uef\game\bracket-left\bracket_bmp_b.dds"                                  , "32"   , "28"    , "dds"
"ui\uef\game\bracket-left\bracket_bmp_m.dds"                                  , "16"   , "4"     , "dds"
"ui\uef\game\bracket-left\bracket_bmp_t.dds"                                  , "32"   , "68"    , "dds"
"ui\uef\game\bracket-left\bracket_bmp.dds"                                    , "32"   , "120"   , "dds"
"ui\uef\game\bracket-min-small\bracket-sm-left_bmp.dds"                       , "24"   , "80"    , "dds"
"ui\uef\game\bracket-min-small\bracket-sm-right_bmp.dds"                      , "24"   , "80"    , "dds"
"ui\uef\game\bracket-right-energy\bracket_bmp_b.dds"                          , "20"   , "16"    , "dds"
"ui\uef\game\bracket-right-energy\bracket_bmp_m.dds"                          , "12"   , "4"     , "dds"
"ui\uef\game\bracket-right-energy\bracket_bmp_t.dds"                          , "20"   , "20"    , "dds"
"ui\uef\game\bracket-right-energy\bracket_bmp.dds"                            , "20"   , "68"    , "dds"
"ui\uef\game\bracket-right\bracket_bmp_b.dds"                                 , "32"   , "28"    , "dds"
"ui\uef\game\bracket-right\bracket_bmp_m.dds"                                 , "16"   , "4"     , "dds"
"ui\uef\game\bracket-right\bracket_bmp_t.dds"                                 , "32"   , "68"    , "dds"
"ui\uef\game\bracket-right\bracket_bmp.dds"                                   , "32"   , "120"   , "dds"
"ui\uef\game\c-q-e-panel\arrow_bmp.dds"                                       , "28"   , "16"    , "dds"
"ui\uef\game\c-q-e-panel\arrow_vert_bmp.dds"                                  , "16"   , "24"    , "dds"
"ui\uef\game\c-q-e-panel\c-icon-group-b_bmp_l.dds"                            , "24"   , "52"    , "dds"
"ui\uef\game\c-q-e-panel\c-icon-group-b_bmp_m.dds"                            , "8"    , "52"    , "dds"
"ui\uef\game\c-q-e-panel\c-icon-group-b_bmp_r.dds"                            , "24"   , "52"    , "dds"
"ui\uef\game\c-q-e-panel\c-icon-group-e_bmp_l.dds"                            , "24"   , "52"    , "dds"
"ui\uef\game\c-q-e-panel\c-icon-group-e_bmp_m.dds"                            , "8"    , "52"    , "dds"
"ui\uef\game\c-q-e-panel\c-icon-group-e_bmp_r.dds"                            , "24"   , "52"    , "dds"
"ui\uef\game\c-q-e-panel\c-icon-group-g_bmp_l.dds"                            , "24"   , "52"    , "dds"
"ui\uef\game\c-q-e-panel\c-icon-group-g_bmp_m.dds"                            , "8"    , "52"    , "dds"
"ui\uef\game\c-q-e-panel\c-icon-group-g_bmp_r.dds"                            , "24"   , "52"    , "dds"
"ui\uef\game\c-q-e-panel\c-icon-group-o_bmp_l.dds"                            , "24"   , "52"    , "dds"
"ui\uef\game\c-q-e-panel\c-icon-group-o_bmp_m.dds"                            , "8"    , "52"    , "dds"
"ui\uef\game\c-q-e-panel\c-icon-group-o_bmp_r.dds"                            , "24"   , "52"    , "dds"
"ui\uef\game\c-q-e-panel\c-icon-group-p_bmp_l.dds"                            , "24"   , "52"    , "dds"
"ui\uef\game\c-q-e-panel\c-icon-group-p_bmp_m.dds"                            , "8"    , "52"    , "dds"
"ui\uef\game\c-q-e-panel\c-icon-group-p_bmp_r.dds"                            , "24"   , "52"    , "dds"
"ui\uef\game\c-q-e-panel\c-icon-group-r_bmp_l.dds"                            , "24"   , "52"    , "dds"
"ui\uef\game\c-q-e-panel\c-icon-group-r_bmp_m.dds"                            , "8"    , "52"    , "dds"
"ui\uef\game\c-q-e-panel\c-icon-group-r_bmp_r.dds"                            , "24"   , "52"    , "dds"
"ui\uef\game\c-q-e-panel\construct-panel_bmp_l.dds"                           , "84"   , "60"    , "dds"
"ui\uef\game\c-q-e-panel\construct-panel_bmp_m.dds"                           , "8"    , "60"    , "dds"
"ui\uef\game\c-q-e-panel\construct-panel_bmp_r.dds"                           , "16"   , "60"    , "dds"
"ui\uef\game\c-q-e-panel\divider_bmp.dds"                                     , "12"   , "56"    , "dds"
"ui\uef\game\c-q-e-panel\divider_horizontal_bmp.dds"                          , "64"   , "12"    , "dds"
"ui\uef\game\c-q-e-panel\divider_horz_bmp.dds"                                , "52"   , "8"     , "dds"
"ui\uef\game\c-q-e-panel\e-icon-group_bmp_l.dds"                              , "24"   , "44"    , "dds"
"ui\uef\game\c-q-e-panel\e-icon-group_bmp_m.dds"                              , "8"    , "44"    , "dds"
"ui\uef\game\c-q-e-panel\e-icon-group_bmp_r.dds"                              , "24"   , "44"    , "dds"
"ui\uef\game\c-q-e-panel\enhance-panel_bmp_l.dds"                             , "60"   , "60"    , "dds"
"ui\uef\game\c-q-e-panel\enhance-panel_bmp_m.dds"                             , "8"    , "60"    , "dds"
"ui\uef\game\c-q-e-panel\enhance-panel_bmp_r.dds"                             , "16"   , "60"    , "dds"
"ui\uef\game\c-q-e-panel\icon-group_bmp.dds"                                  , "52"   , "52"    , "dds"
"ui\uef\game\c-q-e-panel\que-panel_bmp_l.dds"                                 , "104"  , "60"    , "dds"
"ui\uef\game\c-q-e-panel\que-panel_bmp_m.dds"                                 , "8"    , "60"    , "dds"
"ui\uef\game\c-q-e-panel\que-panel_bmp_r.dds"                                 , "16"   , "60"    , "dds"
"ui\uef\game\camera-btn\pinned_btn_dis.dds"                                   , "24"   , "24"    , "dds"
"ui\uef\game\camera-btn\pinned_btn_down.dds"                                  , "24"   , "24"    , "dds"
"ui\uef\game\camera-btn\pinned_btn_over.dds"                                  , "24"   , "24"    , "dds"
"ui\uef\game\camera-btn\pinned_btn_up.dds"                                    , "24"   , "24"    , "dds"
"ui\uef\game\chat_brd\chat_brd_horz_um.dds"                                   , "8"    , "48"    , "dds"
"ui\uef\game\chat_brd\chat_brd_ll.dds"                                        , "44"   , "48"    , "dds"
"ui\uef\game\chat_brd\chat_brd_lm.dds"                                        , "8"    , "48"    , "dds"
"ui\uef\game\chat_brd\chat_brd_lr.dds"                                        , "44"   , "48"    , "dds"
"ui\uef\game\chat_brd\chat_brd_m.dds"                                         , "8"    , "8"     , "dds"
"ui\uef\game\chat_brd\chat_brd_ul.dds"                                        , "44"   , "48"    , "dds"
"ui\uef\game\chat_brd\chat_brd_ur.dds"                                        , "44"   , "48"    , "dds"
"ui\uef\game\chat_brd\chat_brd_vert_l.dds"                                    , "44"   , "8"     , "dds"
"ui\uef\game\chat_brd\chat_brd_vert_r.dds"                                    , "44"   , "8"     , "dds"
"ui\uef\game\chat_brd\drop-box_brd_horz_um.dds"                               , "8"    , "16"    , "dds"
"ui\uef\game\chat_brd\drop-box_brd_ll.dds"                                    , "16"   , "12"    , "dds"
"ui\uef\game\chat_brd\drop-box_brd_lm.dds"                                    , "8"    , "12"    , "dds"
"ui\uef\game\chat_brd\drop-box_brd_lr.dds"                                    , "16"   , "12"    , "dds"
"ui\uef\game\chat_brd\drop-box_brd_m.dds"                                     , "8"    , "8"     , "dds"
"ui\uef\game\chat_brd\drop-box_brd_ul.dds"                                    , "16"   , "16"    , "dds"
"ui\uef\game\chat_brd\drop-box_brd_ur.dds"                                    , "16"   , "16"    , "dds"
"ui\uef\game\chat_brd\drop-box_brd_vert_l.dds"                                , "16"   , "8"     , "dds"
"ui\uef\game\chat_brd\drop-box_brd_vert_r.dds"                                , "16"   , "8"     , "dds"
"ui\uef\game\chat-box_btn\radio_btn_dis.dds"                                  , "28"   , "28"    , "dds"
"ui\uef\game\chat-box_btn\radio_btn_down.dds"                                 , "28"   , "28"    , "dds"
"ui\uef\game\chat-box_btn\radio_btn_over.dds"                                 , "28"   , "28"    , "dds"
"ui\uef\game\chat-box_btn\radio_btn_up.dds"                                   , "28"   , "28"    , "dds"
"ui\uef\game\construct-panel_vert\construct-panel_bmp_b.dds"                  , "172"  , "12"    , "dds"
"ui\uef\game\construct-panel_vert\construct-panel_bmp_m.dds"                  , "172"  , "8"     , "dds"
"ui\uef\game\construct-panel_vert\construct-panel_bmp_t.dds"                  , "172"  , "64"    , "dds"
"ui\uef\game\construct-panel_vert\que-panel_bmp_b.dds"                        , "60"   , "8"     , "dds"
"ui\uef\game\construct-panel_vert\que-panel_bmp_m.dds"                        , "60"   , "8"     , "dds"
"ui\uef\game\construct-panel_vert\que-panel_bmp_t.dds"                        , "60"   , "8"     , "dds"
"ui\uef\game\construct-panel\construct-panel_bmp_l.dds"                       , "84"   , "140"   , "dds"
"ui\uef\game\construct-panel\construct-panel_bmp_m1.dds"                      , "8"    , "140"   , "dds"
"ui\uef\game\construct-panel\construct-panel_bmp_m2.dds"                      , "16"   , "140"   , "dds"
"ui\uef\game\construct-panel\construct-panel_bmp_m3.dds"                      , "8"    , "112"   , "dds"
"ui\uef\game\construct-panel\construct-panel_bmp_r.dds"                       , "16"   , "112"   , "dds"
"ui\uef\game\construct-panel\construct-panel_s_bmp_l.dds"                     , "16"   , "112"   , "dds"
"ui\uef\game\construct-panel\construct-panel_s_bmp_m.dds"                     , "8"    , "112"   , "dds"
"ui\uef\game\construct-panel\construct-panel_s_bmp_r.dds"                     , "16"   , "112"   , "dds"
"ui\uef\game\construct-panel\que-panel_bmp_l.dds"                             , "12"   , "52"    , "dds"
"ui\uef\game\construct-panel\que-panel_bmp_m.dds"                             , "8"    , "52"    , "dds"
"ui\uef\game\construct-panel\que-panel_bmp_r.dds"                             , "12"   , "52"    , "dds"
"ui\uef\game\construct-sm_btn\back_off.dds"                                   , "24"   , "52"    , "dds"
"ui\uef\game\construct-sm_btn\back_on.dds"                                    , "24"   , "52"    , "dds"
"ui\uef\game\construct-sm_btn\fforward_off.dds"                               , "24"   , "52"    , "dds"
"ui\uef\game\construct-sm_btn\fforward_on.dds"                                , "24"   , "52"    , "dds"
"ui\uef\game\construct-sm_btn\forward_off.dds"                                , "24"   , "52"    , "dds"
"ui\uef\game\construct-sm_btn\forward_on.dds"                                 , "24"   , "52"    , "dds"
"ui\uef\game\construct-sm_btn\infinite_off.dds"                               , "24"   , "52"    , "dds"
"ui\uef\game\construct-sm_btn\infinite_on.dds"                                , "24"   , "52"    , "dds"
"ui\uef\game\construct-sm_btn\left_btn_dis.dds"                               , "24"   , "52"    , "dds"
"ui\uef\game\construct-sm_btn\left_btn_over.dds"                              , "24"   , "52"    , "dds"
"ui\uef\game\construct-sm_btn\left_btn_up.dds"                                , "24"   , "52"    , "dds"
"ui\uef\game\construct-sm_btn\mid_btn_dis.dds"                                , "24"   , "52"    , "dds"
"ui\uef\game\construct-sm_btn\mid_btn_over.dds"                               , "24"   , "52"    , "dds"
"ui\uef\game\construct-sm_btn\mid_btn_selected.dds"                           , "24"   , "52"    , "dds"
"ui\uef\game\construct-sm_btn\mid_btn_up.dds"                                 , "24"   , "52"    , "dds"
"ui\uef\game\construct-sm_btn\pause_off.dds"                                  , "24"   , "52"    , "dds"
"ui\uef\game\construct-sm_btn\pause_on.dds"                                   , "24"   , "52"    , "dds"
"ui\uef\game\construct-sm_btn\rewind_off.dds"                                 , "24"   , "52"    , "dds"
"ui\uef\game\construct-sm_btn\rewind_on.dds"                                  , "24"   , "52"    , "dds"
"ui\uef\game\construct-sm_btn\right_btn_dis.dds"                              , "24"   , "52"    , "dds"
"ui\uef\game\construct-sm_btn\right_btn_over.dds"                             , "24"   , "52"    , "dds"
"ui\uef\game\construct-sm_btn\right_btn_up.dds"                               , "24"   , "52"    , "dds"
"ui\uef\game\construct-sm_btn\template_off.dds"                               , "24"   , "52"    , "dds"
"ui\uef\game\construct-sm_btn\template_on.dds"                                , "24"   , "52"    , "dds"
"ui\uef\game\construct-sm_horiz_btn\infinite_off.dds"                         , "60"   , "28"    , "dds"
"ui\uef\game\construct-sm_horiz_btn\infinite_on.dds"                          , "60"   , "28"    , "dds"
"ui\uef\game\construct-sm_horiz_btn\pause_off.dds"                            , "60"   , "28"    , "dds"
"ui\uef\game\construct-sm_horiz_btn\pause_on.dds"                             , "60"   , "28"    , "dds"
"ui\uef\game\construct-sm_horiz_btn\que_btn_dis.dds"                          , "60"   , "28"    , "dds"
"ui\uef\game\construct-sm_horiz_btn\que_btn_over.dds"                         , "60"   , "28"    , "dds"
"ui\uef\game\construct-sm_horiz_btn\que_btn_selected.dds"                     , "60"   , "28"    , "dds"
"ui\uef\game\construct-sm_horiz_btn\que_btn_up.dds"                           , "60"   , "28"    , "dds"
"ui\uef\game\construct-sm_horiz_btn\template_off.dds"                         , "60"   , "28"    , "dds"
"ui\uef\game\construct-sm_horiz_btn\template_on.dds"                          , "60"   , "28"    , "dds"
"ui\uef\game\construct-sm_nav_horiz_btn\bottom_btn_dis.dds"                   , "60"   , "16"    , "dds"
"ui\uef\game\construct-sm_nav_horiz_btn\bottom_btn_over.dds"                  , "60"   , "16"    , "dds"
"ui\uef\game\construct-sm_nav_horiz_btn\bottom_btn_up.dds"                    , "60"   , "16"    , "dds"
"ui\uef\game\construct-sm_nav_horiz_btn\down_off.dds"                         , "60"   , "16"    , "dds"
"ui\uef\game\construct-sm_nav_horiz_btn\down_on.dds"                          , "60"   , "16"    , "dds"
"ui\uef\game\construct-sm_nav_horiz_btn\end_off.dds"                          , "60"   , "16"    , "dds"
"ui\uef\game\construct-sm_nav_horiz_btn\end_on.dds"                           , "60"   , "16"    , "dds"
"ui\uef\game\construct-sm_nav_horiz_btn\home_off.dds"                         , "60"   , "16"    , "dds"
"ui\uef\game\construct-sm_nav_horiz_btn\home_on.dds"                          , "60"   , "16"    , "dds"
"ui\uef\game\construct-sm_nav_horiz_btn\mid_btn_dis.dds"                      , "60"   , "16"    , "dds"
"ui\uef\game\construct-sm_nav_horiz_btn\mid_btn_over.dds"                     , "60"   , "16"    , "dds"
"ui\uef\game\construct-sm_nav_horiz_btn\mid_btn_up.dds"                       , "60"   , "16"    , "dds"
"ui\uef\game\construct-sm_nav_horiz_btn\top_btn_dis.dds"                      , "60"   , "16"    , "dds"
"ui\uef\game\construct-sm_nav_horiz_btn\top_btn_over.dds"                     , "60"   , "16"    , "dds"
"ui\uef\game\construct-sm_nav_horiz_btn\top_btn_up.dds"                       , "60"   , "16"    , "dds"
"ui\uef\game\construct-sm_nav_horiz_btn\up_off.dds"                           , "60"   , "16"    , "dds"
"ui\uef\game\construct-sm_nav_horiz_btn\up_on.dds"                            , "60"   , "16"    , "dds"
"ui\uef\game\construct-tab_btn\bot_tab_btn_dis_bmp.dds"                       , "76"   , "56"    , "dds"
"ui\uef\game\construct-tab_btn\bot_tab_btn_down_bmp.dds"                      , "76"   , "56"    , "dds"
"ui\uef\game\construct-tab_btn\bot_tab_btn_over_bmp.dds"                      , "76"   , "56"    , "dds"
"ui\uef\game\construct-tab_btn\bot_tab_btn_sel_bmp.dds"                       , "76"   , "56"    , "dds"
"ui\uef\game\construct-tab_btn\bot_tab_btn_up_bmp.dds"                        , "76"   , "56"    , "dds"
"ui\uef\game\construct-tab_btn\mid_tab_btn_dis_bmp.dds"                       , "76"   , "56"    , "dds"
"ui\uef\game\construct-tab_btn\mid_tab_btn_down_bmp.dds"                      , "76"   , "56"    , "dds"
"ui\uef\game\construct-tab_btn\mid_tab_btn_over_bmp.dds"                      , "76"   , "56"    , "dds"
"ui\uef\game\construct-tab_btn\mid_tab_btn_sel_bmp.dds"                       , "76"   , "56"    , "dds"
"ui\uef\game\construct-tab_btn\mid_tab_btn_up_bmp.dds"                        , "76"   , "56"    , "dds"
"ui\uef\game\construct-tab_btn\top_tab_btn_dis_bmp.dds"                       , "76"   , "56"    , "dds"
"ui\uef\game\construct-tab_btn\top_tab_btn_down_bmp.dds"                      , "76"   , "56"    , "dds"
"ui\uef\game\construct-tab_btn\top_tab_btn_over_bmp.dds"                      , "76"   , "56"    , "dds"
"ui\uef\game\construct-tab_btn\top_tab_btn_sel_bmp.dds"                       , "76"   , "56"    , "dds"
"ui\uef\game\construct-tab_btn\top_tab_btn_up_bmp.dds"                        , "76"   , "56"    , "dds"
"ui\uef\game\construct-tab_top_btn\bot_tab_btn_dis_bmp.dds"                   , "60"   , "32"    , "dds"
"ui\uef\game\construct-tab_top_btn\bot_tab_btn_down_bmp.dds"                  , "60"   , "32"    , "dds"
"ui\uef\game\construct-tab_top_btn\bot_tab_btn_over_bmp.dds"                  , "60"   , "32"    , "dds"
"ui\uef\game\construct-tab_top_btn\bot_tab_btn_sel_bmp.dds"                   , "60"   , "32"    , "dds"
"ui\uef\game\construct-tab_top_btn\bot_tab_btn_up_bmp.dds"                    , "60"   , "32"    , "dds"
"ui\uef\game\construct-tab_top_btn\mid_tab_btn_dis_bmp.dds"                   , "60"   , "32"    , "dds"
"ui\uef\game\construct-tab_top_btn\mid_tab_btn_down_bmp.dds"                  , "60"   , "32"    , "dds"
"ui\uef\game\construct-tab_top_btn\mid_tab_btn_over_bmp.dds"                  , "60"   , "32"    , "dds"
"ui\uef\game\construct-tab_top_btn\mid_tab_btn_sel_bmp.dds"                   , "60"   , "32"    , "dds"
"ui\uef\game\construct-tab_top_btn\mid_tab_btn_up_bmp.dds"                    , "60"   , "32"    , "dds"
"ui\uef\game\construct-tab_top_btn\top_tab_btn_dis_bmp.dds"                   , "60"   , "32"    , "dds"
"ui\uef\game\construct-tab_top_btn\top_tab_btn_down_bmp.dds"                  , "60"   , "32"    , "dds"
"ui\uef\game\construct-tab_top_btn\top_tab_btn_over_bmp.dds"                  , "60"   , "32"    , "dds"
"ui\uef\game\construct-tab_top_btn\top_tab_btn_sel_bmp.dds"                   , "60"   , "32"    , "dds"
"ui\uef\game\construct-tab_top_btn\top_tab_btn_up_bmp.dds"                    , "60"   , "32"    , "dds"
"ui\uef\game\construct-tech_btn\left_upgrade_btn_dis.dds"                     , "32"   , "32"    , "dds"
"ui\uef\game\construct-tech_btn\left_upgrade_btn_down.dds"                    , "32"   , "32"    , "dds"
"ui\uef\game\construct-tech_btn\left_upgrade_btn_over.dds"                    , "32"   , "32"    , "dds"
"ui\uef\game\construct-tech_btn\left_upgrade_btn_selected.dds"                , "32"   , "32"    , "dds"
"ui\uef\game\construct-tech_btn\left_upgrade_btn_up.dds"                      , "32"   , "32"    , "dds"
"ui\uef\game\construct-tech_btn\m_upgrade_btn_dis.dds"                        , "32"   , "32"    , "dds"
"ui\uef\game\construct-tech_btn\m_upgrade_btn_down.dds"                       , "32"   , "32"    , "dds"
"ui\uef\game\construct-tech_btn\m_upgrade_btn_over.dds"                       , "32"   , "32"    , "dds"
"ui\uef\game\construct-tech_btn\m_upgrade_btn_selected.dds"                   , "32"   , "32"    , "dds"
"ui\uef\game\construct-tech_btn\m_upgrade_btn_up.dds"                         , "32"   , "32"    , "dds"
"ui\uef\game\construct-tech_btn\r_upgrade_btn_dis.dds"                        , "32"   , "32"    , "dds"
"ui\uef\game\construct-tech_btn\r_upgrade_btn_down.dds"                       , "32"   , "32"    , "dds"
"ui\uef\game\construct-tech_btn\r_upgrade_btn_over.dds"                       , "32"   , "32"    , "dds"
"ui\uef\game\construct-tech_btn\r_upgrade_btn_selected.dds"                   , "32"   , "32"    , "dds"
"ui\uef\game\construct-tech_btn\r_upgrade_btn_up.dds"                         , "32"   , "32"    , "dds"
"ui\uef\game\construct-tech_btn\t1_btn_dis.dds"                               , "32"   , "32"    , "dds"
"ui\uef\game\construct-tech_btn\t1_btn_down.dds"                              , "32"   , "32"    , "dds"
"ui\uef\game\construct-tech_btn\t1_btn_over.dds"                              , "32"   , "32"    , "dds"
"ui\uef\game\construct-tech_btn\t1_btn_selected.dds"                          , "32"   , "32"    , "dds"
"ui\uef\game\construct-tech_btn\t1_btn_up.dds"                                , "32"   , "32"    , "dds"
"ui\uef\game\construct-tech_btn\t2_btn_dis.dds"                               , "32"   , "32"    , "dds"
"ui\uef\game\construct-tech_btn\t2_btn_down.dds"                              , "32"   , "32"    , "dds"
"ui\uef\game\construct-tech_btn\t2_btn_over.dds"                              , "32"   , "32"    , "dds"
"ui\uef\game\construct-tech_btn\t2_btn_selected.dds"                          , "32"   , "32"    , "dds"
"ui\uef\game\construct-tech_btn\t2_btn_up.dds"                                , "32"   , "32"    , "dds"
"ui\uef\game\construct-tech_btn\t3_btn_dis.dds"                               , "32"   , "32"    , "dds"
"ui\uef\game\construct-tech_btn\t3_btn_down.dds"                              , "32"   , "32"    , "dds"
"ui\uef\game\construct-tech_btn\t3_btn_over.dds"                              , "32"   , "32"    , "dds"
"ui\uef\game\construct-tech_btn\t3_btn_selected.dds"                          , "32"   , "32"    , "dds"
"ui\uef\game\construct-tech_btn\t3_btn_up.dds"                                , "32"   , "32"    , "dds"
"ui\uef\game\construct-tech_btn\t4_btn_dis.dds"                               , "32"   , "32"    , "dds"
"ui\uef\game\construct-tech_btn\t4_btn_down.dds"                              , "32"   , "32"    , "dds"
"ui\uef\game\construct-tech_btn\t4_btn_over.dds"                              , "32"   , "32"    , "dds"
"ui\uef\game\construct-tech_btn\t4_btn_selected.dds"                          , "32"   , "32"    , "dds"
"ui\uef\game\construct-tech_btn\t4_btn_up.dds"                                , "32"   , "32"    , "dds"
"ui\uef\game\construct-tech_btn\template_btn_dis.dds"                         , "32"   , "32"    , "dds"
"ui\uef\game\construct-tech_btn\template_btn_down.dds"                        , "32"   , "32"    , "dds"
"ui\uef\game\construct-tech_btn\template_btn_over.dds"                        , "32"   , "32"    , "dds"
"ui\uef\game\construct-tech_btn\template_btn_selected.dds"                    , "32"   , "32"    , "dds"
"ui\uef\game\construct-tech_btn\template_btn_up.dds"                          , "32"   , "32"    , "dds"
"ui\uef\game\construction-pause_btn\pause_btn_dis.dds"                        , "32"   , "36"    , "dds"
"ui\uef\game\construction-pause_btn\pause_btn_down.dds"                       , "32"   , "36"    , "dds"
"ui\uef\game\construction-pause_btn\pause_btn_over.dds"                       , "32"   , "36"    , "dds"
"ui\uef\game\construction-pause_btn\pause_btn_up.dds"                         , "32"   , "36"    , "dds"
"ui\uef\game\construction-tab_btn\construction_dis.dds"                       , "28"   , "20"    , "dds"
"ui\uef\game\construction-tab_btn\construction.dds"                           , "28"   , "20"    , "dds"
"ui\uef\game\construction-tab_btn\enhance-back_icon_bmp_dis.dds"              , "56"   , "32"    , "dds"
"ui\uef\game\construction-tab_btn\enhance-back_icon_bmp.dds"                  , "56"   , "32"    , "dds"
"ui\uef\game\construction-tab_btn\enhance-l-arm_icon_bmp_dis.dds"             , "56"   , "32"    , "dds"
"ui\uef\game\construction-tab_btn\enhance-l-arm_icon_bmp.dds"                 , "56"   , "32"    , "dds"
"ui\uef\game\construction-tab_btn\enhance-r-arm_icon_bmp_dis.dds"             , "56"   , "32"    , "dds"
"ui\uef\game\construction-tab_btn\enhance-r-arm_icon_bmp.dds"                 , "56"   , "32"    , "dds"
"ui\uef\game\construction-tab_btn\experimental_icon_bmp_dis.dds"              , "56"   , "32"    , "dds"
"ui\uef\game\construction-tab_btn\experimental_icon_bmp.dds"                  , "56"   , "32"    , "dds"
"ui\uef\game\construction-tab_btn\tech-level-1_icon_bmp_dis.dds"              , "56"   , "32"    , "dds"
"ui\uef\game\construction-tab_btn\tech-level-1_icon_bmp.dds"                  , "56"   , "32"    , "dds"
"ui\uef\game\construction-tab_btn\tech-level-2_icon_bmp_dis.dds"              , "56"   , "32"    , "dds"
"ui\uef\game\construction-tab_btn\tech-level-2_icon_bmp.dds"                  , "56"   , "32"    , "dds"
"ui\uef\game\construction-tab_btn\tech-level-3_icon_bmp_dis.dds"              , "56"   , "32"    , "dds"
"ui\uef\game\construction-tab_btn\tech-level-3_icon_bmp.dds"                  , "56"   , "32"    , "dds"
"ui\uef\game\construction-tab_btn\tech-tab_btn_dis.dds"                       , "56"   , "32"    , "dds"
"ui\uef\game\construction-tab_btn\tech-tab_btn_down.dds"                      , "56"   , "32"    , "dds"
"ui\uef\game\construction-tab_btn\tech-tab_btn_over_sel.dds"                  , "56"   , "32"    , "dds"
"ui\uef\game\construction-tab_btn\tech-tab_btn_over.dds"                      , "56"   , "32"    , "dds"
"ui\uef\game\construction-tab_btn\tech-tab_btn_selected.dds"                  , "56"   , "32"    , "dds"
"ui\uef\game\construction-tab_btn\tech-tab_btn_up_sel.dds"                    , "56"   , "32"    , "dds"
"ui\uef\game\construction-tab_btn\tech-tab_btn_up.dds"                        , "56"   , "32"    , "dds"
"ui\uef\game\construction-tab_btn\units-attached_icon_bmp_dis.dds"            , "56"   , "32"    , "dds"
"ui\uef\game\construction-tab_btn\units-attached_icon_bmp.dds"                , "56"   , "32"    , "dds"
"ui\uef\game\construction-tab_btn\units-select_icon_bmp_dis.dds"              , "56"   , "32"    , "dds"
"ui\uef\game\construction-tab_btn\units-select_icon_bmp.dds"                  , "56"   , "32"    , "dds"
"ui\uef\game\control-group-bracket\panel-control_bmp_b.dds"                   , "68"   , "24"    , "dds"
"ui\uef\game\control-group-bracket\panel-control_bmp_m.dds"                   , "60"   , "4"     , "dds"
"ui\uef\game\control-group-bracket\panel-control_bmp_t.dds"                   , "68"   , "48"    , "dds"
"ui\uef\game\drag-handle\drag-handle-ll_btn_dis.dds"                          , "80"   , "96"    , "dds"
"ui\uef\game\drag-handle\drag-handle-ll_btn_down.dds"                         , "80"   , "96"    , "dds"
"ui\uef\game\drag-handle\drag-handle-ll_btn_over.dds"                         , "80"   , "96"    , "dds"
"ui\uef\game\drag-handle\drag-handle-ll_btn_up.dds"                           , "80"   , "96"    , "dds"
"ui\uef\game\drag-handle\drag-handle-lr_btn_dis.dds"                          , "80"   , "96"    , "dds"
"ui\uef\game\drag-handle\drag-handle-lr_btn_down.dds"                         , "80"   , "96"    , "dds"
"ui\uef\game\drag-handle\drag-handle-lr_btn_over.dds"                         , "80"   , "96"    , "dds"
"ui\uef\game\drag-handle\drag-handle-lr_btn_up.dds"                           , "80"   , "96"    , "dds"
"ui\uef\game\drag-handle\drag-handle-ul_btn_dis.dds"                          , "80"   , "96"    , "dds"
"ui\uef\game\drag-handle\drag-handle-ul_btn_down.dds"                         , "80"   , "96"    , "dds"
"ui\uef\game\drag-handle\drag-handle-ul_btn_over.dds"                         , "80"   , "96"    , "dds"
"ui\uef\game\drag-handle\drag-handle-ul_btn_up.dds"                           , "80"   , "96"    , "dds"
"ui\uef\game\drag-handle\drag-handle-ur_btn_dis.dds"                          , "80"   , "96"    , "dds"
"ui\uef\game\drag-handle\drag-handle-ur_btn_down.dds"                         , "80"   , "96"    , "dds"
"ui\uef\game\drag-handle\drag-handle-ur_btn_over.dds"                         , "80"   , "96"    , "dds"
"ui\uef\game\drag-handle\drag-handle-ur_btn_up.dds"                           , "80"   , "96"    , "dds"
"ui\uef\game\filter-arrow_btn\tab-close_btn_dis.dds"                          , "44"   , "32"    , "dds"
"ui\uef\game\filter-arrow_btn\tab-close_btn_down.dds"                         , "44"   , "32"    , "dds"
"ui\uef\game\filter-arrow_btn\tab-close_btn_over.dds"                         , "44"   , "32"    , "dds"
"ui\uef\game\filter-arrow_btn\tab-close_btn_up.dds"                           , "44"   , "32"    , "dds"
"ui\uef\game\filter-arrow_btn\tab-open_btn_dis.dds"                           , "44"   , "32"    , "dds"
"ui\uef\game\filter-arrow_btn\tab-open_btn_down.dds"                          , "44"   , "32"    , "dds"
"ui\uef\game\filter-arrow_btn\tab-open_btn_over.dds"                          , "44"   , "32"    , "dds"
"ui\uef\game\filter-arrow_btn\tab-open_btn_up.dds"                            , "44"   , "32"    , "dds"
"ui\uef\game\filter-ping-list-panel\energy-bar_bmp.dds"                       , "28"   , "16"    , "dds"
"ui\uef\game\filter-ping-list-panel\panel_bmp_b.dds"                          , "128"  , "24"    , "dds"
"ui\uef\game\filter-ping-list-panel\panel_bmp_m.dds"                          , "128"  , "8"     , "dds"
"ui\uef\game\filter-ping-list-panel\panel_bmp_t.dds"                          , "128"  , "24"    , "dds"
"ui\uef\game\filter-ping-list-panel\panel_brd_horz_um.dds"                    , "8"    , "20"    , "dds"
"ui\uef\game\filter-ping-list-panel\panel_brd_ll.dds"                         , "24"   , "24"    , "dds"
"ui\uef\game\filter-ping-list-panel\panel_brd_lm.dds"                         , "8"    , "20"    , "dds"
"ui\uef\game\filter-ping-list-panel\panel_brd_lr.dds"                         , "24"   , "24"    , "dds"
"ui\uef\game\filter-ping-list-panel\panel_brd_m.dds"                          , "8"    , "8"     , "dds"
"ui\uef\game\filter-ping-list-panel\panel_brd_ul.dds"                         , "24"   , "24"    , "dds"
"ui\uef\game\filter-ping-list-panel\panel_brd_ur.dds"                         , "24"   , "24"    , "dds"
"ui\uef\game\filter-ping-list-panel\panel_brd_vert_l.dds"                     , "24"   , "8"     , "dds"
"ui\uef\game\filter-ping-list-panel\panel_brd_vert_r.dds"                     , "24"   , "8"     , "dds"
"ui\uef\game\filter-ping-panel\bracket-energy-l_bmp.dds"                      , "20"   , "72"    , "dds"
"ui\uef\game\filter-ping-panel\bracket-energy-r_bmp.dds"                      , "20"   , "72"    , "dds"
"ui\uef\game\filter-ping-panel\bracket-left_bmp.dds"                          , "28"   , "68"    , "dds"
"ui\uef\game\filter-ping-panel\filter-ping-panel_bmp.dds"                     , "236"  , "72"    , "dds"
"ui\uef\game\filter-ping-panel\filter-ping-panel02_bmp.dds"                   , "180"  , "72"    , "dds"
"ui\uef\game\infinite_btn\infinite_btn_dis.dds"                               , "32"   , "36"    , "dds"
"ui\uef\game\infinite_btn\infinite_btn_down.dds"                              , "32"   , "36"    , "dds"
"ui\uef\game\infinite_btn\infinite_btn_over.dds"                              , "32"   , "36"    , "dds"
"ui\uef\game\infinite_btn\infinite_btn_up.dds"                                , "32"   , "36"    , "dds"
"ui\uef\game\map-options_brd\bracket_bmp.dds"                                 , "48"   , "28"    , "dds"
"ui\uef\game\map-options_brd\energy-bar_bmp.dds"                              , "16"   , "28"    , "dds"
"ui\uef\game\map-options_brd\panel_brd_horz_um.dds"                           , "8"    , "44"    , "dds"
"ui\uef\game\map-options_brd\panel_brd_ll.dds"                                , "24"   , "24"    , "dds"
"ui\uef\game\map-options_brd\panel_brd_lm.dds"                                , "8"    , "24"    , "dds"
"ui\uef\game\map-options_brd\panel_brd_lr.dds"                                , "24"   , "24"    , "dds"
"ui\uef\game\map-options_brd\panel_brd_m.dds"                                 , "8"    , "8"     , "dds"
"ui\uef\game\map-options_brd\panel_brd_ul.dds"                                , "24"   , "44"    , "dds"
"ui\uef\game\map-options_brd\panel_brd_ur.dds"                                , "24"   , "44"    , "dds"
"ui\uef\game\map-options_brd\panel_brd_vert_l.dds"                            , "20"   , "8"     , "dds"
"ui\uef\game\map-options_brd\panel_brd_vert_r.dds"                            , "20"   , "8"     , "dds"
"ui\uef\game\medium-btn\medium_btn_dis.dds"                                   , "296"  , "72"    , "dds"
"ui\uef\game\medium-btn\medium_btn_down.dds"                                  , "296"  , "72"    , "dds"
"ui\uef\game\medium-btn\medium_btn_glow.dds"                                  , "296"  , "72"    , "dds"
"ui\uef\game\medium-btn\medium_btn_over.dds"                                  , "296"  , "72"    , "dds"
"ui\uef\game\medium-btn\medium_btn_up.dds"                                    , "296"  , "72"    , "dds"
"ui\uef\game\menu-btns\close_btn_dis.dds"                                     , "24"   , "24"    , "dds"
"ui\uef\game\menu-btns\close_btn_down.dds"                                    , "24"   , "24"    , "dds"
"ui\uef\game\menu-btns\close_btn_over.dds"                                    , "24"   , "24"    , "dds"
"ui\uef\game\menu-btns\close_btn_up.dds"                                      , "24"   , "24"    , "dds"
"ui\uef\game\menu-btns\config_btn_dis.dds"                                    , "24"   , "24"    , "dds"
"ui\uef\game\menu-btns\config_btn_down.dds"                                   , "24"   , "24"    , "dds"
"ui\uef\game\menu-btns\config_btn_over.dds"                                   , "24"   , "24"    , "dds"
"ui\uef\game\menu-btns\config_btn_up.dds"                                     , "24"   , "24"    , "dds"
"ui\uef\game\menu-btns\default_btn_dis.dds"                                   , "24"   , "24"    , "dds"
"ui\uef\game\menu-btns\default_btn_down.dds"                                  , "24"   , "24"    , "dds"
"ui\uef\game\menu-btns\default_btn_over.dds"                                  , "24"   , "24"    , "dds"
"ui\uef\game\menu-btns\default_btn_up.dds"                                    , "24"   , "24"    , "dds"
"ui\uef\game\menu-btns\pin_btn_dis.dds"                                       , "24"   , "24"    , "dds"
"ui\uef\game\menu-btns\pin_btn_down.dds"                                      , "24"   , "24"    , "dds"
"ui\uef\game\menu-btns\pin_btn_over.dds"                                      , "24"   , "24"    , "dds"
"ui\uef\game\menu-btns\pin_btn_up.dds"                                        , "24"   , "24"    , "dds"
"ui\uef\game\menu-btns\pinned_btn_dis.dds"                                    , "24"   , "24"    , "dds"
"ui\uef\game\menu-btns\pinned_btn_down.dds"                                   , "24"   , "24"    , "dds"
"ui\uef\game\menu-btns\pinned_btn_over.dds"                                   , "24"   , "24"    , "dds"
"ui\uef\game\menu-btns\pinned_btn_up.dds"                                     , "24"   , "24"    , "dds"
"ui\uef\game\mfd_btn\control_btn_dis.dds"                                     , "44"   , "32"    , "dds"
"ui\uef\game\mfd_btn\control_btn_down.dds"                                    , "44"   , "32"    , "dds"
"ui\uef\game\mfd_btn\control_btn_over.dds"                                    , "44"   , "32"    , "dds"
"ui\uef\game\mfd_btn\control_btn_up.dds"                                      , "44"   , "32"    , "dds"
"ui\uef\game\mfd_btn\defenses_btn_dis.dds"                                    , "44"   , "32"    , "dds"
"ui\uef\game\mfd_btn\defenses_btn_down.dds"                                   , "44"   , "32"    , "dds"
"ui\uef\game\mfd_btn\defenses_btn_over.dds"                                   , "44"   , "32"    , "dds"
"ui\uef\game\mfd_btn\defenses_btn_up.dds"                                     , "44"   , "32"    , "dds"
"ui\uef\game\mfd_btn\economy_btn_dis.dds"                                     , "44"   , "32"    , "dds"
"ui\uef\game\mfd_btn\economy_btn_down.dds"                                    , "44"   , "32"    , "dds"
"ui\uef\game\mfd_btn\economy_btn_over.dds"                                    , "44"   , "32"    , "dds"
"ui\uef\game\mfd_btn\economy_btn_up.dds"                                      , "44"   , "32"    , "dds"
"ui\uef\game\mfd_btn\intelligence_btn_dis.dds"                                , "44"   , "32"    , "dds"
"ui\uef\game\mfd_btn\intelligence_btn_down.dds"                               , "44"   , "32"    , "dds"
"ui\uef\game\mfd_btn\intelligence_btn_over.dds"                               , "44"   , "32"    , "dds"
"ui\uef\game\mfd_btn\intelligence_btn_up.dds"                                 , "44"   , "32"    , "dds"
"ui\uef\game\mfd_btn\military_btn_dis.dds"                                    , "44"   , "32"    , "dds"
"ui\uef\game\mfd_btn\military_btn_down.dds"                                   , "44"   , "32"    , "dds"
"ui\uef\game\mfd_btn\military_btn_over.dds"                                   , "44"   , "32"    , "dds"
"ui\uef\game\mfd_btn\military_btn_up.dds"                                     , "44"   , "32"    , "dds"
"ui\uef\game\mfd_btn\military-radar_btn_dis.dds"                              , "44"   , "32"    , "dds"
"ui\uef\game\mfd_btn\military-radar_btn_down.dds"                             , "44"   , "32"    , "dds"
"ui\uef\game\mfd_btn\military-radar_btn_over.dds"                             , "44"   , "32"    , "dds"
"ui\uef\game\mfd_btn\military-radar_btn_up.dds"                               , "44"   , "32"    , "dds"
"ui\uef\game\mfd_btn\ping_btn_dis.dds"                                        , "44"   , "32"    , "dds"
"ui\uef\game\mfd_btn\ping_btn_down.dds"                                       , "44"   , "32"    , "dds"
"ui\uef\game\mfd_btn\ping_btn_over.dds"                                       , "44"   , "32"    , "dds"
"ui\uef\game\mfd_btn\ping_btn_up.dds"                                         , "44"   , "32"    , "dds"
"ui\uef\game\mfd_btn\ping-alert_btn_dis.dds"                                  , "44"   , "32"    , "dds"
"ui\uef\game\mfd_btn\ping-alert_btn_down.dds"                                 , "44"   , "32"    , "dds"
"ui\uef\game\mfd_btn\ping-alert_btn_over.dds"                                 , "44"   , "32"    , "dds"
"ui\uef\game\mfd_btn\ping-alert_btn_up.dds"                                   , "44"   , "32"    , "dds"
"ui\uef\game\mfd_btn\ping-attack_btn_dis.dds"                                 , "44"   , "32"    , "dds"
"ui\uef\game\mfd_btn\ping-attack_btn_down.dds"                                , "44"   , "32"    , "dds"
"ui\uef\game\mfd_btn\ping-attack_btn_over.dds"                                , "44"   , "32"    , "dds"
"ui\uef\game\mfd_btn\ping-attack_btn_up.dds"                                  , "44"   , "32"    , "dds"
"ui\uef\game\mfd_btn\ping-marker_btn_dis.dds"                                 , "44"   , "32"    , "dds"
"ui\uef\game\mfd_btn\ping-marker_btn_down.dds"                                , "44"   , "32"    , "dds"
"ui\uef\game\mfd_btn\ping-marker_btn_over.dds"                                , "44"   , "32"    , "dds"
"ui\uef\game\mfd_btn\ping-marker_btn_up.dds"                                  , "44"   , "32"    , "dds"
"ui\uef\game\mfd_btn\ping-move_btn_dis.dds"                                   , "44"   , "32"    , "dds"
"ui\uef\game\mfd_btn\ping-move_btn_down.dds"                                  , "44"   , "32"    , "dds"
"ui\uef\game\mfd_btn\ping-move_btn_over.dds"                                  , "44"   , "32"    , "dds"
"ui\uef\game\mfd_btn\ping-move_btn_up.dds"                                    , "44"   , "32"    , "dds"
"ui\uef\game\mfd_btn\team-color_btn_dis.dds"                                  , "44"   , "32"    , "dds"
"ui\uef\game\mfd_btn\team-color_btn_down.dds"                                 , "44"   , "32"    , "dds"
"ui\uef\game\mfd_btn\team-color_btn_over.dds"                                 , "44"   , "32"    , "dds"
"ui\uef\game\mfd_btn\team-color_btn_up.dds"                                   , "44"   , "32"    , "dds"
"ui\uef\game\mini-map-brd\mini-map_brd_horz_um.dds"                           , "12"   , "36"    , "dds"
"ui\uef\game\mini-map-brd\mini-map_brd_ll.dds"                                , "12"   , "16"    , "dds"
"ui\uef\game\mini-map-brd\mini-map_brd_lm.dds"                                , "12"   , "16"    , "dds"
"ui\uef\game\mini-map-brd\mini-map_brd_lr.dds"                                , "16"   , "16"    , "dds"
"ui\uef\game\mini-map-brd\mini-map_brd_m.dds"                                 , "12"   , "12"    , "dds"
"ui\uef\game\mini-map-brd\mini-map_brd_ul.dds"                                , "32"   , "36"    , "dds"
"ui\uef\game\mini-map-brd\mini-map_brd_ur.dds"                                , "36"   , "36"    , "dds"
"ui\uef\game\mini-map-brd\mini-map_brd_vert_l.dds"                            , "12"   , "12"    , "dds"
"ui\uef\game\mini-map-brd\mini-map_brd_vert_r.dds"                            , "16"   , "12"    , "dds"
"ui\uef\game\mini-map-brd\mini-map-glow_bmp.dds"                              , "204"  , "204"   , "dds"
"ui\uef\game\mini-map-glow-brd\mini-map-glow_brd_horz_um.dds"                 , "8"    , "24"    , "dds"
"ui\uef\game\mini-map-glow-brd\mini-map-glow_brd_ll.dds"                      , "40"   , "40"    , "dds"
"ui\uef\game\mini-map-glow-brd\mini-map-glow_brd_lm.dds"                      , "8"    , "24"    , "dds"
"ui\uef\game\mini-map-glow-brd\mini-map-glow_brd_lr.dds"                      , "40"   , "40"    , "dds"
"ui\uef\game\mini-map-glow-brd\mini-map-glow_brd_ul.dds"                      , "40"   , "40"    , "dds"
"ui\uef\game\mini-map-glow-brd\mini-map-glow_brd_ur.dds"                      , "40"   , "40"    , "dds"
"ui\uef\game\mini-map-glow-brd\mini-map-glow_brd_vert_l.dds"                  , "24"   , "8"     , "dds"
"ui\uef\game\mini-map-glow-brd\mini-map-glow_brd_vert_r.dds"                  , "24"   , "8"     , "dds"
"ui\uef\game\mini-scroll\arrow-left_scr_dis.dds"                              , "24"   , "48"    , "dds"
"ui\uef\game\mini-scroll\arrow-left_scr_down.dds"                             , "24"   , "48"    , "dds"
"ui\uef\game\mini-scroll\arrow-left_scr_over.dds"                             , "24"   , "48"    , "dds"
"ui\uef\game\mini-scroll\arrow-left_scr_up.dds"                               , "24"   , "48"    , "dds"
"ui\uef\game\mini-scroll\arrow-right_scr_dis.dds"                             , "24"   , "48"    , "dds"
"ui\uef\game\mini-scroll\arrow-right_scr_down.dds"                            , "24"   , "48"    , "dds"
"ui\uef\game\mini-scroll\arrow-right_scr_over.dds"                            , "24"   , "48"    , "dds"
"ui\uef\game\mini-scroll\arrow-right_scr_up.dds"                              , "24"   , "48"    , "dds"
"ui\uef\game\mini-vertical-scroll\arrow-down_scr_dis.dds"                     , "48"   , "24"    , "dds"
"ui\uef\game\mini-vertical-scroll\arrow-down_scr_down.dds"                    , "48"   , "24"    , "dds"
"ui\uef\game\mini-vertical-scroll\arrow-down_scr_over.dds"                    , "48"   , "24"    , "dds"
"ui\uef\game\mini-vertical-scroll\arrow-down_scr_up.dds"                      , "48"   , "24"    , "dds"
"ui\uef\game\mini-vertical-scroll\arrow-up_scr_dis.dds"                       , "48"   , "24"    , "dds"
"ui\uef\game\mini-vertical-scroll\arrow-up_scr_down.dds"                      , "48"   , "24"    , "dds"
"ui\uef\game\mini-vertical-scroll\arrow-up_scr_over.dds"                      , "48"   , "24"    , "dds"
"ui\uef\game\mini-vertical-scroll\arrow-up_scr_up.dds"                        , "48"   , "24"    , "dds"
"ui\uef\game\objective-icons\panel-icon_bmp.dds"                              , "60"   , "68"    , "dds"
"ui\uef\game\objective-icons\primary-ring_bmp.dds"                            , "52"   , "48"    , "dds"
"ui\uef\game\objective-icons\secondary-ring_bmp.dds"                          , "52"   , "48"    , "dds"
"ui\uef\game\options_brd\line-long_bmp.dds"                                   , "200"  , "4"     , "dds"
"ui\uef\game\options_brd\line-short_bmp.dds"                                  , "228"  , "4"     , "dds"
"ui\uef\game\options_brd\options_brd_horz_um.dds"                             , "8"    , "48"    , "dds"
"ui\uef\game\options_brd\options_brd_ll.dds"                                  , "44"   , "48"    , "dds"
"ui\uef\game\options_brd\options_brd_lm.dds"                                  , "8"    , "48"    , "dds"
"ui\uef\game\options_brd\options_brd_lr.dds"                                  , "44"   , "48"    , "dds"
"ui\uef\game\options_brd\options_brd_m.dds"                                   , "8"    , "8"     , "dds"
"ui\uef\game\options_brd\options_brd_ul.dds"                                  , "44"   , "48"    , "dds"
"ui\uef\game\options_brd\options_brd_ur.dds"                                  , "44"   , "48"    , "dds"
"ui\uef\game\options_brd\options_brd_vert_l.dds"                              , "44"   , "8"     , "dds"
"ui\uef\game\options_brd\options_brd_vert_r.dds"                              , "44"   , "8"     , "dds"
"ui\uef\game\options_tab\diplomacy_btn_dis.dds"                               , "56"   , "48"    , "dds"
"ui\uef\game\options_tab\diplomacy_btn_down.dds"                              , "56"   , "48"    , "dds"
"ui\uef\game\options_tab\diplomacy_btn_over.dds"                              , "56"   , "48"    , "dds"
"ui\uef\game\options_tab\diplomacy_btn_selected.dds"                          , "56"   , "48"    , "dds"
"ui\uef\game\options_tab\diplomacy_btn_up.dds"                                , "56"   , "48"    , "dds"
"ui\uef\game\options_tab\glow_bmp.dds"                                        , "56"   , "48"    , "dds"
"ui\uef\game\options_tab\menu_btn_dis.dds"                                    , "56"   , "48"    , "dds"
"ui\uef\game\options_tab\menu_btn_down.dds"                                   , "56"   , "48"    , "dds"
"ui\uef\game\options_tab\menu_btn_over.dds"                                   , "56"   , "48"    , "dds"
"ui\uef\game\options_tab\menu_btn_selected.dds"                               , "56"   , "48"    , "dds"
"ui\uef\game\options_tab\menu_btn_up.dds"                                     , "56"   , "48"    , "dds"
"ui\uef\game\options_tab\objectives_btn_dis.dds"                              , "56"   , "48"    , "dds"
"ui\uef\game\options_tab\objectives_btn_down.dds"                             , "56"   , "48"    , "dds"
"ui\uef\game\options_tab\objectives_btn_over.dds"                             , "56"   , "48"    , "dds"
"ui\uef\game\options_tab\objectives_btn_selected.dds"                         , "56"   , "48"    , "dds"
"ui\uef\game\options_tab\objectives_btn_up.dds"                               , "56"   , "48"    , "dds"
"ui\uef\game\options_tab\pause_btn_dis.dds"                                   , "56"   , "48"    , "dds"
"ui\uef\game\options_tab\pause_btn_down.dds"                                  , "56"   , "48"    , "dds"
"ui\uef\game\options_tab\pause_btn_over.dds"                                  , "56"   , "48"    , "dds"
"ui\uef\game\options_tab\pause_btn_selected.dds"                              , "56"   , "48"    , "dds"
"ui\uef\game\options_tab\pause_btn_up.dds"                                    , "56"   , "48"    , "dds"
"ui\uef\game\options_tab\play_btn_dis.dds"                                    , "56"   , "48"    , "dds"
"ui\uef\game\options_tab\play_btn_down.dds"                                   , "56"   , "48"    , "dds"
"ui\uef\game\options_tab\play_btn_over.dds"                                   , "56"   , "48"    , "dds"
"ui\uef\game\options_tab\play_btn_selected.dds"                               , "56"   , "48"    , "dds"
"ui\uef\game\options_tab\play_btn_up.dds"                                     , "56"   , "48"    , "dds"
"ui\uef\game\options-diplomacy-panel\icon-ai_bmp.dds"                         , "20"   , "16"    , "dds"
"ui\uef\game\options-diplomacy-panel\icon-person_bmp.dds"                     , "16"   , "20"    , "dds"
"ui\uef\game\options-diplomacy-panel\line-allies_bmp.dds"                     , "260"  , "4"     , "dds"
"ui\uef\game\options-diplomacy-panel\line-enemies_bmp.dds"                    , "260"  , "4"     , "dds"
"ui\uef\game\options-diplomacy-panel\panel-allies_bmp_b.dds"                  , "268"  , "20"    , "dds"
"ui\uef\game\options-diplomacy-panel\panel-allies_bmp_m.dds"                  , "268"  , "8"     , "dds"
"ui\uef\game\options-diplomacy-panel\panel-allies_bmp_t.dds"                  , "268"  , "40"    , "dds"
"ui\uef\game\options-diplomacy-panel\panel-enemy_bmp_b.dds"                   , "268"  , "20"    , "dds"
"ui\uef\game\options-diplomacy-panel\panel-enemy_bmp_m.dds"                   , "268"  , "8"     , "dds"
"ui\uef\game\options-diplomacy-panel\panel-enemy_bmp_t.dds"                   , "268"  , "40"    , "dds"
"ui\uef\game\options-panel\option-panel-inner.dds"                            , "264"  , "388"   , "dds"
"ui\uef\game\options-panel\options_brd_horz_lm.dds"                           , "4"    , "28"    , "dds"
"ui\uef\game\options-panel\options_brd_horz_um.dds"                           , "80"   , "36"    , "dds"
"ui\uef\game\options-panel\options_brd_horz_uml.dds"                          , "4"    , "28"    , "dds"
"ui\uef\game\options-panel\options_brd_horz_umr.dds"                          , "4"    , "28"    , "dds"
"ui\uef\game\options-panel\options_brd_ll.dds"                                , "44"   , "36"    , "dds"
"ui\uef\game\options-panel\options_brd_lr.dds"                                , "44"   , "36"    , "dds"
"ui\uef\game\options-panel\options_brd_m.dds"                                 , "4"    , "8"     , "dds"
"ui\uef\game\options-panel\options_brd_ul.dds"                                , "44"   , "36"    , "dds"
"ui\uef\game\options-panel\options_brd_ur.dds"                                , "44"   , "36"    , "dds"
"ui\uef\game\options-panel\options_brd_vert_l.dds"                            , "36"   , "8"     , "dds"
"ui\uef\game\options-panel\options_brd_vert_ll.dds"                           , "40"   , "24"    , "dds"
"ui\uef\game\options-panel\options_brd_vert_lr.dds"                           , "40"   , "24"    , "dds"
"ui\uef\game\options-panel\options_brd_vert_r.dds"                            , "36"   , "8"     , "dds"
"ui\uef\game\options-panel\options_brd_vert_ul.dds"                           , "40"   , "24"    , "dds"
"ui\uef\game\options-panel\options_brd_vert_ur.dds"                           , "40"   , "24"    , "dds"
"ui\uef\game\options-panel\options-inner_bmp_b.dds"                           , "256"  , "20"    , "dds"
"ui\uef\game\options-panel\options-inner_bmp_m.dds"                           , "256"  , "8"     , "dds"
"ui\uef\game\options-panel\options-inner_bmp_t.dds"                           , "256"  , "8"     , "dds"
"ui\uef\game\orders-panel_vert\bracket_bmp.dds"                               , "36"   , "228"   , "dds"
"ui\uef\game\orders-panel_vert\order-panel_bmp.dds"                           , "188"  , "224"   , "dds"
"ui\uef\game\orders-panel\bracket_bmp.dds"                                    , "32"   , "120"   , "dds"
"ui\uef\game\orders-panel\no-parking_bmp.dds"                                 , "56"   , "56"    , "dds"
"ui\uef\game\orders-panel\order-panel_bmp.dds"                                , "332"  , "120"   , "dds"
"ui\uef\game\orders-panel\question-mark_bmp.dds"                              , "16"   , "24"    , "dds"
"ui\uef\game\panel\panel_brd_horz_um.dds"                                     , "8"    , "24"    , "dds"
"ui\uef\game\panel\panel_brd_ll.dds"                                          , "24"   , "24"    , "dds"
"ui\uef\game\panel\panel_brd_lm.dds"                                          , "8"    , "24"    , "dds"
"ui\uef\game\panel\panel_brd_lr.dds"                                          , "24"   , "24"    , "dds"
"ui\uef\game\panel\panel_brd_m.dds"                                           , "8"    , "8"     , "dds"
"ui\uef\game\panel\panel_brd_ul.dds"                                          , "24"   , "24"    , "dds"
"ui\uef\game\panel\panel_brd_ur.dds"                                          , "24"   , "24"    , "dds"
"ui\uef\game\panel\panel_brd_vert_l.dds"                                      , "24"   , "8"     , "dds"
"ui\uef\game\panel\panel_brd_vert_r.dds"                                      , "24"   , "8"     , "dds"
"ui\uef\game\pause_btn\glow_bmp.dds"                                          , "56"   , "48"    , "dds"
"ui\uef\game\pause_btn\pause_btn_dis.dds"                                     , "56"   , "48"    , "dds"
"ui\uef\game\pause_btn\pause_btn_down.dds"                                    , "56"   , "48"    , "dds"
"ui\uef\game\pause_btn\pause_btn_over.dds"                                    , "56"   , "48"    , "dds"
"ui\uef\game\pause_btn\pause_btn_up.dds"                                      , "56"   , "48"    , "dds"
"ui\uef\game\pause_btn\play_btn_dis.dds"                                      , "56"   , "48"    , "dds"
"ui\uef\game\pause_btn\play_btn_down.dds"                                     , "56"   , "48"    , "dds"
"ui\uef\game\pause_btn\play_btn_over.dds"                                     , "56"   , "48"    , "dds"
"ui\uef\game\pause_btn\play_btn_up.dds"                                       , "56"   , "48"    , "dds"
"ui\uef\game\pause-indicator\bottom.dds"                                      , "20"   , "20"    , "dds"
"ui\uef\game\pause-indicator\left.dds"                                        , "20"   , "20"    , "dds"
"ui\uef\game\pause-indicator\right.dds"                                       , "20"   , "20"    , "dds"
"ui\uef\game\pause-indicator\top.dds"                                         , "20"   , "20"    , "dds"
"ui\uef\game\pda-panel\bracket-right_bmp.dds"                                 , "32"   , "156"   , "dds"
"ui\uef\game\pda-panel\bracket-right.dds"                                     , "32"   , "156"   , "dds"
"ui\uef\game\pda-panel\panel-objectives_bmp_l.dds"                            , "20"   , "76"    , "dds"
"ui\uef\game\pda-panel\panel-objectives_bmp_m.dds"                            , "4"    , "72"    , "dds"
"ui\uef\game\pda-panel\panel-objectives_bmp_r.dds"                            , "24"   , "72"    , "dds"
"ui\uef\game\pda-panel\panel-ping_bmp_l.dds"                                  , "20"   , "60"    , "dds"
"ui\uef\game\pda-panel\panel-ping_bmp_m.dds"                                  , "4"    , "56"    , "dds"
"ui\uef\game\pda-panel\panel-ping_bmp_r.dds"                                  , "24"   , "56"    , "dds"
"ui\uef\game\pda-panel\panel-time-units_bmp_l.dds"                            , "20"   , "28"    , "dds"
"ui\uef\game\pda-panel\panel-time-units_bmp_m.dds"                            , "4"    , "24"    , "dds"
"ui\uef\game\pda-panel\panel-time-units_bmp_r.dds"                            , "24"   , "24"    , "dds"
"ui\uef\game\pda-panel\title-bar_bmp.dds"                                     , "136"  , "20"    , "dds"
"ui\uef\game\pda-panel\video-panel_bmp.dds"                                   , "168"  , "148"   , "dds"
"ui\uef\game\ping-icons\panel-icon_bmp.dds"                                   , "60"   , "60"    , "dds"
"ui\uef\game\ping-icons\panel-icon-ring_bmp.dds"                              , "60"   , "60"    , "dds"
"ui\uef\game\resource-bars\mini-energy-bar_bmp.dds"                           , "160"  , "16"    , "dds"
"ui\uef\game\resource-bars\mini-energy-bar-back_bmp.dds"                      , "160"  , "16"    , "dds"
"ui\uef\game\resource-bars\mini-mass-bar_bmp.dds"                             , "160"  , "16"    , "dds"
"ui\uef\game\resource-bars\mini-mass-bar-back_bmp.dds"                        , "160"  , "16"    , "dds"
"ui\uef\game\resource-panel\alert-caution_bmp.dds"                            , "48"   , "44"    , "dds"
"ui\uef\game\resource-panel\alert-energy-panel_bmp.dds"                       , "316"  , "32"    , "dds"
"ui\uef\game\resource-panel\alert-icon_bmp.dds"                               , "28"   , "36"    , "dds"
"ui\uef\game\resource-panel\alert-mass-panel_bmp.dds"                         , "316"  , "32"    , "dds"
"ui\uef\game\resource-panel\alert-no-parking_bmp.dds"                         , "52"   , "52"    , "dds"
"ui\uef\game\resource-panel\bracket-energy-l_bmp.dds"                         , "20"   , "72"    , "dds"
"ui\uef\game\resource-panel\bracket-energy-r_bmp.dds"                         , "20"   , "72"    , "dds"
"ui\uef\game\resource-panel\bracket-left_bmp.dds"                             , "28"   , "68"    , "dds"
"ui\uef\game\resource-panel\bracket-right_bmp.dds"                            , "28"   , "68"    , "dds"
"ui\uef\game\resource-panel\caution-energy-panel_bmp.dds"                     , "316"  , "32"    , "dds"
"ui\uef\game\resource-panel\caution-mass-panel_bmp.dds"                       , "316"  , "32"    , "dds"
"ui\uef\game\resource-panel\resources_panel_bmp.dds"                          , "324"  , "72"    , "dds"
"ui\uef\game\score-panel\icon-square_bmp.dds"                                 , "24"   , "24"    , "dds"
"ui\uef\game\score-panel\panel-score_bmp_b.dds"                               , "236"  , "20"    , "dds"
"ui\uef\game\score-panel\panel-score_bmp_m.dds"                               , "236"  , "4"     , "dds"
"ui\uef\game\score-panel\panel-score_bmp_t.dds"                               , "236"  , "44"    , "dds"
"ui\uef\game\slider-btn\slider_btn_dis.dds"                                   , "28"   , "28"    , "dds"
"ui\uef\game\slider-btn\slider_btn_down.dds"                                  , "28"   , "28"    , "dds"
"ui\uef\game\slider-btn\slider_btn_over.dds"                                  , "28"   , "28"    , "dds"
"ui\uef\game\slider-btn\slider_btn_up.dds"                                    , "28"   , "28"    , "dds"
"ui\uef\game\slider-btn\slider-energy_btn_dis.dds"                            , "28"   , "28"    , "dds"
"ui\uef\game\slider-btn\slider-energy_btn_down.dds"                           , "28"   , "28"    , "dds"
"ui\uef\game\slider-btn\slider-energy_btn_over.dds"                           , "28"   , "28"    , "dds"
"ui\uef\game\slider-btn\slider-energy_btn_up.dds"                             , "28"   , "28"    , "dds"
"ui\uef\game\slider-btn\slider-mass_btn_dis.dds"                              , "28"   , "28"    , "dds"
"ui\uef\game\slider-btn\slider-mass_btn_down.dds"                             , "28"   , "28"    , "dds"
"ui\uef\game\slider-btn\slider-mass_btn_over.dds"                             , "28"   , "28"    , "dds"
"ui\uef\game\slider-btn\slider-mass_btn_up.dds"                               , "28"   , "28"    , "dds"
"ui\uef\game\slider\slider-back_bmp.dds"                                      , "200"  , "20"    , "dds"
"ui\uef\game\slider\slider-bar-green_bmp.dds"                                 , "196"  , "16"    , "dds"
"ui\uef\game\slider\slider-bar-orange_bmp.dds"                                , "196"  , "16"    , "dds"
"ui\uef\game\tab-btn\tab-close_btn_dis.dds"                                   , "20"   , "28"    , "dds"
"ui\uef\game\tab-btn\tab-close_btn_down.dds"                                  , "20"   , "28"    , "dds"
"ui\uef\game\tab-btn\tab-close_btn_over.dds"                                  , "20"   , "28"    , "dds"
"ui\uef\game\tab-btn\tab-close_btn_up.dds"                                    , "20"   , "28"    , "dds"
"ui\uef\game\tab-btn\tab-open_btn_dis.dds"                                    , "20"   , "28"    , "dds"
"ui\uef\game\tab-btn\tab-open_btn_down.dds"                                   , "20"   , "28"    , "dds"
"ui\uef\game\tab-btn\tab-open_btn_over.dds"                                   , "20"   , "28"    , "dds"
"ui\uef\game\tab-btn\tab-open_btn_up.dds"                                     , "20"   , "28"    , "dds"
"ui\uef\game\tab-dock-left-btn\tab-dock-l_btn_dis.dds"                        , "24"   , "44"    , "dds"
"ui\uef\game\tab-dock-left-btn\tab-dock-l_btn_down.dds"                       , "24"   , "44"    , "dds"
"ui\uef\game\tab-dock-left-btn\tab-dock-l_btn_over.dds"                       , "24"   , "44"    , "dds"
"ui\uef\game\tab-dock-left-btn\tab-dock-l_btn_up.dds"                         , "24"   , "44"    , "dds"
"ui\uef\game\tab-dock-left-btn\tab-dock-r_btn_dis.dds"                        , "24"   , "44"    , "dds"
"ui\uef\game\tab-dock-left-btn\tab-dock-r_btn_down.dds"                       , "24"   , "44"    , "dds"
"ui\uef\game\tab-dock-left-btn\tab-dock-r_btn_over.dds"                       , "24"   , "44"    , "dds"
"ui\uef\game\tab-dock-left-btn\tab-dock-r_btn_up.dds"                         , "24"   , "44"    , "dds"
"ui\uef\game\tab-dock-right-btn\tab-dock-l_btn_dis.dds"                       , "24"   , "44"    , "dds"
"ui\uef\game\tab-dock-right-btn\tab-dock-l_btn_down.dds"                      , "24"   , "44"    , "dds"
"ui\uef\game\tab-dock-right-btn\tab-dock-l_btn_over.dds"                      , "24"   , "44"    , "dds"
"ui\uef\game\tab-dock-right-btn\tab-dock-l_btn_up.dds"                        , "24"   , "44"    , "dds"
"ui\uef\game\tab-dock-right-btn\tab-dock-r_btn_dis.dds"                       , "24"   , "44"    , "dds"
"ui\uef\game\tab-dock-right-btn\tab-dock-r_btn_down.dds"                      , "24"   , "44"    , "dds"
"ui\uef\game\tab-dock-right-btn\tab-dock-r_btn_over.dds"                      , "24"   , "44"    , "dds"
"ui\uef\game\tab-dock-right-btn\tab-dock-r_btn_up.dds"                        , "24"   , "44"    , "dds"
"ui\uef\game\tab-l-btn\tab-close_btn_dis.dds"                                 , "20"   , "28"    , "dds"
"ui\uef\game\tab-l-btn\tab-close_btn_dis.png"                                 , "20"   , "28"    , "png"
"ui\uef\game\tab-l-btn\tab-close_btn_down.dds"                                , "20"   , "28"    , "dds"
"ui\uef\game\tab-l-btn\tab-close_btn_down.png"                                , "20"   , "28"    , "png"
"ui\uef\game\tab-l-btn\tab-close_btn_over.dds"                                , "20"   , "28"    , "dds"
"ui\uef\game\tab-l-btn\tab-close_btn_over.png"                                , "20"   , "28"    , "png"
"ui\uef\game\tab-l-btn\tab-close_btn_up.dds"                                  , "20"   , "28"    , "dds"
"ui\uef\game\tab-l-btn\tab-close_btn_up.png"                                  , "20"   , "28"    , "png"
"ui\uef\game\tab-l-btn\tab-open_btn_dis.dds"                                  , "20"   , "28"    , "dds"
"ui\uef\game\tab-l-btn\tab-open_btn_dis.png"                                  , "20"   , "28"    , "png"
"ui\uef\game\tab-l-btn\tab-open_btn_down.dds"                                 , "20"   , "28"    , "dds"
"ui\uef\game\tab-l-btn\tab-open_btn_down.png"                                 , "20"   , "28"    , "png"
"ui\uef\game\tab-l-btn\tab-open_btn_over.dds"                                 , "20"   , "28"    , "dds"
"ui\uef\game\tab-l-btn\tab-open_btn_over.png"                                 , "20"   , "28"    , "png"
"ui\uef\game\tab-l-btn\tab-open_btn_up.dds"                                   , "20"   , "28"    , "dds"
"ui\uef\game\tab-l-btn\tab-open_btn_up.png"                                   , "20"   , "28"    , "png"
"ui\uef\game\tab-r-btn\tab-close_btn_dis.dds"                                 , "20"   , "28"    , "dds"
"ui\uef\game\tab-r-btn\tab-close_btn_dis.png"                                 , "20"   , "28"    , "png"
"ui\uef\game\tab-r-btn\tab-close_btn_down.dds"                                , "20"   , "28"    , "dds"
"ui\uef\game\tab-r-btn\tab-close_btn_down.png"                                , "20"   , "28"    , "png"
"ui\uef\game\tab-r-btn\tab-close_btn_over.dds"                                , "20"   , "28"    , "dds"
"ui\uef\game\tab-r-btn\tab-close_btn_over.png"                                , "20"   , "28"    , "png"
"ui\uef\game\tab-r-btn\tab-close_btn_up.dds"                                  , "20"   , "28"    , "dds"
"ui\uef\game\tab-r-btn\tab-close_btn_up.png"                                  , "20"   , "28"    , "png"
"ui\uef\game\tab-r-btn\tab-open_btn_dis.dds"                                  , "20"   , "28"    , "dds"
"ui\uef\game\tab-r-btn\tab-open_btn_dis.png"                                  , "20"   , "28"    , "png"
"ui\uef\game\tab-r-btn\tab-open_btn_down.dds"                                 , "20"   , "28"    , "dds"
"ui\uef\game\tab-r-btn\tab-open_btn_down.png"                                 , "20"   , "28"    , "png"
"ui\uef\game\tab-r-btn\tab-open_btn_over.dds"                                 , "20"   , "28"    , "dds"
"ui\uef\game\tab-r-btn\tab-open_btn_over.png"                                 , "20"   , "28"    , "png"
"ui\uef\game\tab-r-btn\tab-open_btn_up.dds"                                   , "20"   , "28"    , "dds"
"ui\uef\game\tab-r-btn\tab-open_btn_up.png"                                   , "20"   , "28"    , "png"
"ui\uef\game\tab-t-btn\tab-close_btn_dis.dds"                                 , "28"   , "20"    , "dds"
"ui\uef\game\tab-t-btn\tab-close_btn_dis.png"                                 , "28"   , "20"    , "png"
"ui\uef\game\tab-t-btn\tab-close_btn_down.dds"                                , "28"   , "20"    , "dds"
"ui\uef\game\tab-t-btn\tab-close_btn_down.png"                                , "28"   , "20"    , "png"
"ui\uef\game\tab-t-btn\tab-close_btn_over.dds"                                , "28"   , "20"    , "dds"
"ui\uef\game\tab-t-btn\tab-close_btn_over.png"                                , "28"   , "20"    , "png"
"ui\uef\game\tab-t-btn\tab-close_btn_up.dds"                                  , "28"   , "20"    , "dds"
"ui\uef\game\tab-t-btn\tab-close_btn_up.png"                                  , "28"   , "20"    , "png"
"ui\uef\game\tab-t-btn\tab-open_btn_dis.dds"                                  , "28"   , "20"    , "dds"
"ui\uef\game\tab-t-btn\tab-open_btn_dis.png"                                  , "28"   , "20"    , "png"
"ui\uef\game\tab-t-btn\tab-open_btn_down.dds"                                 , "28"   , "20"    , "dds"
"ui\uef\game\tab-t-btn\tab-open_btn_down.png"                                 , "28"   , "20"    , "png"
"ui\uef\game\tab-t-btn\tab-open_btn_over.dds"                                 , "28"   , "20"    , "dds"
"ui\uef\game\tab-t-btn\tab-open_btn_over.png"                                 , "28"   , "20"    , "png"
"ui\uef\game\tab-t-btn\tab-open_btn_up.dds"                                   , "28"   , "20"    , "dds"
"ui\uef\game\tab-t-btn\tab-open_btn_up.png"                                   , "28"   , "20"    , "png"
"ui\uef\game\temp_textures\checkmark_dark.dds"                                , "16"   , "16"    , "dds"
"ui\uef\game\temp_textures\checkmark.dds"                                     , "16"   , "16"    , "dds"
"ui\uef\game\temp_textures\combo_sel.dds"                                     , "20"   , "20"    , "dds"
"ui\uef\game\temp_textures\combo_up.dds"                                      , "20"   , "20"    , "dds"
"ui\uef\game\temp_textures\mouse.dds"                                         , "52"   , "52"    , "dds"
"ui\uef\game\toggle_btn\icon-allied-victory_bmp.dds"                          , "84"   , "28"    , "dds"
"ui\uef\game\toggle_btn\icon-shared-resources_bmp.dds"                        , "84"   , "28"    , "dds"
"ui\uef\game\toggle_btn\toggle-d_btn_dis.dds"                                 , "84"   , "28"    , "dds"
"ui\uef\game\toggle_btn\toggle-d_btn_down.dds"                                , "84"   , "28"    , "dds"
"ui\uef\game\toggle_btn\toggle-d_btn_over.dds"                                , "84"   , "28"    , "dds"
"ui\uef\game\toggle_btn\toggle-d_btn_up.dds"                                  , "84"   , "28"    , "dds"
"ui\uef\game\toggle_btn\toggle-s_btn_dis.dds"                                 , "84"   , "28"    , "dds"
"ui\uef\game\toggle_btn\toggle-s_btn_down.dds"                                , "84"   , "28"    , "dds"
"ui\uef\game\toggle_btn\toggle-s_btn_over.dds"                                , "84"   , "28"    , "dds"
"ui\uef\game\toggle_btn\toggle-s_btn_up.dds"                                  , "84"   , "28"    , "dds"
"ui\uef\game\toggle-lg_btn\toggle-d_btn_dis.dds"                              , "112"  , "28"    , "dds"
"ui\uef\game\toggle-lg_btn\toggle-d_btn_down.dds"                             , "112"  , "28"    , "dds"
"ui\uef\game\toggle-lg_btn\toggle-d_btn_over.dds"                             , "112"  , "28"    , "dds"
"ui\uef\game\toggle-lg_btn\toggle-d_btn_up.dds"                               , "112"  , "28"    , "dds"
"ui\uef\game\toggle-lg_btn\toggle-s_btn_dis.dds"                              , "112"  , "28"    , "dds"
"ui\uef\game\toggle-lg_btn\toggle-s_btn_down.dds"                             , "112"  , "28"    , "dds"
"ui\uef\game\toggle-lg_btn\toggle-s_btn_over.dds"                             , "112"  , "28"    , "dds"
"ui\uef\game\toggle-lg_btn\toggle-s_btn_up.dds"                               , "112"  , "28"    , "dds"
"ui\uef\game\transmission\title-bar_bmp.dds"                                  , "188"  , "20"    , "dds"
"ui\uef\game\transmission\video-brackets.dds"                                 , "244"  , "232"   , "dds"
"ui\uef\game\transmission\video-panel_bmp.dds"                                , "248"  , "240"   , "dds"
"ui\uef\game\transmission\video-panel.dds"                                    , "208"  , "208"   , "dds"
"ui\uef\game\unit-build-over-panel\bracket-build_bmp.dds"                     , "344"  , "132"   , "dds"
"ui\uef\game\unit-build-over-panel\bracket-unit_bmp.dds"                      , "32"   , "120"   , "dds"
"ui\uef\game\unit-build-over-panel\build-over-back_bmp.dds"                   , "332"  , "116"   , "dds"
"ui\uef\game\unit-build-over-panel\fuelbar.dds"                               , "188"  , "4"     , "dds"
"ui\uef\game\unit-build-over-panel\healthbar_bg.dds"                          , "188"  , "20"    , "dds"
"ui\uef\game\unit-build-over-panel\healthbar_green.dds"                       , "192"  , "24"    , "dds"
"ui\uef\game\unit-build-over-panel\healthbar_red.dds"                         , "192"  , "24"    , "dds"
"ui\uef\game\unit-build-over-panel\healthbar_yellow.dds"                      , "192"  , "24"    , "dds"
"ui\uef\game\unit-build-over-panel\shieldbar.dds"                             , "188"  , "4"     , "dds"
"ui\uef\game\unit-build-over-panel\unit-over-back_bmp.dds"                    , "332"  , "116"   , "dds"
"warButton.png"                                                               , "60"   , "61"    , "png"
